deal_id,order_id,client_id,symbol,side,lots,price,time,book,lp,lp_exec_id
900001,700001,C1007,EURUSD,SELL,4.9,1.16252,2025-10-15 11:30:16.768,B,,
900002,700002,C1029,XAUUSD,BUY,0.43,4086.09,2025-10-15 11:30:27.176,B,,
900003,700003,C1025,XAUUSD,SELL,4.22,4085.53,2025-10-15 11:30:27.885,B,,
900004,700004,C1041,XAUUSD,SELL,1.5,4085.76,2025-10-15 11:30:34.538,A,LP_C,LP_C-E000001
900005,700004,C1041,XAUUSD,SELL,3.0,4085.73,2025-10-15 11:30:34.548,A,LP_A,LP_A-E000001
900006,700004,C1041,XAUUSD,SELL,2.0,4085.67,2025-10-15 11:30:34.587,A,LP_B,LP_B-E000001
900007,700005,C1040,EURUSD,SELL,2.62,1.16244,2025-10-15 11:30:43.631,A,LP_A,LP_A-E000002
900008,700006,C1032,GBPUSD,SELL,0.71,1.33473,2025-10-15 11:30:46.782,B,,
900009,700007,C1023,EURUSD,SELL,4.7,1.16252,2025-10-15 11:30:54.597,B,,
900010,700008,C1028,EURUSD,BUY,0.94,1.16264,2025-10-15 11:30:54.785,A,LP_B,LP_B-E000002
900011,700009,C1017,EURUSD,BUY,0.15,1.16264,2025-10-15 11:31:03.427,B,,
900012,700010,C1016,EURUSD,SELL,2.52,1.16246,2025-10-15 11:31:19.326,A,LP_C,LP_C-E000002
900013,700011,C1006,EURUSD,BUY,0.61,1.16265,2025-10-15 11:31:23.720,B,,
900014,700012,C1011,EURUSD,BUY,2.09,1.16263,2025-10-15 11:31:41.099,B,,
900015,700013,C1032,XAUUSD,SELL,2.9,4085.44,2025-10-15 11:31:49.568,B,,
900016,700014,C1043,EURUSD,SELL,0.96,1.16248,2025-10-15 11:32:10.230,A,LP_C,LP_C-E000003
900017,700015,C1041,EURUSD,BUY,3.4,1.16263,2025-10-15 11:32:22.056,A,LP_B,LP_B-E000003
900018,700016,C1045,XAUUSD,BUY,1.31,4085.77,2025-10-15 11:32:26.366,B,,
900019,700017,C1049,XAUUSD,SELL,0.3,4085.46,2025-10-15 11:32:27.737,A,LP_C,LP_C-E000004
900020,700018,C1030,XAUUSD,SELL,1.0,4085.63,2025-10-15 11:32:32.019,A,LP_C,LP_C-E000005
900021,700019,C1007,XAUUSD,SELL,6.7,4085.83,2025-10-15 11:32:33.596,B,,
900022,700020,C1023,EURUSD,BUY,3.4,1.16267,2025-10-15 11:32:45.715,B,,
900023,700021,C1058,EURUSD,SELL,0.4,1.16265,2025-10-15 11:32:46.389,B,,
900024,700022,C1011,EURUSD,BUY,0.67,1.16276,2025-10-15 11:32:46.506,B,,
900025,700023,C1036,EURUSD,SELL,1.13,1.16258,2025-10-15 11:32:49.939,B,,
900026,700024,C1001,XAUUSD,BUY,0.39,4086.01,2025-10-15 11:32:50.588,A,LP_B,LP_B-E000004
900027,700025,C1034,EURUSD,BUY,0.93,1.16265,2025-10-15 11:32:54.717,B,,
900028,700026,C1058,EURUSD,SELL,0.37,1.16262,2025-10-15 11:32:56.029,B,,
900029,700027,C1022,GBPUSD,SELL,2.37,1.33478,2025-10-15 11:32:57.115,B,,
900030,700028,C1045,GBPUSD,SELL,0.49,1.33485,2025-10-15 11:33:00.153,B,,
900031,700029,C1054,EURUSD,SELL,0.4,1.16263,2025-10-15 11:33:02.139,A,LP_C,LP_C-E000006
900032,700030,C1009,EURUSD,SELL,0.62,1.16266,2025-10-15 11:33:06.956,B,,
900033,700031,C1041,XAUUSD,SELL,1.0,4085.76,2025-10-15 11:33:16.151,A,LP_C,LP_C-E000007
900034,700031,C1041,XAUUSD,SELL,2.3,4085.7,2025-10-15 11:33:16.186,A,LP_B,LP_B-E000005
900035,700032,C1056,EURUSD,BUY,2.32,1.16267,2025-10-15 11:33:16.925,A,LP_A,LP_A-E000003
900036,700033,C1014,XAUUSD,BUY,0.83,4085.83,2025-10-15 11:33:23.637,B,,
900037,700034,C1048,XAUUSD,SELL,1.13,4085.47,2025-10-15 11:33:27.320,B,,
900038,700035,C1001,EURUSD,SELL,0.99,1.16264,2025-10-15 11:33:28.236,A,LP_A,LP_A-E000004
900039,700036,C1008,GBPUSD,SELL,0.26,1.33477,2025-10-15 11:33:29.253,A,LP_A,LP_A-E000005
900040,700037,C1055,EURUSD,BUY,1.39,1.16274,2025-10-15 11:33:29.769,A,LP_A,LP_A-E000006
900041,700038,C1004,XAUUSD,SELL,1.07,4085.52,2025-10-15 11:33:29.917,B,,
900042,700039,C1014,XAUUSD,SELL,0.48,4085.77,2025-10-15 11:33:30.356,B,,
900043,700040,C1034,XAUUSD,SELL,2.24,4085.79,2025-10-15 11:33:31.505,B,,
900044,700041,C1030,GBPUSD,BUY,1.17,1.33495,2025-10-15 11:33:35.010,A,LP_B,LP_B-E000006
900045,700042,C1020,XAUUSD,BUY,1.95,4086.45,2025-10-15 11:33:39.107,B,,
900046,700043,C1049,EURUSD,SELL,0.92,1.16255,2025-10-15 11:33:39.678,A,LP_A,LP_A-E000007
900047,700044,C1001,EURUSD,SELL,0.93,1.16263,2025-10-15 11:33:41.690,A,LP_A,LP_A-E000008
900048,700045,C1057,XAUUSD,SELL,0.56,4086.08,2025-10-15 11:33:46.959,B,,
900049,700046,C1019,XAUUSD,BUY,1.95,4086.68,2025-10-15 11:33:48.015,A,LP_B,LP_B-E000007
900050,700047,C1003,EURUSD,SELL,0.44,1.16253,2025-10-15 11:33:52.702,A,LP_A,LP_A-E000009
900051,700048,C1058,EURUSD,BUY,0.47,1.16263,2025-10-15 11:33:57.325,B,,
900052,700049,C1001,EURUSD,BUY,2.35,1.16263,2025-10-15 11:34:01.788,A,LP_B,LP_B-E000008
900053,700050,C1057,XAUUSD,SELL,2.13,4086.42,2025-10-15 11:34:03.664,B,,
900054,700051,C1049,XAUUSD,BUY,0.35,4086.97,2025-10-15 11:34:07.374,A,LP_C,LP_C-E000008
900055,700052,C1014,XAUUSD,SELL,1.21,4086.62,2025-10-15 11:34:11.920,B,,
900056,700053,C1052,XAUUSD,BUY,0.84,4086.71,2025-10-15 11:34:17.494,A,LP_A,LP_A-E000010
900057,700054,C1013,XAUUSD,SELL,1.04,4086.3,2025-10-15 11:34:19.211,A,LP_A,LP_A-E000011
900058,700055,C1038,EURUSD,SELL,0.91,1.16258,2025-10-15 11:34:24.895,B,,
900059,700056,C1031,XAUUSD,SELL,0.37,4086.25,2025-10-15 11:34:25.073,A,LP_A,LP_A-E000012
900060,700057,C1044,XAUUSD,SELL,2.28,4086.25,2025-10-15 11:34:25.405,A,LP_A,LP_A-E000013
900061,700058,C1041,EURUSD,BUY,6.6,1.16259,2025-10-15 11:34:36.460,A,LP_A,LP_A-E000014
900062,700059,C1044,EURUSD,BUY,0.18,1.16266,2025-10-15 11:34:38.058,A,LP_C,LP_C-E000009
900063,700060,C1023,EURUSD,SELL,3.2,1.16254,2025-10-15 11:34:40.499,B,,
900064,700061,C1030,EURUSD,BUY,1.98,1.16262,2025-10-15 11:34:43.958,A,LP_A,LP_A-E000015
900065,700062,C1026,EURUSD,SELL,0.55,1.16252,2025-10-15 11:34:52.684,B,,
900066,700063,C1041,XAUUSD,BUY,3.0,4086.53,2025-10-15 11:35:03.337,A,LP_A,LP_A-E000016
900067,700063,C1041,XAUUSD,BUY,2.0,4086.64,2025-10-15 11:35:03.375,A,LP_B,LP_B-E000009
900068,700064,C1054,EURUSD,BUY,0.7,1.16255,2025-10-15 11:35:04.668,A,LP_A,LP_A-E000017
900069,700065,C1021,EURUSD,SELL,0.31,1.16244,2025-10-15 11:35:05.653,B,,
900070,700066,C1021,XAUUSD,BUY,0.84,4086.72,2025-10-15 11:35:07.602,B,,
900071,700067,C1007,EURUSD,BUY,8.7,1.16254,2025-10-15 11:35:12.517,B,,
900072,700068,C1033,GBPUSD,SELL,0.37,1.33485,2025-10-15 11:35:15.629,B,,
900073,700069,C1006,XAUUSD,BUY,0.43,4086.5,2025-10-15 11:35:29.362,B,,
900074,700070,C1009,EURUSD,SELL,1.55,1.16256,2025-10-15 11:35:42.584,B,,
900075,700071,C1026,XAUUSD,SELL,6.62,4085.8,2025-10-15 11:35:47.000,B,,
900076,700072,C1060,EURUSD,BUY,0.26,1.16269,2025-10-15 11:35:49.064,B,,
900077,700073,C1003,EURUSD,BUY,0.2,1.16268,2025-10-15 11:35:54.160,A,LP_A,LP_A-E000018
900078,700074,C1035,GBPUSD,BUY,3.52,1.33514,2025-10-15 11:35:55.552,B,,
900079,700075,C1043,GBPUSD,BUY,1.77,1.33512,2025-10-15 11:35:59.460,A,LP_C,LP_C-E000010
900080,700076,C1053,EURUSD,SELL,0.61,1.16247,2025-10-15 11:36:00.422,B,,
900081,700077,C1003,XAUUSD,BUY,0.5,4086.59,2025-10-15 11:36:05.956,A,LP_A,LP_A-E000019
900082,700078,C1022,GBPUSD,SELL,0.26,1.33489,2025-10-15 11:36:13.144,B,,
900083,700079,C1010,EURUSD,BUY,2.26,1.16256,2025-10-15 11:36:19.332,A,LP_A,LP_A-E000020
900084,700080,C1043,GBPUSD,BUY,2.06,1.33513,2025-10-15 11:36:25.845,A,LP_C,LP_C-E000011
900085,700081,C1045,GBPUSD,BUY,3.49,1.33511,2025-10-15 11:36:34.040,B,,
900086,700082,C1001,XAUUSD,BUY,0.15,4086.46,2025-10-15 11:36:41.982,A,LP_C,LP_C-E000012
900087,700083,C1050,XAUUSD,BUY,0.3,4086.67,2025-10-15 11:36:42.362,A,LP_A,LP_A-E000021
900088,700084,C1042,EURUSD,BUY,2.46,1.1626,2025-10-15 11:36:47.923,A,LP_C,LP_C-E000013
900089,700085,C1059,EURUSD,BUY,0.32,1.16259,2025-10-15 11:36:49.314,B,,
900090,700086,C1028,EURUSD,BUY,1.41,1.16258,2025-10-15 11:36:52.945,A,LP_A,LP_A-E000022
900091,700087,C1052,EURUSD,BUY,0.45,1.16249,2025-10-15 11:36:54.872,A,LP_C,LP_C-E000014
900092,700088,C1040,EURUSD,BUY,1.64,1.16257,2025-10-15 11:36:58.148,A,LP_A,LP_A-E000023
900093,700089,C1017,XAUUSD,BUY,5.36,4086.82,2025-10-15 11:36:59.846,B,,
900094,700090,C1041,EURUSD,SELL,7.9,1.16247,2025-10-15 11:37:06.689,A,LP_A,LP_A-E000024
900095,700091,C1031,XAUUSD,BUY,1.39,4086.77,2025-10-15 11:37:12.709,A,LP_A,LP_A-E000025
900096,700092,C1009,XAUUSD,SELL,0.68,4086.4,2025-10-15 11:37:23.404,B,,
900097,700093,C1022,GBPUSD,BUY,0.24,1.33516,2025-10-15 11:37:26.221,B,,
900098,700094,C1028,XAUUSD,BUY,1.0,4086.55,2025-10-15 11:37:31.158,A,LP_C,LP_C-E000015
900099,700094,C1028,XAUUSD,BUY,0.54,4086.61,2025-10-15 11:37:31.166,A,LP_A,LP_A-E000026
900100,700095,C1001,EURUSD,SELL,1.91,1.16243,2025-10-15 11:37:36.670,A,LP_A,LP_A-E000027
900101,700096,C1006,EURUSD,SELL,0.65,1.16237,2025-10-15 11:37:45.482,B,,
900102,700097,C1025,XAUUSD,SELL,0.71,4085.95,2025-10-15 11:37:46.670,B,,
900103,700098,C1023,XAUUSD,BUY,9.7,4086.08,2025-10-15 11:38:01.384,B,,
900104,700099,C1012,XAUUSD,SELL,1.73,4085.93,2025-10-15 11:38:03.943,A,LP_B,LP_B-E000010
900105,700100,C1003,XAUUSD,BUY,1.0,4086.27,2025-10-15 11:38:06.479,A,LP_C,LP_C-E000016
900106,700100,C1003,XAUUSD,BUY,0.8899999999999999,4086.33,2025-10-15 11:38:06.487,A,LP_A,LP_A-E000028
900107,700101,C1054,XAUUSD,BUY,0.93,4086.13,2025-10-15 11:38:08.183,A,LP_A,LP_A-E000029
900108,700102,C1005,XAUUSD,BUY,1.23,4086.19,2025-10-15 11:38:15.957,B,,
900109,700103,C1035,GBPUSD,SELL,1.91,1.33504,2025-10-15 11:38:35.411,B,,
900110,700104,C1043,EURUSD,BUY,0.59,1.16266,2025-10-15 11:38:39.956,A,LP_B,LP_B-E000011
900111,700105,C1007,EURUSD,BUY,4.6,1.16262,2025-10-15 11:38:49.981,B,,
900112,700106,C1015,GBPUSD,SELL,0.68,1.33502,2025-10-15 11:38:56.542,B,,
900113,700107,C1038,EURUSD,SELL,6.82,1.16257,2025-10-15 11:38:58.388,B,,
900114,700108,C1057,GBPUSD,BUY,0.68,1.33523,2025-10-15 11:39:03.522,B,,
900115,700109,C1013,EURUSD,BUY,0.98,1.1627,2025-10-15 11:39:07.482,A,LP_A,LP_A-E000030
900116,700110,C1023,EURUSD,SELL,8.5,1.16259,2025-10-15 11:39:16.208,B,,
900117,700111,C1044,XAUUSD,SELL,1.88,4085.52,2025-10-15 11:39:19.534,A,LP_B,LP_B-E000012
900118,700112,C1014,EURUSD,SELL,3.11,1.16258,2025-10-15 11:39:21.409,B,,
900119,700113,C1017,EURUSD,SELL,2.51,1.1625,2025-10-15 11:39:22.905,B,,
900120,700114,C1057,XAUUSD,SELL,0.87,4085.65,2025-10-15 11:39:27.676,B,,
900121,700115,C1006,XAUUSD,SELL,3.04,4085.79,2025-10-15 11:39:34.039,B,,
900122,700116,C1060,EURUSD,SELL,1.56,1.16254,2025-10-15 11:39:43.152,B,,
900123,700117,C1022,XAUUSD,SELL,0.89,4085.99,2025-10-15 11:39:52.246,B,,
900124,700118,C1047,EURUSD,SELL,1.23,1.16255,2025-10-15 11:39:59.745,A,LP_C,LP_C-E000017
900125,700119,C1002,XAUUSD,BUY,0.27,4086.27,2025-10-15 11:40:03.437,B,,
900126,700120,C1039,EURUSD,BUY,3.48,1.16274,2025-10-15 11:40:03.459,B,,
900127,700121,C1023,EURUSD,SELL,3.8,1.16261,2025-10-15 11:40:09.116,B,,
900128,700122,C1045,GBPUSD,SELL,1.92,1.3351,2025-10-15 11:40:13.028,B,,
900129,700123,C1016,GBPUSD,BUY,1.67,1.33524,2025-10-15 11:40:15.571,A,LP_C,LP_C-E000018
900130,700124,C1049,XAUUSD,SELL,2.06,4085.37,2025-10-15 11:40:16.295,A,LP_A,LP_A-E000031
900131,700125,C1051,GBPUSD,SELL,1.17,1.33501,2025-10-15 11:40:17.170,A,LP_C,LP_C-E000019
900132,700126,C1037,GBPUSD,BUY,0.23,1.33523,2025-10-15 11:40:20.579,A,LP_B,LP_B-E000013
900133,700127,C1020,XAUUSD,BUY,0.37,4085.86,2025-10-15 11:40:22.067,B,,
900134,700128,C1017,EURUSD,BUY,0.94,1.16269,2025-10-15 11:40:24.295,B,,
900135,700129,C1026,GBPUSD,BUY,0.6,1.33516,2025-10-15 11:40:27.220,B,,
900136,700130,C1019,GBPUSD,BUY,0.21,1.33524,2025-10-15 11:40:30.705,A,LP_A,LP_A-E000032
900137,700131,C1058,XAUUSD,BUY,0.28,4085.64,2025-10-15 11:40:34.599,B,,
900138,700132,C1034,XAUUSD,BUY,4.28,4085.66,2025-10-15 11:40:41.285,B,,
900139,700133,C1002,EURUSD,BUY,0.54,1.1627,2025-10-15 11:40:43.941,B,,
900140,700134,C1002,EURUSD,BUY,0.78,1.16272,2025-10-15 11:40:47.769,B,,
900141,700135,C1013,GBPUSD,SELL,0.55,1.33503,2025-10-15 11:41:04.582,A,LP_B,LP_B-E000014
900142,700136,C1048,GBPUSD,SELL,0.43,1.33503,2025-10-15 11:41:07.480,B,,
900143,700137,C1032,GBPUSD,BUY,0.21,1.33525,2025-10-15 11:41:08.069,B,,
900144,700138,C1059,GBPUSD,SELL,0.43,1.33504,2025-10-15 11:41:15.043,B,,
900145,700139,C1045,EURUSD,SELL,0.16,1.16265,2025-10-15 11:41:27.389,B,,
900146,700140,C1021,EURUSD,BUY,0.6,1.16275,2025-10-15 11:41:30.672,B,,
900147,700141,C1001,EURUSD,SELL,4.99,1.16259,2025-10-15 11:41:44.564,A,LP_B,LP_B-E000015
900148,700142,C1019,XAUUSD,BUY,0.7,4086.17,2025-10-15 11:41:55.701,A,LP_B,LP_B-E000016
900149,700143,C1020,XAUUSD,SELL,1.31,4085.6,2025-10-15 11:41:56.174,B,,
900150,700144,C1056,EURUSD,BUY,0.76,1.16265,2025-10-15 11:42:00.832,A,LP_C,LP_C-E000020
900151,700145,C1029,EURUSD,SELL,0.9,1.16254,2025-10-15 11:42:01.985,B,,
900152,700146,C1052,EURUSD,SELL,2.96,1.16263,2025-10-15 11:42:17.228,A,LP_A,LP_A-E000033
900153,700148,C1031,XAUUSD,SELL,0.44,4085.73,2025-10-15 11:42:30.282,A,LP_B,LP_B-E000017
900154,700147,C1049,EURUSD,SELL,0.5,1.16253,2025-10-15 11:42:30.312,A,LP_A,LP_A-E000034
900155,700149,C1053,EURUSD,BUY,0.46,1.16273,2025-10-15 11:42:32.246,B,,
900156,700150,C1045,XAUUSD,BUY,6.42,4086.23,2025-10-15 11:42:33.675,B,,
900157,700151,C1005,EURUSD,SELL,1.19,1.16264,2025-10-15 11:42:47.043,B,,
900158,700152,C1015,EURUSD,SELL,0.36,1.16256,2025-10-15 11:42:48.286,B,,
900159,700153,C1003,EURUSD,BUY,0.87,1.16275,2025-10-15 11:42:56.567,A,LP_A,LP_A-E000035
900160,700154,C1033,EURUSD,SELL,0.44,1.16256,2025-10-15 11:43:21.036,B,,
900161,700155,C1041,EURUSD,SELL,7.4,1.16262,2025-10-15 11:43:25.003,A,LP_C,LP_C-E000021
900162,700156,C1043,EURUSD,BUY,10.0,1.1627,2025-10-15 11:43:38.084,A,LP_C,LP_C-E000022
900163,700156,C1043,EURUSD,BUY,0.8499999999999996,1.16271,2025-10-15 11:43:38.093,A,LP_A,LP_A-E000036
900164,700157,C1041,EURUSD,BUY,9.2,1.16262,2025-10-15 11:43:45.418,A,LP_A,LP_A-E000037
900165,700158,C1050,XAUUSD,BUY,2.0,4085.85,2025-10-15 11:43:46.587,A,LP_C,LP_C-E000023
900166,700158,C1050,XAUUSD,BUY,0.2599999999999998,4085.86,2025-10-15 11:43:46.595,A,LP_A,LP_A-E000038
900167,700159,C1014,XAUUSD,SELL,4.43,4085.37,2025-10-15 11:43:52.850,B,,
900168,700160,C1038,GBPUSD,BUY,2.78,1.33496,2025-10-15 11:44:05.067,B,,
900169,700161,C1037,XAUUSD,BUY,0.45,4085.73,2025-10-15 11:44:07.654,A,LP_B,LP_B-E000018
900170,700162,C1013,XAUUSD,SELL,1.0,4085.16,2025-10-15 11:44:07.965,A,LP_C,LP_C-E000024
900171,700162,C1013,XAUUSD,SELL,1.19,4085.14,2025-10-15 11:44:07.972,A,LP_A,LP_A-E000039
900172,700163,C1060,GBPUSD,BUY,0.22,1.33505,2025-10-15 11:44:08.680,B,,
900173,700164,C1020,EURUSD,SELL,0.45,1.16255,2025-10-15 11:44:11.706,B,,
900174,700165,C1047,GBPUSD,BUY,0.23,1.33506,2025-10-15 11:44:25.756,A,LP_A,LP_A-E000040
900175,700166,C1012,XAUUSD,SELL,0.48,4085.52,2025-10-15 11:44:34.756,A,LP_B,LP_B-E000019
900176,700167,C1060,XAUUSD,BUY,0.37,4085.76,2025-10-15 11:44:37.677,B,,
900177,700168,C1051,EURUSD,BUY,0.6,1.16265,2025-10-15 11:44:45.165,A,LP_A,LP_A-E000041
900178,700169,C1001,GBPUSD,SELL,0.52,1.33497,2025-10-15 11:44:46.080,A,LP_C,LP_C-E000025
900179,700170,C1007,EURUSD,SELL,4.0,1.16258,2025-10-15 11:44:50.025,B,,
900180,700171,C1027,XAUUSD,SELL,4.48,4085.19,2025-10-15 11:44:51.553,B,,
900181,700172,C1033,EURUSD,SELL,1.06,1.16248,2025-10-15 11:44:52.554,B,,
900182,700173,C1043,XAUUSD,SELL,1.08,4085.12,2025-10-15 11:45:00.492,A,LP_C,LP_C-E000026
900183,700174,C1051,XAUUSD,SELL,0.16,4085.3,2025-10-15 11:45:08.663,A,LP_A,LP_A-E000042
900184,700175,C1023,EURUSD,SELL,3.8,1.16265,2025-10-15 11:45:11.766,B,,
900185,700176,C1010,XAUUSD,BUY,1.08,4085.64,2025-10-15 11:45:12.908,A,LP_B,LP_B-E000020
900186,700177,C1023,XAUUSD,SELL,3.2,4085.55,2025-10-15 11:45:23.692,B,,
900187,700178,C1060,XAUUSD,BUY,1.71,4086.12,2025-10-15 11:45:31.028,B,,
900188,700179,C1012,EURUSD,BUY,0.8,1.16262,2025-10-15 11:45:33.402,A,LP_C,LP_C-E000027
900189,700180,C1009,XAUUSD,SELL,0.57,4085.71,2025-10-15 11:45:39.067,B,,
900190,700181,C1053,XAUUSD,BUY,3.65,4086.04,2025-10-15 11:45:40.136,B,,
900191,700182,C1012,GBPUSD,SELL,2.52,1.33492,2025-10-15 11:45:43.331,A,LP_C,LP_C-E000028
900192,700183,C1044,EURUSD,BUY,6.24,1.1627,2025-10-15 11:45:45.791,A,LP_C,LP_C-E000029
900193,700184,C1002,GBPUSD,SELL,0.84,1.33484,2025-10-15 11:45:45.945,B,,
900194,700185,C1038,XAUUSD,SELL,1.8,4085.66,2025-10-15 11:45:51.240,B,,
900195,700186,C1056,EURUSD,BUY,0.34,1.16261,2025-10-15 11:46:01.970,A,LP_C,LP_C-E000030
900196,700187,C1014,XAUUSD,SELL,3.0,4085.43,2025-10-15 11:46:04.485,B,,
900197,700188,C1048,XAUUSD,SELL,0.35,4085.09,2025-10-15 11:46:06.047,B,,
900198,700189,C1005,XAUUSD,BUY,0.26,4085.34,2025-10-15 11:46:07.846,B,,
900199,700190,C1041,EURUSD,SELL,5.8,1.1626,2025-10-15 11:46:08.873,A,LP_A,LP_A-E000043
900200,700191,C1030,XAUUSD,SELL,0.61,4084.95,2025-10-15 11:46:13.490,A,LP_A,LP_A-E000044
900201,700192,C1007,XAUUSD,SELL,6.9,4085.21,2025-10-15 11:46:14.377,B,,
900202,700193,C1035,EURUSD,BUY,2.45,1.16272,2025-10-15 11:46:17.886,B,,
900203,700194,C1043,XAUUSD,BUY,0.19,4085.16,2025-10-15 11:46:25.252,A,LP_C,LP_C-E000031
900204,700195,C1019,XAUUSD,SELL,2.61,4084.59,2025-10-15 11:46:25.431,A,LP_B,LP_B-E000021
900205,700196,C1028,EURUSD,BUY,1.09,1.16273,2025-10-15 11:46:26.101,A,LP_A,LP_A-E000045
900206,700197,C1027,EURUSD,BUY,1.1,1.16273,2025-10-15 11:46:27.282,B,,
900207,700198,C1025,XAUUSD,BUY,3.09,4085.11,2025-10-15 11:46:28.443,B,,
900208,700199,C1007,XAUUSD,SELL,8.9,4084.77,2025-10-15 11:46:37.184,B,,
900209,700200,C1049,EURUSD,BUY,0.22,1.16276,2025-10-15 11:46:39.621,A,LP_A,LP_A-E000046
900210,700201,C1038,XAUUSD,SELL,0.26,4084.76,2025-10-15 11:46:40.246,B,,
900211,700202,C1010,EURUSD,SELL,2.43,1.16265,2025-10-15 11:46:41.353,A,LP_C,LP_C-E000032
900212,700203,C1031,EURUSD,SELL,16.34,1.16256,2025-10-15 11:46:45.124,A,LP_A,LP_A-E000047
900213,700204,C1057,EURUSD,BUY,0.4,1.16275,2025-10-15 11:46:45.558,B,,
900214,700205,C1031,GBPUSD,SELL,0.49,1.33475,2025-10-15 11:46:45.812,A,LP_C,LP_C-E000033
900215,700206,C1050,XAUUSD,SELL,1.9,4084.52,2025-10-15 11:46:46.143,A,LP_B,LP_B-E000022
900216,700207,C1031,EURUSD,BUY,1.17,1.16274,2025-10-15 11:46:47.273,A,LP_B,LP_B-E000023
900217,700208,C1037,XAUUSD,BUY,0.23,4085.06,2025-10-15 11:46:47.743,A,LP_A,LP_A-E000048
900218,700209,C1016,EURUSD,SELL,1.94,1.16257,2025-10-15 11:47:03.745,A,LP_A,LP_A-E000049
900219,700210,C1025,XAUUSD,BUY,1.42,4085.77,2025-10-15 11:47:06.293,B,,
900220,700211,C1029,GBPUSD,BUY,0.36,1.33491,2025-10-15 11:47:08.887,B,,
900221,700212,C1057,XAUUSD,SELL,2.41,4085.19,2025-10-15 11:47:10.166,B,,
900222,700213,C1007,EURUSD,SELL,7.0,1.16264,2025-10-15 11:47:11.623,B,,
900223,700214,C1049,EURUSD,SELL,0.54,1.16256,2025-10-15 11:47:11.923,A,LP_C,LP_C-E000034
900224,700215,C1055,XAUUSD,BUY,0.71,4085.9,2025-10-15 11:47:14.094,A,LP_B,LP_B-E000024
900225,700216,C1041,EURUSD,BUY,3.3,1.16266,2025-10-15 11:47:15.152,A,LP_A,LP_A-E000050
900226,700217,C1004,GBPUSD,BUY,12.68,1.33487,2025-10-15 11:47:17.348,B,,
900227,700218,C1020,GBPUSD,SELL,0.04,1.33465,2025-10-15 11:47:17.432,B,,
900228,700219,C1043,XAUUSD,SELL,0.37,4085.28,2025-10-15 11:47:22.010,A,LP_C,LP_C-E000035
900229,700220,C1004,EURUSD,SELL,1.7,1.16254,2025-10-15 11:47:37.014,B,,
900230,700221,C1023,XAUUSD,SELL,5.2,4085.37,2025-10-15 11:47:39.194,B,,
900231,700222,C1023,XAUUSD,BUY,8.8,4085.54,2025-10-15 11:47:45.955,B,,
900232,700223,C1028,XAUUSD,SELL,0.73,4085.11,2025-10-15 11:47:53.655,A,LP_A,LP_A-E000051
900233,700224,C1046,XAUUSD,SELL,1.5,4085.05,2025-10-15 11:47:54.440,A,LP_C,LP_C-E000036
900234,700225,C1030,EURUSD,SELL,0.78,1.16254,2025-10-15 11:48:04.807,A,LP_B,LP_B-E000025
900235,700226,C1052,EURUSD,SELL,0.68,1.16262,2025-10-15 11:48:04.876,A,LP_B,LP_B-E000026
900236,700227,C1052,EURUSD,SELL,3.63,1.1626,2025-10-15 11:48:10.196,A,LP_A,LP_A-E000052
900237,700228,C1050,GBPUSD,BUY,10.0,1.33502,2025-10-15 11:48:10.496,A,LP_C,LP_C-E000037
900238,700228,C1050,GBPUSD,BUY,3.7300000000000004,1.33504,2025-10-15 11:48:10.504,A,LP_A,LP_A-E000053
900239,700229,C1053,EURUSD,SELL,1.01,1.16252,2025-10-15 11:48:25.605,B,,
900240,700230,C1046,XAUUSD,SELL,0.46,4085.55,2025-10-15 11:48:27.827,A,LP_C,LP_C-E000038
900241,700231,C1023,XAUUSD,BUY,3.5,4086.11,2025-10-15 11:48:36.413,B,,
900242,700232,C1037,XAUUSD,BUY,4.25,4086.44,2025-10-15 11:48:39.234,A,LP_A,LP_A-E000054
900243,700233,C1032,EURUSD,SELL,0.97,1.16253,2025-10-15 11:48:51.454,B,,
900244,700234,C1002,EURUSD,BUY,3.68,1.16272,2025-10-15 11:48:54.893,B,,
900245,700235,C1034,EURUSD,SELL,1.57,1.16262,2025-10-15 11:49:05.059,B,,
900246,700236,C1050,GBPUSD,BUY,3.04,1.33509,2025-10-15 11:49:05.751,A,LP_A,LP_A-E000055
900247,700237,C1022,EURUSD,BUY,1.94,1.16271,2025-10-15 11:49:09.374,B,,
900248,700238,C1041,XAUUSD,SELL,6.0,4086.26,2025-10-15 11:49:09.812,A,LP_A,LP_A-E000056
900249,700238,C1041,XAUUSD,SELL,2.0,4086.24,2025-10-15 11:49:09.848,A,LP_B,LP_B-E000027
900250,700239,C1033,GBPUSD,SELL,0.25,1.33487,2025-10-15 11:49:11.518,B,,
900251,700240,C1025,GBPUSD,SELL,0.69,1.33488,2025-10-15 11:49:14.803,B,,
900252,700241,C1041,EURUSD,SELL,3.1,1.1626,2025-10-15 11:49:15.627,A,LP_A,LP_A-E000057
900253,700243,C1015,EURUSD,BUY,0.67,1.16269,2025-10-15 11:49:21.888,B,,
900254,700242,C1041,EURUSD,SELL,9.7,1.16258,2025-10-15 11:49:21.929,A,LP_A,LP_A-E000058
900255,700244,C1057,XAUUSD,BUY,0.44,4086.42,2025-10-15 11:49:32.113,B,,
900256,700245,C1051,XAUUSD,BUY,0.16,4086.58,2025-10-15 11:49:39.362,A,LP_A,LP_A-E000059
900257,700246,C1047,EURUSD,BUY,0.58,1.16272,2025-10-15 11:49:47.183,A,LP_A,LP_A-E000060
900258,700247,C1004,XAUUSD,SELL,0.52,4086.11,2025-10-15 11:49:48.525,B,,
900259,700248,C1035,EURUSD,SELL,0.97,1.16253,2025-10-15 11:49:49.771,B,,
900260,700249,C1051,GBPUSD,BUY,1.53,1.33517,2025-10-15 11:49:53.453,A,LP_A,LP_A-E000061
900261,700250,C1020,GBPUSD,BUY,0.54,1.33518,2025-10-15 11:49:55.917,B,,
900262,700251,C1049,GBPUSD,BUY,1.71,1.3352,2025-10-15 11:50:08.086,A,LP_A,LP_A-E000062
900263,700252,C1056,XAUUSD,SELL,2.0,4086.14,2025-10-15 11:50:09.942,A,LP_C,LP_C-E000039
900264,700252,C1056,XAUUSD,SELL,1.4,4086.13,2025-10-15 11:50:09.949,A,LP_A,LP_A-E000063
900265,700253,C1007,XAUUSD,BUY,7.4,4086.41,2025-10-15 11:50:14.437,B,,
900266,700254,C1020,EURUSD,SELL,0.85,1.16252,2025-10-15 11:50:21.078,B,,
900267,700255,C1003,GBPUSD,BUY,0.95,1.33517,2025-10-15 11:50:23.638,A,LP_A,LP_A-E000064
900268,700256,C1008,GBPUSD,BUY,0.68,1.33517,2025-10-15 11:50:25.525,A,LP_C,LP_C-E000040
900269,700257,C1018,XAUUSD,BUY,0.66,4086.83,2025-10-15 11:50:34.688,B,,
900270,700258,C1025,XAUUSD,BUY,3.01,4087.07,2025-10-15 11:50:37.657,B,,
900271,700259,C1030,EURUSD,SELL,1.34,1.16262,2025-10-15 11:50:49.800,A,LP_C,LP_C-E000041
900272,700260,C1059,XAUUSD,BUY,0.65,4087.1,2025-10-15 11:50:52.534,B,,
900273,700261,C1011,EURUSD,BUY,2.57,1.16279,2025-10-15 11:50:53.412,B,,
900274,700262,C1052,EURUSD,BUY,0.41,1.16272,2025-10-15 11:50:56.091,A,LP_A,LP_A-E000065
900275,700263,C1032,GBPUSD,BUY,0.36,1.33517,2025-10-15 11:51:03.867,B,,
900276,700264,C1014,GBPUSD,SELL,1.47,1.33508,2025-10-15 11:51:07.474,B,,
900277,700265,C1033,GBPUSD,BUY,0.21,1.33522,2025-10-15 11:51:11.348,B,,
900278,700266,C1012,XAUUSD,BUY,0.91,4086.92,2025-10-15 11:51:15.436,A,LP_B,LP_B-E000028
900279,700267,C1060,XAUUSD,BUY,1.86,4086.72,2025-10-15 11:51:38.592,B,,
900280,700268,C1036,EURUSD,SELL,6.28,1.16268,2025-10-15 11:51:41.285,B,,
900281,700269,C1036,GBPUSD,SELL,0.75,1.33498,2025-10-15 11:51:49.181,B,,
900282,700270,C1035,EURUSD,BUY,0.11,1.1629,2025-10-15 11:51:54.815,B,,
900283,700271,C1055,XAUUSD,SELL,2.53,4086.18,2025-10-15 11:51:56.847,A,LP_A,LP_A-E000066
900284,700272,C1007,EURUSD,BUY,20.0,1.15775,2025-10-15 11:52:13.524,B,,
900285,700273,C1041,EURUSD,BUY,10.0,1.16275,2025-10-15 11:52:13.655,A,LP_A,LP_A-E000067
900286,700274,C1033,XAUUSD,SELL,2.51,4086.82,2025-10-15 11:52:14.148,B,,
900287,700275,C1029,EURUSD,BUY,2.41,1.16284,2025-10-15 11:52:16.142,B,,
900288,700276,C1011,EURUSD,SELL,0.69,1.16265,2025-10-15 11:52:19.411,B,,
900289,700277,C1017,GBPUSD,BUY,10.97,1.33515,2025-10-15 11:52:21.460,B,,
900290,700278,C1025,EURUSD,BUY,0.75,1.16282,2025-10-15 11:52:23.686,B,,
900291,700279,C1017,XAUUSD,SELL,1.23,4087.69,2025-10-15 11:52:47.597,B,,
900292,700280,C1027,XAUUSD,SELL,10.87,4087.74,2025-10-15 11:53:00.557,B,,
900293,700281,C1045,GBPUSD,SELL,1.38,1.33491,2025-10-15 11:53:02.571,B,,
900294,700282,C1025,XAUUSD,SELL,0.13,4087.56,2025-10-15 11:53:07.522,B,,
900295,700283,C1047,XAUUSD,SELL,0.57,4087.39,2025-10-15 11:53:13.949,A,LP_A,LP_A-E000068
900296,700284,C1042,EURUSD,BUY,1.68,1.16289,2025-10-15 11:53:25.440,A,LP_A,LP_A-E000069
900297,700285,C1014,EURUSD,BUY,0.54,1.16279,2025-10-15 11:53:30.768,B,,
900298,700286,C1015,GBPUSD,SELL,0.37,1.33484,2025-10-15 11:53:31.453,B,,
900299,700287,C1026,EURUSD,SELL,1.35,1.16277,2025-10-15 11:53:31.703,B,,
900300,700288,C1041,EURUSD,BUY,3.7,1.1628,2025-10-15 11:53:35.258,A,LP_C,LP_C-E000042
900301,700289,C1029,EURUSD,BUY,2.08,1.16289,2025-10-15 11:53:38.886,B,,
900302,700290,C1022,EURUSD,SELL,0.18,1.16266,2025-10-15 11:53:59.429,B,,
900303,700291,C1012,GBPUSD,SELL,1.36,1.33496,2025-10-15 11:54:01.472,A,LP_A,LP_A-E000070
900304,700292,C1055,EURUSD,SELL,0.78,1.16264,2025-10-15 11:54:04.329,A,LP_C,LP_C-E000043
900305,700293,C1023,EURUSD,SELL,7.8,1.16272,2025-10-15 11:54:04.687,B,,
900306,700294,C1052,XAUUSD,BUY,1.09,4087.33,2025-10-15 11:54:08.338,A,LP_C,LP_C-E000044
900307,700295,C1007,EURUSD,SELL,8.7,1.16274,2025-10-15 11:54:31.024,B,,
900308,700296,C1035,XAUUSD,BUY,2.34,4087.8,2025-10-15 11:54:33.771,B,,
900309,700297,C1057,GBPUSD,BUY,0.58,1.33514,2025-10-15 11:54:34.695,B,,
900310,700298,C1057,EURUSD,SELL,0.54,1.16265,2025-10-15 11:54:34.720,B,,
900311,700299,C1039,XAUUSD,BUY,3.47,4087.81,2025-10-15 11:54:35.177,B,,
900312,700300,C1026,EURUSD,BUY,2.26,1.16276,2025-10-15 11:54:36.401,B,,
900313,700301,C1008,XAUUSD,SELL,0.43,4087.11,2025-10-15 11:54:47.422,A,LP_A,LP_A-E000071
900314,700302,C1052,EURUSD,SELL,1.02,1.16269,2025-10-15 11:54:49.548,A,LP_A,LP_A-E000072
900315,700303,C1046,EURUSD,SELL,1.29,1.16261,2025-10-15 11:54:50.467,A,LP_C,LP_C-E000045
900316,700304,C1004,EURUSD,SELL,0.99,1.16263,2025-10-15 11:54:50.877,B,,
900317,700305,C1052,EURUSD,SELL,0.44,1.1627,2025-10-15 11:54:53.267,A,LP_A,LP_A-E000073
900318,700306,C1023,EURUSD,BUY,5.2,1.16273,2025-10-15 11:54:54.078,B,,
900319,700307,C1028,XAUUSD,SELL,1.35,4087.32,2025-10-15 11:54:55.575,A,LP_A,LP_A-E000074
900320,700309,C1030,EURUSD,BUY,0.46,1.16282,2025-10-15 11:54:56.540,A,LP_A,LP_A-E000075
900321,700308,C1030,EURUSD,SELL,0.68,1.16263,2025-10-15 11:54:56.568,A,LP_C,LP_C-E000046
900322,700310,C1023,XAUUSD,BUY,4.2,4087.66,2025-10-15 11:54:58.736,B,,
900323,700311,C1050,EURUSD,SELL,0.54,1.16261,2025-10-15 11:55:00.727,A,LP_A,LP_A-E000076
900324,700312,C1038,EURUSD,BUY,1.02,1.1627,2025-10-15 11:55:12.006,B,,
900325,700313,C1049,EURUSD,BUY,2.89,1.16278,2025-10-15 11:55:19.707,A,LP_A,LP_A-E000077
900326,700314,C1055,EURUSD,SELL,0.2,1.1626,2025-10-15 11:55:21.627,A,LP_C,LP_C-E000047
900327,700315,C1023,EURUSD,BUY,9.8,1.16273,2025-10-15 11:55:32.124,B,,
900328,700316,C1060,EURUSD,SELL,0.38,1.16262,2025-10-15 11:55:32.233,B,,
900329,700317,C1049,EURUSD,SELL,2.07,1.16265,2025-10-15 11:55:40.332,A,LP_C,LP_C-E000048
900330,700318,C1050,EURUSD,SELL,0.24,1.16264,2025-10-15 11:55:41.350,A,LP_A,LP_A-E000078
900331,700319,C1051,XAUUSD,SELL,0.45,4087.43,2025-10-15 11:55:48.531,A,LP_C,LP_C-E000049
900332,700320,C1002,EURUSD,BUY,0.22,1.16281,2025-10-15 11:55:53.204,B,,
900333,700321,C1024,EURUSD,BUY,0.66,1.16281,2025-10-15 11:55:54.505,B,,
900334,700322,C1027,GBPUSD,SELL,0.43,1.33504,2025-10-15 11:56:05.958,B,,
900335,700323,C1059,XAUUSD,SELL,0.94,4087.41,2025-10-15 11:56:08.189,B,,
900336,700324,C1023,XAUUSD,SELL,7.8,4087.7,2025-10-15 11:56:17.964,B,,
900337,700325,C1054,XAUUSD,SELL,0.79,4087.72,2025-10-15 11:56:18.861,A,LP_A,LP_A-E000079
900338,700326,C1032,EURUSD,SELL,0.95,1.16264,2025-10-15 11:56:20.516,B,,
900339,700327,C1023,XAUUSD,SELL,4.4,4087.81,2025-10-15 11:56:21.022,B,,
900340,700328,C1041,XAUUSD,BUY,2.0,4088.01,2025-10-15 11:56:25.665,A,LP_C,LP_C-E000050
900341,700328,C1041,XAUUSD,BUY,6.0,4088.04,2025-10-15 11:56:25.674,A,LP_A,LP_A-E000080
900342,700328,C1041,XAUUSD,BUY,1.5999999999999996,4088.05,2025-10-15 11:56:25.711,A,LP_B,LP_B-E000029
900343,700329,C1009,EURUSD,BUY,0.58,1.16274,2025-10-15 11:56:31.907,B,,
900344,700330,C1009,EURUSD,BUY,1.51,1.16276,2025-10-15 11:56:41.255,B,,
900345,700331,C1026,GBPUSD,SELL,0.23,1.335,2025-10-15 11:56:41.671,B,,
900346,700332,C1015,XAUUSD,BUY,0.19,4087.95,2025-10-15 11:57:01.114,B,,
900347,700333,C1019,EURUSD,BUY,2.62,1.16288,2025-10-15 11:57:01.294,A,LP_C,LP_C-E000051
900348,700334,C1003,GBPUSD,SELL,2.38,1.33491,2025-10-15 11:57:08.336,A,LP_C,LP_C-E000052
900349,700335,C1016,EURUSD,BUY,2.18,1.16288,2025-10-15 11:57:09.453,A,LP_B,LP_B-E000030
900350,700336,C1029,GBPUSD,SELL,1.67,1.33492,2025-10-15 11:57:15.134,B,,
900351,700337,C1032,EURUSD,SELL,1.92,1.16267,2025-10-15 11:57:30.991,B,,
900352,700338,C1021,EURUSD,BUY,1.39,1.16286,2025-10-15 11:57:31.231,B,,
900353,700339,C1031,EURUSD,BUY,0.72,1.16285,2025-10-15 11:57:33.312,A,LP_C,LP_C-E000053
900354,700340,C1024,XAUUSD,SELL,1.52,4087.93,2025-10-15 11:57:39.757,B,,
900355,700341,C1047,XAUUSD,SELL,0.29,4087.96,2025-10-15 11:57:40.258,A,LP_A,LP_A-E000081
900356,700342,C1028,EURUSD,BUY,1.35,1.16287,2025-10-15 11:57:55.936,A,LP_A,LP_A-E000082
900357,700343,C1010,XAUUSD,SELL,0.57,4088.12,2025-10-15 11:58:07.378,A,LP_A,LP_A-E000083
900358,700344,C1043,EURUSD,BUY,0.73,1.16289,2025-10-15 11:58:13.336,A,LP_C,LP_C-E000054
900359,700345,C1058,GBPUSD,BUY,1.84,1.335,2025-10-15 11:58:20.506,B,,
900360,700346,C1044,EURUSD,SELL,1.83,1.16268,2025-10-15 11:58:24.242,A,LP_A,LP_A-E000084
900361,700347,C1016,EURUSD,BUY,0.97,1.16288,2025-10-15 11:58:25.404,A,LP_C,LP_C-E000055
900362,700348,C1032,XAUUSD,SELL,1.12,4087.97,2025-10-15 11:58:32.757,B,,
900363,700349,C1010,GBPUSD,SELL,1.19,1.33492,2025-10-15 11:58:39.238,A,LP_A,LP_A-E000085
900364,700350,C1022,XAUUSD,BUY,0.62,4088.51,2025-10-15 11:58:42.422,B,,
900365,700351,C1056,EURUSD,SELL,0.25,1.16275,2025-10-15 11:58:51.618,A,LP_A,LP_A-E000086
900366,700352,C1058,XAUUSD,SELL,0.1,4087.74,2025-10-15 11:59:08.064,B,,
900367,700353,C1025,EURUSD,BUY,0.94,1.16292,2025-10-15 11:59:16.668,B,,
900368,700354,C1041,EURUSD,BUY,4.6,1.16282,2025-10-15 11:59:26.092,A,LP_C,LP_C-E000056
900369,700355,C1005,GBPUSD,BUY,1.14,1.33503,2025-10-15 11:59:41.193,B,,
900370,700356,C1012,GBPUSD,BUY,0.72,1.33502,2025-10-15 11:59:43.191,A,LP_B,LP_B-E000031
900371,700357,C1017,XAUUSD,BUY,0.99,4087.96,2025-10-15 11:59:46.637,B,,
900372,700358,C1050,EURUSD,SELL,0.71,1.16272,2025-10-15 11:59:49.577,A,LP_A,LP_A-E000087
900373,700359,C1040,EURUSD,SELL,0.21,1.16272,2025-10-15 11:59:50.335,A,LP_C,LP_C-E000057
900374,700360,C1013,EURUSD,SELL,3.12,1.16272,2025-10-15 11:59:52.651,A,LP_C,LP_C-E000058
900375,700361,C1039,GBPUSD,SELL,0.99,1.33488,2025-10-15 11:59:53.673,B,,
900376,700362,C1024,XAUUSD,SELL,0.86,4087.31,2025-10-15 12:00:00.765,B,,
900377,700363,C1050,EURUSD,BUY,0.59,1.1629,2025-10-15 12:00:03.546,A,LP_A,LP_A-E000088
900378,700364,C1010,EURUSD,SELL,0.15,1.16278,2025-10-15 12:00:10.081,A,LP_C,LP_C-E000059
900379,700365,C1041,EURUSD,BUY,2.0,1.16282,2025-10-15 12:00:11.070,A,LP_C,LP_C-E000060
900380,700366,C1057,XAUUSD,SELL,1.55,4087.47,2025-10-15 12:00:20.177,B,,
900381,700367,C1020,XAUUSD,BUY,1.28,4088.18,2025-10-15 12:00:25.524,B,,
900382,700368,C1009,EURUSD,BUY,4.47,1.16278,2025-10-15 12:00:30.311,B,,
900383,700369,C1043,GBPUSD,BUY,1.72,1.33523,2025-10-15 12:00:31.164,A,LP_B,LP_B-E000032
900384,700370,C1044,EURUSD,BUY,0.4,1.16287,2025-10-15 12:00:32.000,A,LP_A,LP_A-E000089
900385,700371,C1030,EURUSD,BUY,8.3,1.16288,2025-10-15 12:00:38.473,A,LP_A,LP_A-E000090
900386,700372,C1033,XAUUSD,BUY,6.4,4088.07,2025-10-15 12:00:41.479,B,,
900387,700373,C1041,EURUSD,SELL,9.2,1.16276,2025-10-15 12:00:41.863,A,LP_A,LP_A-E000091
900388,700374,C1019,EURUSD,SELL,3.26,1.16268,2025-10-15 12:00:42.836,A,LP_C,LP_C-E000061
900389,700375,C1006,GBPUSD,SELL,1.07,1.33503,2025-10-15 12:00:44.383,B,,
900390,700376,C1055,EURUSD,SELL,0.97,1.16267,2025-10-15 12:00:44.984,A,LP_A,LP_A-E000092
900391,700377,C1022,XAUUSD,SELL,0.26,4087.59,2025-10-15 12:00:47.306,B,,
900392,700378,C1057,XAUUSD,BUY,0.26,4088.01,2025-10-15 12:01:02.613,B,,
900393,700379,C1034,GBPUSD,BUY,0.81,1.33521,2025-10-15 12:01:02.822,B,,
900394,700380,C1023,XAUUSD,BUY,9.9,4087.81,2025-10-15 12:01:03.564,B,,
900395,700381,C1041,EURUSD,SELL,8.5,1.16277,2025-10-15 12:01:05.498,A,LP_A,LP_A-E000093
900396,700382,C1012,EURUSD,SELL,0.62,1.16278,2025-10-15 12:01:07.874,A,LP_C,LP_C-E000062
900397,700383,C1005,XAUUSD,BUY,3.78,4087.89,2025-10-15 12:01:12.460,B,,
900398,700384,C1049,XAUUSD,BUY,0.84,4088.16,2025-10-15 12:01:23.319,A,LP_C,LP_C-E000063
900399,700385,C1028,XAUUSD,SELL,1.94,4087.94,2025-10-15 12:01:35.607,A,LP_A,LP_A-E000094
900400,700386,C1031,XAUUSD,BUY,2.15,4088.67,2025-10-15 12:01:45.727,A,LP_A,LP_A-E000095
900401,700387,C1025,GBPUSD,SELL,1.24,1.335,2025-10-15 12:01:47.566,B,,
900402,700388,C1057,EURUSD,SELL,0.3,1.16273,2025-10-15 12:01:52.220,B,,
900403,700389,C1008,XAUUSD,SELL,0.92,4088.16,2025-10-15 12:02:07.145,A,LP_C,LP_C-E000064
900404,700390,C1001,XAUUSD,SELL,3.05,4088.51,2025-10-15 12:02:09.012,A,LP_A,LP_A-E000096
900405,700391,C1024,XAUUSD,BUY,1.19,4088.81,2025-10-15 12:02:11.478,B,,
900406,700392,C1016,EURUSD,SELL,0.5,1.16273,2025-10-15 12:02:13.860,A,LP_C,LP_C-E000065
900407,700393,C1007,EURUSD,BUY,2.7,1.16284,2025-10-15 12:02:19.230,B,,
900408,700394,C1023,XAUUSD,SELL,5.7,4088.33,2025-10-15 12:02:21.652,B,,
900409,700395,C1032,XAUUSD,BUY,0.54,4088.78,2025-10-15 12:02:23.073,B,,
900410,700396,C1005,XAUUSD,SELL,0.56,4088.16,2025-10-15 12:02:39.488,B,,
900411,700397,C1043,EURUSD,BUY,0.54,1.16295,2025-10-15 12:02:40.843,A,LP_C,LP_C-E000066
900412,700398,C1034,XAUUSD,SELL,0.12,4088.25,2025-10-15 12:02:44.557,B,,
900413,700399,C1034,XAUUSD,SELL,5.83,4088.11,2025-10-15 12:02:53.366,B,,
900414,700400,C1046,XAUUSD,BUY,1.18,4088.51,2025-10-15 12:02:53.963,A,LP_A,LP_A-E000097
900415,700401,C1012,EURUSD,SELL,0.38,1.16287,2025-10-15 12:02:54.655,A,LP_A,LP_A-E000098
900416,700402,C1035,EURUSD,SELL,1.35,1.1628,2025-10-15 12:02:57.449,B,,
900417,700403,C1041,EURUSD,SELL,9.1,1.16286,2025-10-15 12:03:01.760,A,LP_B,LP_B-E000033
900418,700404,C1023,EURUSD,SELL,7.5,1.16284,2025-10-15 12:03:04.699,B,,
900419,700405,C1017,XAUUSD,BUY,0.81,4088.22,2025-10-15 12:03:12.633,B,,
900420,700406,C1060,XAUUSD,SELL,2.3,4087.66,2025-10-15 12:03:13.992,B,,
900421,700407,C1046,EURUSD,BUY,8.2,1.16298,2025-10-15 12:03:17.358,A,LP_A,LP_A-E000099
900422,700408,C1004,EURUSD,SELL,2.05,1.1628,2025-10-15 12:03:21.296,B,,
900423,700409,C1013,EURUSD,BUY,0.86,1.16298,2025-10-15 12:03:21.398,A,LP_B,LP_B-E000034
900424,700410,C1019,EURUSD,BUY,3.68,1.16299,2025-10-15 12:03:26.541,A,LP_A,LP_A-E000100
900425,700411,C1057,XAUUSD,BUY,0.77,4087.86,2025-10-15 12:03:29.250,B,,
900426,700412,C1018,XAUUSD,SELL,1.89,4087.15,2025-10-15 12:03:38.441,B,,
900427,700413,C1038,EURUSD,SELL,1.02,1.16287,2025-10-15 12:03:45.498,B,,
900428,700414,C1014,XAUUSD,BUY,2.46,4087.4,2025-10-15 12:03:47.266,B,,
900429,700415,C1043,GBPUSD,BUY,1.74,1.33518,2025-10-15 12:03:57.991,A,LP_C,LP_C-E000067
900430,700416,C1057,XAUUSD,BUY,0.44,4087.6,2025-10-15 12:04:03.733,B,,
900431,700417,C1007,XAUUSD,SELL,7.3,4087.45,2025-10-15 12:04:06.505,B,,
900432,700418,C1038,EURUSD,BUY,0.92,1.1629,2025-10-15 12:04:19.097,B,,
900433,700419,C1023,XAUUSD,SELL,5.0,4087.57,2025-10-15 12:04:21.541,B,,
900434,700420,C1005,GBPUSD,BUY,1.36,1.33514,2025-10-15 12:04:28.577,B,,
900435,700421,C1051,XAUUSD,BUY,1.0,4087.98,2025-10-15 12:04:29.296,A,LP_C,LP_C-E000068
900436,700421,C1051,XAUUSD,BUY,3.0,4088.0,2025-10-15 12:04:29.306,A,LP_A,LP_A-E000101
900437,700421,C1051,XAUUSD,BUY,2.0,4088.02,2025-10-15 12:04:29.349,A,LP_B,LP_B-E000035
900438,700422,C1052,EURUSD,SELL,0.93,1.16291,2025-10-15 12:04:42.483,A,LP_C,LP_C-E000069
900439,700423,C1019,XAUUSD,BUY,6.0,4088.48,2025-10-15 12:05:00.644,A,LP_A,LP_A-E000102
900440,700423,C1019,XAUUSD,BUY,1.0,4088.58,2025-10-15 12:05:00.790,A,LP_C,LP_C-E000070
900441,700423,C1019,XAUUSD,BUY,1.5199999999999996,4088.6,2025-10-15 12:05:00.828,A,LP_B,LP_B-E000036
900442,700424,C1007,XAUUSD,BUY,2.1,4088.4,2025-10-15 12:05:05.355,B,,
900443,700425,C1040,GBPUSD,BUY,0.68,1.33521,2025-10-15 12:05:07.347,A,LP_B,LP_B-E000037
900444,700426,C1007,XAUUSD,BUY,5.0,4088.4,2025-10-15 12:05:08.059,B,,
900445,700427,C1023,XAUUSD,BUY,5.0,4088.4,2025-10-15 12:05:09.749,B,,
900446,700428,C1041,XAUUSD,BUY,4.5,4089.03,2025-10-15 12:05:11.492,A,LP_A,LP_A-E000103
900447,700429,C1006,XAUUSD,SELL,0.16,4088.72,2025-10-15 12:05:12.516,B,,
900448,700430,C1001,XAUUSD,BUY,5.59,4089.2,2025-10-15 12:05:13.178,A,LP_A,LP_A-E000104
900449,700431,C1007,XAUUSD,BUY,5.0,4088.4,2025-10-15 12:05:14.019,B,,
900450,700432,C1023,XAUUSD,BUY,5.0,4088.4,2025-10-15 12:05:15.724,B,,
900451,700433,C1041,XAUUSD,BUY,1.5,4089.28,2025-10-15 12:05:17.625,A,LP_C,LP_C-E000071
900452,700433,C1041,XAUUSD,BUY,3.0,4089.29,2025-10-15 12:05:17.637,A,LP_A,LP_A-E000105
900453,700434,C1007,XAUUSD,BUY,5.0,4088.4,2025-10-15 12:05:20.037,B,,
900454,700435,C1023,XAUUSD,BUY,5.0,4088.4,2025-10-15 12:05:21.733,B,,
900455,700436,C1006,EURUSD,BUY,0.4,1.16302,2025-10-15 12:05:23.341,B,,
900456,700437,C1041,XAUUSD,BUY,5.0,4089.64,2025-10-15 12:05:23.676,A,LP_A,LP_A-E000106
900457,700438,C1007,XAUUSD,BUY,5.0,4088.4,2025-10-15 12:05:26.050,B,,
900458,700439,C1025,EURUSD,SELL,0.28,1.1628,2025-10-15 12:05:27.545,B,,
900459,700440,C1023,XAUUSD,BUY,5.0,4088.4,2025-10-15 12:05:27.720,B,,
900460,700441,C1041,XAUUSD,BUY,3.0,4090.08,2025-10-15 12:05:29.632,A,LP_A,LP_A-E000107
900461,700442,C1007,XAUUSD,BUY,5.0,4088.4,2025-10-15 12:05:32.049,B,,
900462,700443,C1038,EURUSD,BUY,4.94,1.16289,2025-10-15 12:05:32.110,B,,
900463,700444,C1023,XAUUSD,BUY,5.0,4088.4,2025-10-15 12:05:33.752,B,,
900464,700445,C1015,EURUSD,BUY,1.02,1.16295,2025-10-15 12:05:34.380,B,,
900465,700446,C1041,XAUUSD,BUY,3.0,4090.28,2025-10-15 12:05:35.608,A,LP_A,LP_A-E000108
900466,700447,C1007,XAUUSD,BUY,5.0,4088.4,2025-10-15 12:05:38.024,B,,
900467,700448,C1023,XAUUSD,BUY,5.0,4088.4,2025-10-15 12:05:39.766,B,,
900468,700449,C1041,XAUUSD,BUY,4.5,4090.55,2025-10-15 12:05:41.487,A,LP_A,LP_A-E000109
900469,700450,C1007,XAUUSD,BUY,5.0,4088.4,2025-10-15 12:05:44.044,B,,
900470,700451,C1023,XAUUSD,BUY,5.0,4088.4,2025-10-15 12:05:45.769,B,,
900471,700452,C1041,XAUUSD,BUY,4.5,4090.79,2025-10-15 12:05:47.477,A,LP_A,LP_A-E000110
900472,700453,C1007,XAUUSD,BUY,5.0,4088.4,2025-10-15 12:05:50.064,B,,
900473,700454,C1056,XAUUSD,SELL,0.36,4090.68,2025-10-15 12:05:51.147,A,LP_A,LP_A-E000111
900474,700455,C1007,XAUUSD,SELL,8.8,4090.75,2025-10-15 12:05:51.160,B,,
900475,700456,C1023,XAUUSD,BUY,5.0,4088.4,2025-10-15 12:05:51.727,B,,
900476,700457,C1035,XAUUSD,BUY,2.08,4088.6,2025-10-15 12:05:52.347,B,,
900477,700459,C1011,XAUUSD,BUY,0.78,4088.6,2025-10-15 12:05:53.541,B,,
900478,700458,C1041,XAUUSD,BUY,1.0,4090.99,2025-10-15 12:05:53.655,A,LP_C,LP_C-E000072
900479,700458,C1041,XAUUSD,BUY,4.0,4091.0,2025-10-15 12:05:53.664,A,LP_A,LP_A-E000112
900480,700460,C1031,XAUUSD,BUY,1.0,4091.19,2025-10-15 12:05:54.113,A,LP_C,LP_C-E000073
900481,700460,C1031,XAUUSD,BUY,1.23,4091.2,2025-10-15 12:05:54.119,A,LP_A,LP_A-E000113
900482,700461,C1007,XAUUSD,BUY,5.0,4088.4,2025-10-15 12:05:56.073,B,,
900483,700462,C1023,XAUUSD,BUY,5.0,4088.4,2025-10-15 12:05:57.758,B,,
900484,700463,C1041,XAUUSD,BUY,4.5,4091.49,2025-10-15 12:05:59.632,A,LP_A,LP_A-E000114
900485,700464,C1044,EURUSD,BUY,1.63,1.16298,2025-10-15 12:06:00.374,A,LP_C,LP_C-E000074
900486,700465,C1050,XAUUSD,BUY,2.06,4091.83,2025-10-15 12:06:00.914,A,LP_A,LP_A-E000115
900487,700466,C1007,XAUUSD,BUY,5.0,4088.4,2025-10-15 12:06:02.071,B,,
900488,700467,C1023,XAUUSD,BUY,5.0,4088.4,2025-10-15 12:06:03.742,B,,
900489,700468,C1041,XAUUSD,BUY,4.5,4091.91,2025-10-15 12:06:05.622,A,LP_A,LP_A-E000116
900490,700469,C1007,XAUUSD,BUY,5.0,4088.4,2025-10-15 12:06:08.026,B,,
900491,700470,C1023,XAUUSD,BUY,5.0,4088.4,2025-10-15 12:06:09.749,B,,
900492,700471,C1041,XAUUSD,BUY,5.0,4092.24,2025-10-15 12:06:11.505,A,LP_A,LP_A-E000117
900493,700472,C1032,EURUSD,BUY,2.53,1.16299,2025-10-15 12:06:11.510,B,,
900494,700473,C1007,XAUUSD,BUY,5.0,4088.4,2025-10-15 12:06:14.065,B,,
900495,700474,C1023,XAUUSD,BUY,5.0,4088.4,2025-10-15 12:06:15.763,B,,
900496,700475,C1041,XAUUSD,BUY,3.0,4092.37,2025-10-15 12:06:17.633,A,LP_A,LP_A-E000118
900497,700476,C1014,EURUSD,SELL,0.42,1.16289,2025-10-15 12:06:18.317,B,,
900498,700477,C1018,EURUSD,BUY,1.7,1.16291,2025-10-15 12:06:19.456,B,,
900499,700478,C1007,XAUUSD,BUY,5.0,4088.4,2025-10-15 12:06:20.039,B,,
900500,700479,C1023,XAUUSD,BUY,5.0,4088.4,2025-10-15 12:06:21.728,B,,
900501,700480,C1041,XAUUSD,BUY,4.5,4092.78,2025-10-15 12:06:23.493,A,LP_A,LP_A-E000119
900502,700481,C1022,XAUUSD,SELL,0.49,4092.45,2025-10-15 12:06:23.660,B,,
900503,700482,C1044,EURUSD,SELL,0.65,1.1628,2025-10-15 12:06:23.987,A,LP_A,LP_A-E000120
900504,700483,C1007,XAUUSD,BUY,5.0,4088.4,2025-10-15 12:06:26.046,B,,
900505,700484,C1025,EURUSD,SELL,0.5,1.16279,2025-10-15 12:06:26.495,B,,
900506,700485,C1023,XAUUSD,BUY,5.0,4088.4,2025-10-15 12:06:27.737,B,,
900507,700486,C1052,GBPUSD,BUY,3.2,1.33529,2025-10-15 12:06:39.609,A,LP_A,LP_A-E000121
900508,700487,C1001,GBPUSD,SELL,0.33,1.33523,2025-10-15 12:06:40.836,A,LP_A,LP_A-E000122
900509,700488,C1042,GBPUSD,BUY,1.39,1.33537,2025-10-15 12:06:42.276,A,LP_A,LP_A-E000123
900510,700489,C1033,XAUUSD,SELL,1.33,4092.78,2025-10-15 12:06:44.181,B,,
900511,700490,C1060,EURUSD,SELL,0.67,1.16278,2025-10-15 12:06:48.291,B,,
900512,700491,C1046,EURUSD,SELL,0.75,1.1628,2025-10-15 12:06:53.303,A,LP_A,LP_A-E000124
900513,700492,C1056,EURUSD,SELL,0.48,1.1629,2025-10-15 12:06:55.821,A,LP_A,LP_A-E000125
900514,700493,C1054,XAUUSD,BUY,1.5,4093.11,2025-10-15 12:07:08.410,A,LP_C,LP_C-E000075
900515,700493,C1054,XAUUSD,BUY,2.0,4093.14,2025-10-15 12:07:08.450,A,LP_B,LP_B-E000038
900516,700493,C1054,XAUUSD,BUY,0.33000000000000007,4093.17,2025-10-15 12:07:08.459,A,LP_A,LP_A-E000126
900517,700494,C1007,XAUUSD,BUY,7.5,4093.04,2025-10-15 12:07:11.568,B,,
900518,700495,C1041,EURUSD,BUY,9.3,1.16292,2025-10-15 12:07:15.169,A,LP_B,LP_B-E000039
900519,700496,C1028,EURUSD,BUY,1.43,1.16302,2025-10-15 12:07:19.631,A,LP_A,LP_A-E000127
900520,700497,C1035,EURUSD,BUY,2.21,1.16303,2025-10-15 12:07:21.461,B,,
900521,700498,C1052,EURUSD,SELL,0.5,1.16294,2025-10-15 12:07:27.370,A,LP_A,LP_A-E000128
900522,700499,C1005,XAUUSD,BUY,1.77,4093.08,2025-10-15 12:07:33.427,B,,
900523,700500,C1059,GBPUSD,SELL,0.9,1.33522,2025-10-15 12:07:40.602,B,,
900524,700501,C1042,GBPUSD,SELL,1.13,1.33523,2025-10-15 12:07:47.646,A,LP_A,LP_A-E000129
900525,700502,C1034,XAUUSD,SELL,0.75,4092.69,2025-10-15 12:07:50.512,B,,
900526,700503,C1018,EURUSD,SELL,0.76,1.16292,2025-10-15 12:08:20.644,B,,
900527,700504,C1021,XAUUSD,SELL,1.71,4092.01,2025-10-15 12:08:26.148,B,,
900528,700505,C1014,EURUSD,SELL,5.55,1.1629,2025-10-15 12:08:26.188,B,,
900529,700506,C1023,EURUSD,BUY,2.3,1.16293,2025-10-15 12:08:30.462,B,,
900530,700507,C1038,XAUUSD,SELL,1.16,4091.88,2025-10-15 12:08:33.561,B,,
900531,700508,C1004,XAUUSD,BUY,1.05,4092.01,2025-10-15 12:08:40.335,B,,
900532,700509,C1051,GBPUSD,SELL,1.86,1.33529,2025-10-15 12:08:40.366,A,LP_A,LP_A-E000130
900533,700510,C1019,EURUSD,BUY,2.14,1.163,2025-10-15 12:08:45.883,A,LP_C,LP_C-E000076
900534,700511,C1008,EURUSD,SELL,3.87,1.16285,2025-10-15 12:09:02.842,A,LP_C,LP_C-E000077
900535,700512,C1025,XAUUSD,SELL,4.7,4091.38,2025-10-15 12:09:02.966,B,,
900536,700513,C1012,GBPUSD,SELL,1.19,1.33541,2025-10-15 12:09:15.162,A,LP_A,LP_A-E000131
900537,700514,C1048,EURUSD,SELL,0.68,1.16287,2025-10-15 12:09:20.590,B,,
900538,700515,C1047,EURUSD,SELL,0.21,1.16285,2025-10-15 12:09:21.170,A,LP_C,LP_C-E000078
900539,700516,C1041,XAUUSD,BUY,4.0,4091.65,2025-10-15 12:09:22.911,A,LP_A,LP_A-E000132
900540,700517,C1014,EURUSD,SELL,0.56,1.16293,2025-10-15 12:09:26.618,B,,
900541,700518,C1056,XAUUSD,SELL,0.11,4091.56,2025-10-15 12:09:34.022,A,LP_C,LP_C-E000079
900542,700519,C1013,EURUSD,SELL,0.85,1.16286,2025-10-15 12:09:39.553,A,LP_A,LP_A-E000133
900543,700520,C1036,XAUUSD,SELL,0.8,4091.4,2025-10-15 12:09:45.037,B,,
900544,700521,C1030,GBPUSD,SELL,0.55,1.33531,2025-10-15 12:09:47.211,A,LP_C,LP_C-E000080
900545,700522,C1023,XAUUSD,BUY,9.2,4091.71,2025-10-15 12:09:47.899,B,,
900546,700523,C1049,EURUSD,SELL,0.23,1.16286,2025-10-15 12:09:52.503,A,LP_B,LP_B-E000040
900547,700524,C1059,EURUSD,BUY,1.57,1.16303,2025-10-15 12:09:55.383,B,,
900548,700525,C1004,XAUUSD,BUY,0.16,4092.02,2025-10-15 12:09:56.719,B,,
900549,700526,C1031,XAUUSD,SELL,1.33,4091.66,2025-10-15 12:09:59.088,A,LP_A,LP_A-E000134
900550,700527,C1041,XAUUSD,BUY,3.0,4092.05,2025-10-15 12:09:59.826,A,LP_A,LP_A-E000135
900551,700527,C1041,XAUUSD,BUY,0.3999999999999999,4092.08,2025-10-15 12:09:59.984,A,LP_C,LP_C-E000081
900552,700528,C1059,XAUUSD,SELL,1.25,4091.7,2025-10-15 12:10:00.842,B,,
900553,700529,C1024,XAUUSD,BUY,4.72,4092.2,2025-10-15 12:10:04.018,B,,
900554,700530,C1053,EURUSD,BUY,2.36,1.16304,2025-10-15 12:10:08.693,B,,
900555,700531,C1013,EURUSD,SELL,0.23,1.16284,2025-10-15 12:10:09.924,A,LP_A,LP_A-E000136
900556,700532,C1041,XAUUSD,SELL,3.0,4091.68,2025-10-15 12:10:12.198,A,LP_A,LP_A-E000137
900557,700532,C1041,XAUUSD,SELL,1.2999999999999998,4091.63,2025-10-15 12:10:12.235,A,LP_B,LP_B-E000041
900558,700533,C1050,EURUSD,BUY,4.95,1.16303,2025-10-15 12:10:13.278,A,LP_A,LP_A-E000138
900559,700534,C1032,GBPUSD,SELL,2.56,1.3353,2025-10-15 12:10:13.592,B,,
900560,700535,C1042,XAUUSD,BUY,1.0,4092.1,2025-10-15 12:10:17.576,A,LP_C,LP_C-E000082
900561,700535,C1042,XAUUSD,BUY,2.59,4092.15,2025-10-15 12:10:17.583,A,LP_A,LP_A-E000139
900562,700536,C1007,EURUSD,SELL,6.3,1.16291,2025-10-15 12:10:17.757,B,,
900563,700537,C1022,EURUSD,BUY,0.45,1.16305,2025-10-15 12:10:27.171,B,,
900564,700538,C1014,EURUSD,BUY,3.98,1.16295,2025-10-15 12:10:32.769,B,,
900565,700539,C1023,XAUUSD,SELL,3.5,4091.93,2025-10-15 12:10:35.168,B,,
900566,700540,C1021,EURUSD,SELL,0.54,1.16284,2025-10-15 12:10:36.299,B,,
900567,700541,C1047,GBPUSD,SELL,0.17,1.33528,2025-10-15 12:10:44.449,A,LP_A,LP_A-E000140
900568,700542,C1049,EURUSD,BUY,0.27,1.16307,2025-10-15 12:10:45.331,A,LP_A,LP_A-E000141
900569,700543,C1011,XAUUSD,BUY,0.54,4092.44,2025-10-15 12:10:47.750,B,,
900570,700544,C1002,XAUUSD,SELL,0.8,4092.06,2025-10-15 12:11:01.928,B,,
900571,700545,C1020,EURUSD,SELL,0.7,1.16291,2025-10-15 12:11:04.379,B,,
900572,700546,C1057,XAUUSD,BUY,2.08,4092.4,2025-10-15 12:11:08.154,B,,
900573,700547,C1047,EURUSD,BUY,2.62,1.16314,2025-10-15 12:11:21.153,A,LP_C,LP_C-E000083
900574,700548,C1003,EURUSD,BUY,0.3,1.16315,2025-10-15 12:11:22.808,A,LP_A,LP_A-E000142
900575,700549,C1018,EURUSD,SELL,0.33,1.16304,2025-10-15 12:11:29.307,B,,
900576,700550,C1011,XAUUSD,SELL,2.21,4091.39,2025-10-15 12:11:36.734,B,,
900577,700551,C1055,XAUUSD,SELL,1.74,4091.38,2025-10-15 12:11:38.479,A,LP_C,LP_C-E000084
900578,700552,C1006,XAUUSD,BUY,3.38,4092.63,2025-10-15 12:12:04.158,B,,
900579,700553,C1031,XAUUSD,BUY,0.88,4092.52,2025-10-15 12:12:08.903,A,LP_C,LP_C-E000085
900580,700554,C1023,XAUUSD,SELL,3.8,4092.17,2025-10-15 12:12:09.391,B,,
900581,700555,C1040,XAUUSD,SELL,2.25,4091.97,2025-10-15 12:12:10.970,A,LP_A,LP_A-E000143
900582,700556,C1041,EURUSD,BUY,2.3,1.16308,2025-10-15 12:12:11.401,A,LP_C,LP_C-E000086
900583,700557,C1046,EURUSD,SELL,0.79,1.16296,2025-10-15 12:12:12.057,A,LP_A,LP_A-E000144
900584,700558,C1003,EURUSD,SELL,0.39,1.16296,2025-10-15 12:12:13.802,A,LP_A,LP_A-E000145
900585,700559,C1023,XAUUSD,BUY,2.1,4092.31,2025-10-15 12:12:14.842,B,,
900586,700560,C1041,EURUSD,SELL,3.7,1.16305,2025-10-15 12:12:14.933,A,LP_A,LP_A-E000146
900587,700561,C1013,EURUSD,SELL,0.24,1.16298,2025-10-15 12:12:19.588,A,LP_C,LP_C-E000087
900588,700562,C1046,EURUSD,BUY,0.62,1.16318,2025-10-15 12:12:19.826,A,LP_A,LP_A-E000147
900589,700563,C1008,GBPUSD,SELL,1.91,1.33514,2025-10-15 12:12:27.968,A,LP_A,LP_A-E000148
900590,700564,C1037,XAUUSD,BUY,2.12,4092.63,2025-10-15 12:12:37.449,A,LP_A,LP_A-E000149
900591,700565,C1005,XAUUSD,SELL,0.66,4092.16,2025-10-15 12:12:41.681,B,,
900592,700566,C1003,XAUUSD,SELL,0.44,4091.94,2025-10-15 12:13:06.671,A,LP_B,LP_B-E000042
900593,700567,C1031,EURUSD,SELL,0.99,1.16294,2025-10-15 12:13:08.153,A,LP_A,LP_A-E000150
900594,700568,C1035,GBPUSD,BUY,2.04,1.33548,2025-10-15 12:13:10.805,B,,
900595,700569,C1045,XAUUSD,BUY,1.49,4092.52,2025-10-15 12:13:21.517,B,,
900596,700570,C1035,EURUSD,SELL,4.39,1.16301,2025-10-15 12:13:29.080,B,,
900597,700571,C1051,EURUSD,SELL,0.22,1.16301,2025-10-15 12:13:29.764,A,LP_C,LP_C-E000088
900598,700572,C1023,EURUSD,SELL,2.6,1.16309,2025-10-15 12:13:31.652,B,,
900599,700573,C1057,EURUSD,BUY,0.5,1.16322,2025-10-15 12:13:34.660,B,,
900600,700574,C1017,GBPUSD,BUY,1.81,1.33551,2025-10-15 12:13:38.332,B,,
900601,700575,C1014,EURUSD,SELL,0.15,1.16314,2025-10-15 12:13:49.577,B,,
900602,700576,C1037,GBPUSD,SELL,2.16,1.33525,2025-10-15 12:13:51.530,A,LP_B,LP_B-E000043
900603,700577,C1043,XAUUSD,BUY,1.0,4092.48,2025-10-15 12:14:10.570,A,LP_C,LP_C-E000089
900604,700578,C1004,XAUUSD,BUY,3.25,4092.4,2025-10-15 12:14:12.995,B,,
900605,700579,C1050,GBPUSD,SELL,0.48,1.33522,2025-10-15 12:14:14.512,A,LP_A,LP_A-E000151
900606,700580,C1016,EURUSD,SELL,0.27,1.16304,2025-10-15 12:14:21.137,A,LP_A,LP_A-E000152
900607,700581,C1002,XAUUSD,BUY,0.67,4092.57,2025-10-15 12:14:23.795,B,,
900608,700582,C1049,EURUSD,BUY,3.67,1.16324,2025-10-15 12:14:27.246,A,LP_C,LP_C-E000090
900609,700583,C1045,XAUUSD,BUY,1.56,4092.24,2025-10-15 12:14:36.072,B,,
900610,700584,C1007,EURUSD,SELL,3.1,1.16311,2025-10-15 12:14:36.505,B,,
900611,700585,C1035,XAUUSD,BUY,0.24,4092.48,2025-10-15 12:14:36.666,B,,
900612,700586,C1015,EURUSD,SELL,2.27,1.163,2025-10-15 12:14:40.924,B,,
900613,700587,C1040,EURUSD,SELL,0.88,1.16296,2025-10-15 12:14:49.210,A,LP_C,LP_C-E000091
900614,700588,C1049,GBPUSD,BUY,1.39,1.33548,2025-10-15 12:15:03.398,A,LP_C,LP_C-E000092
900615,700589,C1055,EURUSD,BUY,0.14,1.16316,2025-10-15 12:15:04.308,A,LP_C,LP_C-E000093
900616,700590,C1017,EURUSD,BUY,5.38,1.16317,2025-10-15 12:15:14.874,B,,
900617,700591,C1009,XAUUSD,BUY,0.41,4091.66,2025-10-15 12:15:18.047,B,,
900618,700592,C1027,XAUUSD,SELL,1.02,4091.29,2025-10-15 12:15:26.012,B,,
900619,700593,C1038,XAUUSD,BUY,1.01,4091.7,2025-10-15 12:15:27.045,B,,
900620,700594,C1059,XAUUSD,SELL,0.68,4091.24,2025-10-15 12:15:32.505,B,,
900621,700595,C1004,XAUUSD,SELL,0.6,4091.24,2025-10-15 12:15:40.835,B,,
900622,700596,C1010,XAUUSD,SELL,1.28,4091.16,2025-10-15 12:15:45.635,A,LP_A,LP_A-E000153
900623,700597,C1020,GBPUSD,BUY,0.18,1.33542,2025-10-15 12:15:53.408,B,,
900624,700598,C1006,EURUSD,SELL,5.5,1.16305,2025-10-15 12:15:54.749,B,,
900625,700599,C1060,EURUSD,BUY,0.99,1.16329,2025-10-15 12:15:58.338,B,,
900626,700600,C1013,XAUUSD,SELL,0.67,4091.04,2025-10-15 12:16:04.358,A,LP_A,LP_A-E000154
900627,700601,C1008,GBPUSD,SELL,3.34,1.33524,2025-10-15 12:16:08.725,A,LP_A,LP_A-E000155
900628,700602,C1043,GBPUSD,SELL,4.48,1.33523,2025-10-15 12:16:13.150,A,LP_A,LP_A-E000156
900629,700603,C1048,EURUSD,SELL,2.82,1.16309,2025-10-15 12:16:14.331,B,,
900630,700604,C1059,XAUUSD,BUY,0.81,4091.51,2025-10-15 12:16:15.893,B,,
900631,700605,C1023,XAUUSD,SELL,7.8,4091.19,2025-10-15 12:16:16.012,B,,
900632,700606,C1010,EURUSD,SELL,5.62,1.16318,2025-10-15 12:16:25.008,A,LP_A,LP_A-E000157
900633,700607,C1032,XAUUSD,BUY,0.62,4091.13,2025-10-15 12:16:31.104,B,,
900634,700608,C1059,XAUUSD,SELL,0.81,4090.59,2025-10-15 12:16:45.896,B,,
900635,700609,C1052,EURUSD,SELL,1.11,1.16318,2025-10-15 12:16:56.643,A,LP_A,LP_A-E000158
900636,700610,C1010,XAUUSD,BUY,1.08,4090.62,2025-10-15 12:17:01.804,A,LP_C,LP_C-E000094
900637,700611,C1007,EURUSD,BUY,3.4,1.16317,2025-10-15 12:17:04.510,B,,
900638,700612,C1034,XAUUSD,SELL,7.75,4090.45,2025-10-15 12:17:04.518,B,,
900639,700613,C1023,XAUUSD,SELL,4.3,4090.42,2025-10-15 12:17:13.595,B,,
900640,700614,C1050,EURUSD,BUY,0.07,1.16329,2025-10-15 12:17:16.443,A,LP_A,LP_A-E000159
900641,700615,C1047,EURUSD,SELL,4.25,1.1631,2025-10-15 12:17:17.490,A,LP_B,LP_B-E000044
900642,700616,C1041,EURUSD,SELL,3.0,1.16316,2025-10-15 12:17:18.796,A,LP_A,LP_A-E000160
900643,700617,C1046,XAUUSD,BUY,0.81,4090.99,2025-10-15 12:17:26.571,A,LP_A,LP_A-E000161
900644,700618,C1049,XAUUSD,SELL,2.12,4090.58,2025-10-15 12:17:35.292,A,LP_A,LP_A-E000162
900645,700619,C1007,XAUUSD,SELL,5.8,4090.77,2025-10-15 12:17:35.667,B,,
900646,700620,C1030,EURUSD,BUY,0.64,1.16325,2025-10-15 12:17:40.801,A,LP_A,LP_A-E000163
900647,700621,C1032,GBPUSD,BUY,4.31,1.3354,2025-10-15 12:17:44.593,B,,
900648,700622,C1056,EURUSD,SELL,1.2,1.16314,2025-10-15 12:17:53.499,A,LP_A,LP_A-E000164
900649,700623,C1012,EURUSD,SELL,1.63,1.16316,2025-10-15 12:17:56.908,A,LP_C,LP_C-E000095
900650,700624,C1007,XAUUSD,BUY,8.8,4090.88,2025-10-15 12:17:57.029,B,,
900651,700625,C1041,XAUUSD,BUY,1.0,4090.99,2025-10-15 12:18:03.215,A,LP_C,LP_C-E000096
900652,700625,C1041,XAUUSD,BUY,1.9,4091.03,2025-10-15 12:18:03.221,A,LP_A,LP_A-E000165
900653,700626,C1038,EURUSD,SELL,0.59,1.16313,2025-10-15 12:18:04.639,B,,
900654,700627,C1032,EURUSD,SELL,3.57,1.16306,2025-10-15 12:18:10.050,B,,
900655,700628,C1032,GBPUSD,BUY,1.64,1.33546,2025-10-15 12:18:16.556,B,,
900656,700629,C1006,EURUSD,SELL,0.64,1.16306,2025-10-15 12:18:18.497,B,,
900657,700630,C1001,EURUSD,BUY,0.86,1.16317,2025-10-15 12:18:44.197,A,LP_C,LP_C-E000097
900658,700631,C1023,XAUUSD,BUY,5.6,4090.72,2025-10-15 12:18:48.126,B,,
900659,700632,C1027,EURUSD,BUY,0.8,1.16325,2025-10-15 12:18:48.725,B,,
900660,700633,C1047,GBPUSD,BUY,1.07,1.33541,2025-10-15 12:18:52.597,A,LP_A,LP_A-E000166
900661,700634,C1049,GBPUSD,SELL,0.29,1.33519,2025-10-15 12:18:52.734,A,LP_B,LP_B-E000045
900662,700635,C1023,EURUSD,SELL,6.0,1.16313,2025-10-15 12:19:02.005,B,,
900663,700636,C1041,XAUUSD,SELL,1.0,4090.64,2025-10-15 12:19:07.014,A,LP_C,LP_C-E000098
900664,700636,C1041,XAUUSD,SELL,3.0,4090.63,2025-10-15 12:19:07.021,A,LP_A,LP_A-E000167
900665,700636,C1041,XAUUSD,SELL,1.9000000000000004,4090.62,2025-10-15 12:19:07.061,A,LP_B,LP_B-E000046
900666,700637,C1029,EURUSD,BUY,1.38,1.16328,2025-10-15 12:19:23.024,B,,
900667,700638,C1021,EURUSD,SELL,0.81,1.16309,2025-10-15 12:19:23.094,B,,
900668,700639,C1037,EURUSD,BUY,0.06,1.16321,2025-10-15 12:19:52.884,A,LP_B,LP_B-E000047
900669,700640,C1038,XAUUSD,SELL,0.67,4090.53,2025-10-15 12:20:00.409,B,,
900670,700641,C1024,GBPUSD,BUY,0.98,1.33553,2025-10-15 12:20:07.376,B,,
900671,700642,C1021,GBPUSD,SELL,0.17,1.33529,2025-10-15 12:20:10.312,B,,
900672,700643,C1046,EURUSD,BUY,7.29,1.16319,2025-10-15 12:20:11.960,A,LP_C,LP_C-E000099
900673,700644,C1035,EURUSD,SELL,0.51,1.16303,2025-10-15 12:20:19.633,B,,
900674,700645,C1014,XAUUSD,BUY,0.13,4090.84,2025-10-15 12:20:36.394,B,,
900675,700646,C1019,GBPUSD,BUY,2.85,1.33542,2025-10-15 12:20:48.088,A,LP_C,LP_C-E000100
900676,700647,C1030,GBPUSD,BUY,1.4,1.33541,2025-10-15 12:21:00.842,A,LP_A,LP_A-E000168
900677,700648,C1007,EURUSD,BUY,6.2,1.1631,2025-10-15 12:21:11.938,B,,
900678,700649,C1045,XAUUSD,SELL,0.62,4090.4,2025-10-15 12:21:16.466,B,,
900679,700650,C1041,EURUSD,SELL,5.4,1.16309,2025-10-15 12:21:21.839,A,LP_A,LP_A-E000169
900680,700651,C1053,EURUSD,BUY,0.38,1.16318,2025-10-15 12:21:23.927,B,,
900681,700652,C1046,XAUUSD,BUY,0.98,4090.45,2025-10-15 12:21:24.779,A,LP_A,LP_A-E000170
900682,700653,C1010,EURUSD,BUY,1.35,1.1631,2025-10-15 12:21:26.688,A,LP_C,LP_C-E000101
900683,700654,C1051,EURUSD,SELL,0.6,1.16298,2025-10-15 12:21:29.652,A,LP_A,LP_A-E000171
900684,700655,C1007,EURUSD,SELL,3.5,1.16307,2025-10-15 12:21:31.045,B,,
900685,700656,C1048,EURUSD,BUY,1.7,1.1632,2025-10-15 12:21:36.768,B,,
900686,700657,C1009,GBPUSD,SELL,2.08,1.33513,2025-10-15 12:21:40.442,B,,
900687,700658,C1003,XAUUSD,SELL,0.82,4089.64,2025-10-15 12:21:53.670,A,LP_B,LP_B-E000048
900688,700659,C1006,EURUSD,SELL,0.14,1.16303,2025-10-15 12:21:59.865,B,,
900689,700660,C1023,EURUSD,SELL,6.7,1.16311,2025-10-15 12:22:00.440,B,,
900690,700661,C1018,XAUUSD,BUY,0.95,4090.08,2025-10-15 12:22:03.854,B,,
900691,700662,C1022,EURUSD,BUY,1.06,1.16322,2025-10-15 12:22:06.768,B,,
900692,700663,C1038,EURUSD,BUY,0.82,1.1631,2025-10-15 12:22:24.370,B,,
900693,700664,C1050,XAUUSD,SELL,1.24,4089.73,2025-10-15 12:22:25.294,A,LP_A,LP_A-E000172
900694,700665,C1052,XAUUSD,SELL,0.47,4089.94,2025-10-15 12:22:26.093,A,LP_C,LP_C-E000102
900695,700666,C1021,XAUUSD,SELL,0.65,4089.79,2025-10-15 12:22:30.233,B,,
900696,700667,C1015,EURUSD,BUY,0.56,1.16322,2025-10-15 12:22:34.230,B,,
900697,700668,C1046,XAUUSD,BUY,1.0,4090.25,2025-10-15 12:22:37.498,A,LP_C,LP_C-E000103
900698,700668,C1046,XAUUSD,BUY,0.050000000000000044,4090.28,2025-10-15 12:22:37.508,A,LP_A,LP_A-E000173
900699,700669,C1038,EURUSD,BUY,0.57,1.16314,2025-10-15 12:22:37.518,B,,
900700,700670,C1046,EURUSD,SELL,0.45,1.16304,2025-10-15 12:22:42.170,A,LP_A,LP_A-E000174
900701,700671,C1007,EURUSD,SELL,5.7,1.16316,2025-10-15 12:22:55.192,B,,
900702,700672,C1056,GBPUSD,BUY,0.69,1.3353,2025-10-15 12:22:56.431,A,LP_A,LP_A-E000175
900703,700673,C1052,EURUSD,BUY,3.71,1.16318,2025-10-15 12:22:59.586,A,LP_C,LP_C-E000104
900704,700674,C1030,GBPUSD,SELL,0.4,1.33515,2025-10-15 12:23:01.579,A,LP_A,LP_A-E000176
900705,700675,C1032,EURUSD,BUY,1.49,1.16327,2025-10-15 12:23:02.856,B,,
900706,700676,C1058,GBPUSD,BUY,4.8,1.33532,2025-10-15 12:23:06.066,B,,
900707,700677,C1023,EURUSD,SELL,3.3,1.16317,2025-10-15 12:23:09.196,B,,
900708,700678,C1059,GBPUSD,SELL,0.46,1.3352,2025-10-15 12:23:09.766,B,,
900709,700679,C1041,XAUUSD,SELL,3.0,4089.38,2025-10-15 12:23:11.366,A,LP_A,LP_A-E000177
900710,700679,C1041,XAUUSD,SELL,0.8999999999999999,4089.3,2025-10-15 12:23:11.407,A,LP_B,LP_B-E000049
900711,700680,C1046,EURUSD,BUY,4.27,1.16327,2025-10-15 12:23:17.289,A,LP_C,LP_C-E000105
900712,700681,C1054,XAUUSD,SELL,3.62,4089.39,2025-10-15 12:23:27.349,A,LP_A,LP_A-E000178
900713,700682,C1039,XAUUSD,BUY,3.38,4089.65,2025-10-15 12:23:41.812,B,,
900714,700683,C1013,EURUSD,SELL,1.14,1.16312,2025-10-15 12:23:50.131,A,LP_A,LP_A-E000179
900715,700684,C1001,XAUUSD,BUY,0.97,4089.44,2025-10-15 12:23:58.443,A,LP_C,LP_C-E000106
900716,700685,C1036,EURUSD,SELL,1.07,1.16311,2025-10-15 12:24:21.613,B,,
900717,700686,C1024,XAUUSD,SELL,1.32,4089.33,2025-10-15 12:24:32.513,B,,
900718,700687,C1009,XAUUSD,BUY,1.0,4089.91,2025-10-15 12:24:34.551,B,,
900719,700688,C1010,EURUSD,BUY,3.13,1.16328,2025-10-15 12:24:40.917,A,LP_C,LP_C-E000107
900720,700689,C1041,EURUSD,BUY,2.8,1.16328,2025-10-15 12:24:42.852,A,LP_A,LP_A-E000180
900721,700690,C1033,XAUUSD,SELL,0.63,4089.77,2025-10-15 12:24:45.979,B,,
900722,700691,C1024,XAUUSD,BUY,0.21,4090.28,2025-10-15 12:24:58.377,B,,
900723,700692,C1017,EURUSD,SELL,0.4,1.16319,2025-10-15 12:25:04.195,B,,
900724,700693,C1056,GBPUSD,BUY,2.78,1.33535,2025-10-15 12:25:10.990,A,LP_A,LP_A-E000181
900725,700694,C1022,EURUSD,SELL,1.82,1.16316,2025-10-15 12:25:13.269,B,,
900726,700695,C1010,XAUUSD,BUY,1.32,4090.14,2025-10-15 12:25:24.914,A,LP_A,LP_A-E000182
900727,700696,C1036,GBPUSD,SELL,0.68,1.33513,2025-10-15 12:25:25.290,B,,
900728,700698,C1008,GBPUSD,SELL,2.76,1.33513,2025-10-15 12:25:38.411,A,LP_C,LP_C-E000109
900729,700697,C1055,EURUSD,BUY,4.26,1.16327,2025-10-15 12:25:38.417,A,LP_C,LP_C-E000108
900730,700699,C1007,XAUUSD,SELL,9.0,4089.88,2025-10-15 12:25:38.547,B,,
900731,700700,C1041,XAUUSD,BUY,1.0,4090.16,2025-10-15 12:26:00.909,A,LP_C,LP_C-E000110
900732,700700,C1041,XAUUSD,BUY,3.0,4090.2,2025-10-15 12:26:00.918,A,LP_A,LP_A-E000183
900733,700700,C1041,XAUUSD,BUY,0.5,4090.23,2025-10-15 12:26:00.954,A,LP_B,LP_B-E000050
900734,700701,C1010,GBPUSD,SELL,0.25,1.33522,2025-10-15 12:26:12.086,A,LP_C,LP_C-E000111
900735,700702,C1018,EURUSD,BUY,0.5,1.16321,2025-10-15 12:26:23.546,B,,
900736,700703,C1031,XAUUSD,BUY,2.71,4090.07,2025-10-15 12:26:30.558,A,LP_A,LP_A-E000184
900737,700704,C1015,XAUUSD,SELL,0.29,4089.5,2025-10-15 12:26:36.971,B,,
900738,700705,C1007,XAUUSD,BUY,5.8,4089.82,2025-10-15 12:26:37.895,B,,
900739,700706,C1002,GBPUSD,BUY,0.91,1.33536,2025-10-15 12:26:38.863,B,,
900740,700707,C1002,EURUSD,SELL,0.92,1.1631,2025-10-15 12:26:40.927,B,,
900741,700708,C1038,EURUSD,BUY,4.96,1.16321,2025-10-15 12:26:45.363,B,,
900742,700709,C1017,XAUUSD,SELL,0.62,4089.52,2025-10-15 12:26:49.663,B,,
900743,700710,C1019,XAUUSD,SELL,0.53,4089.5,2025-10-15 12:26:52.842,A,LP_C,LP_C-E000112
900744,700711,C1025,EURUSD,SELL,7.16,1.16312,2025-10-15 12:26:58.997,B,,
900745,700712,C1051,GBPUSD,BUY,0.46,1.33526,2025-10-15 12:27:21.287,A,LP_A,LP_A-E000185
900746,700713,C1037,GBPUSD,SELL,1.2,1.3351,2025-10-15 12:27:37.283,A,LP_C,LP_C-E000113
900747,700714,C1011,GBPUSD,SELL,0.44,1.33511,2025-10-15 12:27:40.255,B,,
900748,700715,C1050,GBPUSD,BUY,3.12,1.33533,2025-10-15 12:27:41.372,A,LP_A,LP_A-E000186
900749,700716,C1041,XAUUSD,BUY,4.0,4090.35,2025-10-15 12:28:00.586,A,LP_B,LP_B-E000051
900750,700716,C1041,XAUUSD,BUY,1.5,4090.36,2025-10-15 12:28:00.697,A,LP_C,LP_C-E000114
900751,700716,C1041,XAUUSD,BUY,3.0,4090.38,2025-10-15 12:28:00.704,A,LP_A,LP_A-E000187
900752,700717,C1018,GBPUSD,BUY,0.7,1.3353,2025-10-15 12:28:01.066,B,,
900753,700718,C1054,XAUUSD,BUY,1.33,4090.3,2025-10-15 12:28:05.021,A,LP_C,LP_C-E000115
900754,700719,C1028,XAUUSD,BUY,0.87,4090.39,2025-10-15 12:28:07.407,A,LP_C,LP_C-E000116
900755,700720,C1002,EURUSD,BUY,0.34,1.16331,2025-10-15 12:28:09.015,B,,
900756,700721,C1027,EURUSD,BUY,3.88,1.16332,2025-10-15 12:28:14.082,B,,
900757,700722,C1026,EURUSD,BUY,1.25,1.16324,2025-10-15 12:28:24.935,B,,
900758,700723,C1027,GBPUSD,SELL,0.16,1.33517,2025-10-15 12:28:25.752,B,,
900759,700724,C1016,EURUSD,SELL,1.65,1.16312,2025-10-15 12:28:27.929,A,LP_A,LP_A-E000188
900760,700725,C1002,GBPUSD,SELL,0.16,1.33518,2025-10-15 12:28:28.208,B,,
900761,700726,C1009,GBPUSD,BUY,0.48,1.33532,2025-10-15 12:28:30.797,B,,
900762,700727,C1015,GBPUSD,BUY,2.0,1.33539,2025-10-15 12:28:33.207,B,,
900763,700728,C1013,EURUSD,SELL,0.15,1.16314,2025-10-15 12:28:33.904,A,LP_A,LP_A-E000189
900764,700729,C1030,EURUSD,SELL,2.67,1.16308,2025-10-15 12:28:44.291,A,LP_C,LP_C-E000117
900765,700730,C1037,EURUSD,SELL,0.82,1.16307,2025-10-15 12:28:50.513,A,LP_C,LP_C-E000118
900766,700731,C1019,EURUSD,SELL,2.61,1.16307,2025-10-15 12:28:54.003,A,LP_B,LP_B-E000052
900767,700732,C1007,XAUUSD,SELL,4.1,4089.69,2025-10-15 12:29:08.586,B,,
900768,700733,C1007,EURUSD,BUY,3.2,1.1632,2025-10-15 12:29:13.255,B,,
900769,700734,C1047,EURUSD,BUY,1.29,1.16328,2025-10-15 12:29:13.954,A,LP_A,LP_A-E000190
900770,700735,C1040,EURUSD,BUY,2.44,1.16328,2025-10-15 12:29:23.845,A,LP_A,LP_A-E000191
900771,700736,C1032,XAUUSD,BUY,2.4,4089.96,2025-10-15 12:29:44.621,B,,
900772,700737,C1007,EURUSD,BUY,6.3,1.16326,2025-10-15 12:29:45.435,B,,
900773,700738,C1020,XAUUSD,BUY,1.34,4089.76,2025-10-15 12:29:52.326,B,,
900774,700739,C1022,EURUSD,SELL,1.67,1.16313,2025-10-15 12:29:54.530,B,,
900775,700740,C1023,XAUUSD,BUY,6.8,4089.54,2025-10-15 12:29:57.169,B,,
900776,700741,C1032,GBPUSD,BUY,0.95,1.33715,2025-10-15 12:30:01.978,B,,
900777,700742,C1034,EURUSD,BUY,3.95,1.16541,2025-10-15 12:30:03.372,B,,
900778,700743,C1043,XAUUSD,BUY,0.35,4095.78,2025-10-15 12:30:04.201,A,LP_C,LP_C-E000119
900779,700743,C1043,XAUUSD,BUY,1.575,4095.96,2025-10-15 12:30:04.207,A,LP_A,LP_A-E000192
900780,700744,C1058,EURUSD,SELL,2.91,1.16521,2025-10-15 12:30:05.299,B,,
900781,700745,C1053,XAUUSD,BUY,0.9,4095.46,2025-10-15 12:30:06.108,B,,
900782,700746,C1048,GBPUSD,BUY,1.31,1.33735,2025-10-15 12:30:06.836,B,,
900783,700747,C1003,XAUUSD,BUY,0.35,4095.55,2025-10-15 12:30:07.995,A,LP_C,LP_C-E000120
900784,700747,C1003,XAUUSD,BUY,1.5100000000000002,4095.5,2025-10-15 12:30:08.003,A,LP_A,LP_A-E000193
900785,700748,C1007,XAUUSD,BUY,7.0,4095.3,2025-10-15 12:30:08.068,B,,
900786,700749,C1030,XAUUSD,SELL,0.35,4094.11,2025-10-15 12:30:09.209,A,LP_C,LP_C-E000121
900787,700749,C1030,XAUUSD,SELL,0.35,4094.1,2025-10-15 12:30:09.216,A,LP_A,LP_A-E000194
900788,700750,C1021,XAUUSD,BUY,1.1,4095.61,2025-10-15 12:30:09.522,B,,
900789,700752,C1005,XAUUSD,SELL,0.48,4094.44,2025-10-15 12:30:09.877,B,,
900790,700751,C1010,XAUUSD,BUY,0.64,4095.44,2025-10-15 12:30:10.055,A,LP_B,LP_B-E000053
900791,700753,C1033,XAUUSD,BUY,4.51,4095.64,2025-10-15 12:30:10.116,B,,
900792,700754,C1046,XAUUSD,BUY,0.4,4095.53,2025-10-15 12:30:11.236,A,LP_A,LP_A-E000195
900793,700755,C1033,EURUSD,SELL,1.15,1.16517,2025-10-15 12:30:11.324,B,,
900794,700758,C1022,XAUUSD,BUY,2.3,4095.41,2025-10-15 12:30:11.594,B,,
900795,700759,C1045,GBPUSD,SELL,0.35,1.33709,2025-10-15 12:30:11.713,B,,
900796,700756,C1043,GBPUSD,SELL,1.31,1.33701,2025-10-15 12:30:11.750,A,LP_C,LP_C-E000122
900797,700757,C1028,GBPUSD,BUY,10.5,1.3375,2025-10-15 12:30:11.779,A,LP_A,LP_A-E000196
900798,700761,C1018,EURUSD,SELL,1.43,1.16523,2025-10-15 12:30:13.893,B,,
900799,700760,C1052,XAUUSD,SELL,0.35,4094.04,2025-10-15 12:30:14.084,A,LP_C,LP_C-E000123
900800,700760,C1052,XAUUSD,SELL,0.7,4094.05,2025-10-15 12:30:14.120,A,LP_B,LP_B-E000054
900801,700760,C1052,XAUUSD,SELL,0.4600000000000002,4094.02,2025-10-15 12:30:14.127,A,LP_A,LP_A-E000197
900802,700762,C1048,XAUUSD,BUY,3.33,4095.58,2025-10-15 12:30:14.889,B,,
900803,700763,C1016,XAUUSD,BUY,0.22,4095.33,2025-10-15 12:30:19.624,A,LP_C,LP_C-E000124
900804,700764,C1044,GBPUSD,BUY,0.2,1.33755,2025-10-15 12:30:22.224,A,LP_A,LP_A-E000198
900805,700765,C1006,EURUSD,BUY,0.54,1.16545,2025-10-15 12:30:23.305,B,,
900806,700766,C1058,GBPUSD,SELL,2.07,1.33725,2025-10-15 12:30:28.033,B,,
900807,700767,C1055,XAUUSD,SELL,0.33,4094.83,2025-10-15 12:30:28.958,A,LP_C,LP_C-E000125
900808,700768,C1038,GBPUSD,BUY,2.08,1.33754,2025-10-15 12:30:29.266,B,,
900809,700769,C1022,GBPUSD,SELL,0.68,1.33721,2025-10-15 12:30:31.588,B,,
900810,700770,C1049,EURUSD,SELL,0.62,1.16523,2025-10-15 12:30:31.765,A,LP_A,LP_A-E000199
900811,700771,C1043,EURUSD,BUY,5.25,1.16552,2025-10-15 12:30:32.197,A,LP_C,LP_C-E000126
900812,700771,C1043,EURUSD,BUY,1.96,1.16551,2025-10-15 12:30:32.208,A,LP_A,LP_A-E000200
900813,700772,C1014,XAUUSD,BUY,0.63,4095.84,2025-10-15 12:30:33.629,B,,
900814,700773,C1031,EURUSD,BUY,0.34,1.16545,2025-10-15 12:30:34.989,A,LP_C,LP_C-E000127
900815,700775,C1022,EURUSD,BUY,3.68,1.16544,2025-10-15 12:30:35.129,B,,
900816,700774,C1046,XAUUSD,BUY,1.05,4096.26,2025-10-15 12:30:35.256,A,LP_A,LP_A-E000201
900817,700774,C1046,XAUUSD,BUY,1.4,4096.39,2025-10-15 12:30:35.294,A,LP_B,LP_B-E000055
900818,700776,C1013,XAUUSD,SELL,1.05,4095.16,2025-10-15 12:30:35.657,A,LP_A,LP_A-E000202
900819,700776,C1013,XAUUSD,SELL,0.6199999999999999,4095.1,2025-10-15 12:30:35.699,A,LP_B,LP_B-E000056
900820,700777,C1016,XAUUSD,BUY,0.525,4096.1,2025-10-15 12:30:37.139,A,LP_C,LP_C-E000128
900821,700777,C1016,XAUUSD,BUY,0.135,4096.19,2025-10-15 12:30:37.145,A,LP_A,LP_A-E000203
900822,700778,C1041,XAUUSD,SELL,0.35,4095.44,2025-10-15 12:30:37.868,A,LP_C,LP_C-E000129
900823,700778,C1041,XAUUSD,SELL,1.05,4095.32,2025-10-15 12:30:37.875,A,LP_A,LP_A-E000204
900824,700778,C1041,XAUUSD,SELL,0.7,4095.3,2025-10-15 12:30:37.913,A,LP_B,LP_B-E000057
900825,700779,C1033,GBPUSD,SELL,2.27,1.33738,2025-10-15 12:30:39.615,B,,
900826,700780,C1003,XAUUSD,SELL,0.7,4095.42,2025-10-15 12:30:40.767,A,LP_C,LP_C-E000130
900827,700780,C1003,XAUUSD,SELL,0.54,4095.31,2025-10-15 12:30:40.775,A,LP_A,LP_A-E000205
900828,700781,C1033,EURUSD,SELL,0.95,1.16512,2025-10-15 12:30:40.972,B,,
900829,700782,C1060,EURUSD,SELL,1.12,1.16512,2025-10-15 12:30:41.003,B,,
900830,700783,C1004,EURUSD,BUY,2.3,1.16543,2025-10-15 12:30:42.765,B,,
900831,700784,C1013,EURUSD,SELL,5.13,1.16519,2025-10-15 12:30:43.080,A,LP_C,LP_C-E000131
900832,700785,C1056,XAUUSD,BUY,0.84,4095.99,2025-10-15 12:30:44.932,A,LP_A,LP_A-E000206
900833,700786,C1027,EURUSD,SELL,3.17,1.16521,2025-10-15 12:30:45.412,B,,
900834,700787,C1031,XAUUSD,BUY,0.64,4096.45,2025-10-15 12:30:46.134,A,LP_A,LP_A-E000207
900835,700788,C1019,XAUUSD,SELL,0.7,4095.27,2025-10-15 12:30:47.689,A,LP_C,LP_C-E000132
900836,700788,C1019,XAUUSD,SELL,0.6100000000000001,4095.24,2025-10-15 12:30:47.696,A,LP_A,LP_A-E000208
900837,700789,C1019,EURUSD,SELL,1.27,1.16523,2025-10-15 12:30:47.785,A,LP_A,LP_A-E000209
900838,700790,C1022,XAUUSD,SELL,0.77,4095.2,2025-10-15 12:30:49.426,B,,
900839,700791,C1056,XAUUSD,SELL,0.7,4095.4,2025-10-15 12:30:49.709,A,LP_C,LP_C-E000133
900840,700791,C1056,XAUUSD,SELL,1.05,4095.32,2025-10-15 12:30:49.718,A,LP_A,LP_A-E000210
900841,700791,C1056,XAUUSD,SELL,0.1299999999999999,4095.28,2025-10-15 12:30:49.758,A,LP_B,LP_B-E000058
900842,700792,C1047,XAUUSD,BUY,0.62,4096.14,2025-10-15 12:30:49.963,A,LP_A,LP_A-E000211
900843,700793,C1021,EURUSD,SELL,0.33,1.1652,2025-10-15 12:30:50.700,B,,
900844,700794,C1009,EURUSD,SELL,0.94,1.16524,2025-10-15 12:30:52.008,B,,
900845,700795,C1010,XAUUSD,BUY,0.525,4095.78,2025-10-15 12:30:52.410,A,LP_C,LP_C-E000134
900846,700795,C1010,XAUUSD,BUY,0.42499999999999993,4095.8,2025-10-15 12:30:52.418,A,LP_A,LP_A-E000212
900847,700796,C1012,XAUUSD,SELL,0.35,4095.25,2025-10-15 12:30:53.666,A,LP_C,LP_C-E000135
900848,700796,C1012,XAUUSD,SELL,0.91,4095.18,2025-10-15 12:30:53.675,A,LP_A,LP_A-E000213
900849,700797,C1009,EURUSD,BUY,1.37,1.16526,2025-10-15 12:30:57.178,B,,
900850,700798,C1020,GBPUSD,BUY,0.73,1.33762,2025-10-15 12:30:58.028,B,,
900851,700799,C1020,XAUUSD,SELL,0.53,4094.81,2025-10-15 12:30:59.202,B,,
900852,700800,C1060,EURUSD,BUY,0.7,1.16534,2025-10-15 12:31:01.314,B,,
900853,700801,C1056,XAUUSD,BUY,0.7,4094.89,2025-10-15 12:31:10.389,A,LP_B,LP_B-E000059
900854,700801,C1056,XAUUSD,BUY,1.05,4094.96,2025-10-15 12:31:10.396,A,LP_A,LP_A-E000214
900855,700802,C1018,EURUSD,BUY,4.33,1.16525,2025-10-15 12:31:11.060,B,,
900856,700803,C1027,EURUSD,SELL,0.49,1.16512,2025-10-15 12:31:11.155,B,,
900857,700804,C1029,XAUUSD,BUY,2.86,4095.08,2025-10-15 12:31:24.763,B,,
900858,700805,C1041,XAUUSD,SELL,2.1,4094.44,2025-10-15 12:31:25.636,A,LP_A,LP_A-E000215
900859,700805,C1041,XAUUSD,SELL,0.7,4094.36,2025-10-15 12:31:25.674,A,LP_B,LP_B-E000060
900860,700806,C1049,EURUSD,BUY,0.43,1.16536,2025-10-15 12:31:36.976,A,LP_B,LP_B-E000061
900861,700807,C1060,XAUUSD,SELL,1.5,4094.24,2025-10-15 12:31:40.727,B,,
900862,700808,C1039,EURUSD,BUY,1.64,1.16527,2025-10-15 12:31:47.118,B,,
900863,700809,C1045,EURUSD,SELL,1.69,1.1651,2025-10-15 12:31:54.281,B,,
900864,700810,C1032,EURUSD,BUY,2.25,1.16527,2025-10-15 12:31:59.228,B,,
900865,700811,C1012,XAUUSD,BUY,0.45,4094.54,2025-10-15 12:32:00.083,A,LP_A,LP_A-E000216
900866,700812,C1021,EURUSD,BUY,1.02,1.16527,2025-10-15 12:32:02.489,B,,
900867,700813,C1006,GBPUSD,BUY,1.53,1.33775,2025-10-15 12:32:19.731,B,,
900868,700814,C1039,EURUSD,BUY,1.0,1.1652,2025-10-15 12:32:20.798,B,,
900869,700815,C1017,XAUUSD,SELL,2.26,4094.47,2025-10-15 12:32:22.231,B,,
900870,700816,C1016,EURUSD,SELL,0.17,1.16497,2025-10-15 12:32:23.314,A,LP_C,LP_C-E000136
900871,700817,C1009,EURUSD,SELL,0.51,1.16504,2025-10-15 12:32:24.495,B,,
900872,700818,C1049,XAUUSD,BUY,2.59,4095.15,2025-10-15 12:32:31.312,A,LP_A,LP_A-E000217
900873,700819,C1054,EURUSD,SELL,0.21,1.16501,2025-10-15 12:32:31.622,A,LP_C,LP_C-E000137
900874,700820,C1027,EURUSD,SELL,0.42,1.16493,2025-10-15 12:32:38.672,B,,
900875,700821,C1002,GBPUSD,BUY,4.89,1.33785,2025-10-15 12:32:44.086,B,,
900876,700822,C1053,XAUUSD,SELL,5.71,4095.02,2025-10-15 12:32:45.386,B,,
900877,700823,C1019,EURUSD,SELL,0.29,1.16492,2025-10-15 12:32:54.082,A,LP_C,LP_C-E000138
900878,700824,C1020,EURUSD,BUY,1.52,1.1651,2025-10-15 12:32:56.614,B,,
900879,700825,C1048,GBPUSD,SELL,0.68,1.33762,2025-10-15 12:33:08.423,B,,
900880,700826,C1043,XAUUSD,SELL,1.84,4095.55,2025-10-15 12:33:12.438,A,LP_C,LP_C-E000139
900881,700827,C1015,EURUSD,BUY,0.39,1.1651,2025-10-15 12:33:16.071,B,,
900882,700828,C1023,EURUSD,BUY,7.6,1.16502,2025-10-15 12:33:16.409,B,,
900883,700829,C1026,EURUSD,BUY,1.22,1.16504,2025-10-15 12:33:17.084,B,,
900884,700830,C1047,XAUUSD,BUY,3.0,4095.99,2025-10-15 12:33:22.545,A,LP_B,LP_B-E000062
900885,700830,C1047,XAUUSD,BUY,0.33000000000000007,4096.01,2025-10-15 12:33:22.557,A,LP_A,LP_A-E000218
900886,700831,C1032,EURUSD,SELL,0.75,1.16492,2025-10-15 12:33:32.186,B,,
900887,700832,C1051,EURUSD,SELL,0.81,1.1649,2025-10-15 12:33:35.051,A,LP_B,LP_B-E000063
900888,700833,C1059,XAUUSD,SELL,0.21,4095.02,2025-10-15 12:33:48.195,B,,
900889,700834,C1032,GBPUSD,SELL,3.41,1.33773,2025-10-15 12:34:13.457,B,,
900890,700835,C1023,XAUUSD,BUY,9.8,4096.04,2025-10-15 12:34:21.364,B,,
900891,700836,C1046,EURUSD,BUY,0.49,1.1652,2025-10-15 12:34:36.060,A,LP_A,LP_A-E000219
900892,700837,C1045,EURUSD,SELL,0.91,1.16509,2025-10-15 12:34:37.468,B,,
900893,700838,C1014,GBPUSD,SELL,0.73,1.33778,2025-10-15 12:34:44.223,B,,
900894,700839,C1041,EURUSD,BUY,8.9,1.16509,2025-10-15 12:34:45.190,A,LP_A,LP_A-E000220
900895,700840,C1048,EURUSD,BUY,1.83,1.16517,2025-10-15 12:34:50.034,B,,
900896,700841,C1023,EURUSD,BUY,6.0,1.16509,2025-10-15 12:34:51.125,B,,
900897,700842,C1036,EURUSD,SELL,4.13,1.16498,2025-10-15 12:34:56.556,B,,
900898,700843,C1010,XAUUSD,BUY,1.5,4096.08,2025-10-15 12:34:56.739,A,LP_C,LP_C-E000140
900899,700843,C1010,XAUUSD,BUY,1.37,4096.09,2025-10-15 12:34:56.746,A,LP_A,LP_A-E000221
900900,700844,C1054,XAUUSD,SELL,1.79,4095.88,2025-10-15 12:34:57.926,A,LP_B,LP_B-E000064
900901,700845,C1002,XAUUSD,SELL,0.52,4095.56,2025-10-15 12:35:00.017,B,,
900902,700846,C1027,GBPUSD,SELL,0.1,1.33772,2025-10-15 12:35:05.057,B,,
900903,700847,C1036,EURUSD,SELL,0.36,1.16495,2025-10-15 12:35:18.242,B,,
900904,700848,C1039,XAUUSD,BUY,7.36,4095.99,2025-10-15 12:35:24.444,B,,
900905,700849,C1035,EURUSD,SELL,0.9,1.16495,2025-10-15 12:35:27.509,B,,
900906,700850,C1033,EURUSD,SELL,0.85,1.16495,2025-10-15 12:35:27.555,B,,
900907,700851,C1019,XAUUSD,SELL,3.36,4095.35,2025-10-15 12:35:34.090,A,LP_A,LP_A-E000222
900908,700852,C1050,EURUSD,BUY,0.36,1.16516,2025-10-15 12:35:42.534,A,LP_A,LP_A-E000223
900909,700853,C1055,EURUSD,SELL,0.55,1.16497,2025-10-15 12:35:58.894,A,LP_A,LP_A-E000224
900910,700854,C1007,XAUUSD,SELL,9.1,4095.21,2025-10-15 12:35:59.565,B,,
900911,700855,C1019,GBPUSD,SELL,0.54,1.33775,2025-10-15 12:36:02.067,A,LP_A,LP_A-E000225
900912,700856,C1052,XAUUSD,BUY,0.62,4095.47,2025-10-15 12:36:09.802,A,LP_C,LP_C-E000141
900913,700857,C1023,EURUSD,SELL,2.2,1.16506,2025-10-15 12:36:14.631,B,,
900914,700858,C1003,EURUSD,SELL,0.9,1.16497,2025-10-15 12:36:21.079,A,LP_A,LP_A-E000226
900915,700859,C1056,EURUSD,BUY,1.59,1.16508,2025-10-15 12:36:23.024,A,LP_A,LP_A-E000227
900916,700860,C1021,XAUUSD,SELL,0.38,4095.41,2025-10-15 12:36:26.384,B,,
900917,700861,C1057,GBPUSD,BUY,1.48,1.33797,2025-10-15 12:36:29.282,B,,
900918,700862,C1052,XAUUSD,SELL,0.53,4095.27,2025-10-15 12:36:33.364,A,LP_C,LP_C-E000142
900919,700863,C1050,EURUSD,SELL,0.61,1.16499,2025-10-15 12:36:35.515,A,LP_C,LP_C-E000143
900920,700864,C1009,EURUSD,BUY,0.13,1.16509,2025-10-15 12:36:37.615,B,,
900921,700865,C1049,EURUSD,SELL,0.57,1.16498,2025-10-15 12:36:41.677,A,LP_A,LP_A-E000228
900922,700866,C1031,GBPUSD,SELL,2.23,1.3377,2025-10-15 12:36:42.434,A,LP_B,LP_B-E000065
900923,700867,C1036,EURUSD,SELL,2.56,1.16499,2025-10-15 12:36:43.178,B,,
900924,700868,C1009,EURUSD,BUY,0.28,1.1651,2025-10-15 12:36:43.800,B,,
900925,700869,C1031,GBPUSD,BUY,0.43,1.33796,2025-10-15 12:36:50.062,A,LP_C,LP_C-E000144
900926,700870,C1020,EURUSD,BUY,1.34,1.16519,2025-10-15 12:36:57.396,B,,
900927,700871,C1056,GBPUSD,BUY,2.61,1.33788,2025-10-15 12:36:58.999,A,LP_C,LP_C-E000145
900928,700872,C1040,GBPUSD,BUY,0.65,1.33787,2025-10-15 12:37:10.272,A,LP_A,LP_A-E000229
900929,700873,C1014,XAUUSD,BUY,4.51,4095.75,2025-10-15 12:37:13.542,B,,
900930,700874,C1056,EURUSD,SELL,0.33,1.16509,2025-10-15 12:37:25.646,A,LP_A,LP_A-E000230
900931,700875,C1059,XAUUSD,SELL,9.34,4095.51,2025-10-15 12:37:38.380,B,,
900932,700876,C1018,EURUSD,SELL,0.31,1.16506,2025-10-15 12:37:39.055,B,,
900933,700877,C1013,XAUUSD,SELL,3.22,4095.46,2025-10-15 12:37:40.196,A,LP_A,LP_A-E000231
900934,700878,C1050,EURUSD,SELL,1.0,1.165,2025-10-15 12:37:40.773,A,LP_A,LP_A-E000232
900935,700879,C1015,GBPUSD,BUY,7.97,1.33799,2025-10-15 12:37:45.656,B,,
900936,700880,C1026,GBPUSD,BUY,2.39,1.3379,2025-10-15 12:37:46.578,B,,
900937,700881,C1019,EURUSD,BUY,0.29,1.16514,2025-10-15 12:37:53.045,A,LP_A,LP_A-E000233
900938,700882,C1023,XAUUSD,BUY,4.2,4095.63,2025-10-15 12:37:56.996,B,,
900939,700883,C1008,GBPUSD,SELL,2.35,1.33777,2025-10-15 12:38:10.369,A,LP_A,LP_A-E000234
900940,700884,C1042,XAUUSD,SELL,0.35,4095.45,2025-10-15 12:38:10.535,A,LP_C,LP_C-E000146
900941,700885,C1029,EURUSD,BUY,1.86,1.16512,2025-10-15 12:38:29.778,B,,
900942,700886,C1019,EURUSD,BUY,0.18,1.16512,2025-10-15 12:38:35.069,A,LP_A,LP_A-E000235
900943,700887,C1055,EURUSD,SELL,0.29,1.16494,2025-10-15 12:38:38.082,A,LP_C,LP_C-E000147
900944,700888,C1060,EURUSD,BUY,1.56,1.16514,2025-10-15 12:38:38.757,B,,
900945,700889,C1006,EURUSD,SELL,1.7,1.16496,2025-10-15 12:38:39.827,B,,
900946,700890,C1023,XAUUSD,SELL,9.6,4095.59,2025-10-15 12:38:46.224,B,,
900947,700891,C1014,GBPUSD,BUY,0.76,1.33789,2025-10-15 12:38:51.475,B,,
900948,700892,C1031,EURUSD,SELL,2.15,1.16497,2025-10-15 12:38:57.654,A,LP_C,LP_C-E000148
900949,700893,C1009,GBPUSD,SELL,1.96,1.33783,2025-10-15 12:39:03.020,B,,
900950,700894,C1002,EURUSD,SELL,1.27,1.16497,2025-10-15 12:39:04.327,B,,
900951,700895,C1052,GBPUSD,SELL,2.7,1.33785,2025-10-15 12:39:09.816,A,LP_C,LP_C-E000149
900952,700896,C1042,GBPUSD,SELL,0.89,1.33778,2025-10-15 12:39:21.649,A,LP_A,LP_A-E000236
900953,700897,C1012,GBPUSD,BUY,1.9,1.3379,2025-10-15 12:39:24.119,A,LP_A,LP_A-E000237
900954,700898,C1023,XAUUSD,SELL,3.8,4095.82,2025-10-15 12:39:24.784,B,,
900955,700900,C1045,XAUUSD,BUY,0.48,4096.02,2025-10-15 12:39:28.908,B,,
900956,700899,C1050,XAUUSD,SELL,0.77,4095.62,2025-10-15 12:39:29.044,A,LP_A,LP_A-E000238
900957,700901,C1005,XAUUSD,BUY,0.09,4095.71,2025-10-15 12:39:51.371,B,,
900958,700902,C1020,EURUSD,SELL,5.54,1.16497,2025-10-15 12:39:51.936,B,,
900959,700903,C1059,EURUSD,SELL,1.01,1.16497,2025-10-15 12:40:01.032,B,,
900960,700904,C1044,EURUSD,BUY,1.88,1.16511,2025-10-15 12:40:07.301,A,LP_A,LP_A-E000239
900961,700905,C1046,XAUUSD,BUY,0.88,4095.68,2025-10-15 12:40:17.104,A,LP_B,LP_B-E000066
900962,700906,C1004,EURUSD,BUY,0.71,1.16507,2025-10-15 12:40:28.194,B,,
900963,700907,C1023,EURUSD,BUY,5.7,1.16499,2025-10-15 12:40:28.726,B,,
900964,700908,C1013,XAUUSD,SELL,1.0,4095.04,2025-10-15 12:40:29.622,A,LP_C,LP_C-E000150
900965,700908,C1013,XAUUSD,SELL,3.0,4095.0,2025-10-15 12:40:29.667,A,LP_B,LP_B-E000067
900966,700908,C1013,XAUUSD,SELL,0.71,4094.99,2025-10-15 12:40:29.674,A,LP_A,LP_A-E000240
900967,700909,C1058,XAUUSD,BUY,1.25,4095.38,2025-10-15 12:40:29.975,B,,
900968,700910,C1021,EURUSD,BUY,1.43,1.16511,2025-10-15 12:40:33.345,B,,
900969,700911,C1014,EURUSD,BUY,0.82,1.16501,2025-10-15 12:40:36.295,B,,
900970,700912,C1023,XAUUSD,SELL,6.9,4095.51,2025-10-15 12:40:39.895,B,,
900971,700913,C1027,EURUSD,BUY,0.7,1.16506,2025-10-15 12:40:40.734,B,,
900972,700914,C1023,XAUUSD,SELL,8.6,4095.46,2025-10-15 12:40:43.768,B,,
900973,700915,C1019,EURUSD,SELL,1.5,1.16486,2025-10-15 12:40:46.798,A,LP_C,LP_C-E000151
900974,700916,C1041,XAUUSD,SELL,1.0,4095.56,2025-10-15 12:40:54.975,A,LP_C,LP_C-E000152
900975,700916,C1041,XAUUSD,SELL,3.0,4095.53,2025-10-15 12:40:54.982,A,LP_A,LP_A-E000241
900976,700916,C1041,XAUUSD,SELL,2.4000000000000004,4095.5,2025-10-15 12:40:55.022,A,LP_B,LP_B-E000068
900977,700917,C1042,EURUSD,BUY,3.44,1.16505,2025-10-15 12:41:07.629,A,LP_A,LP_A-E000242
900978,700918,C1004,EURUSD,SELL,2.85,1.16484,2025-10-15 12:41:13.078,B,,
900979,700919,C1030,EURUSD,BUY,6.2,1.16503,2025-10-15 12:41:26.448,A,LP_A,LP_A-E000243
900980,700920,C1016,XAUUSD,SELL,3.0,4095.23,2025-10-15 12:41:30.214,A,LP_A,LP_A-E000244
900981,700920,C1016,XAUUSD,SELL,4.0,4095.22,2025-10-15 12:41:30.256,A,LP_B,LP_B-E000069
900982,700921,C1045,EURUSD,BUY,0.53,1.16495,2025-10-15 12:41:32.393,B,,
900983,700922,C1008,EURUSD,BUY,0.89,1.16503,2025-10-15 12:41:43.205,A,LP_A,LP_A-E000245
900984,700923,C1008,GBPUSD,SELL,0.44,1.33715,2025-10-15 12:41:44.033,A,LP_B,LP_B-E000070
900985,700924,C1016,EURUSD,BUY,0.25,1.16504,2025-10-15 12:41:45.809,A,LP_B,LP_B-E000071
900986,700925,C1025,XAUUSD,BUY,0.27,4095.95,2025-10-15 12:41:48.242,B,,
900987,700926,C1017,EURUSD,SELL,2.59,1.16489,2025-10-15 12:41:49.426,B,,
900988,700927,C1041,XAUUSD,SELL,3.0,4095.69,2025-10-15 12:41:57.726,A,LP_A,LP_A-E000246
900989,700927,C1041,XAUUSD,SELL,1.0,4095.64,2025-10-15 12:41:57.851,A,LP_C,LP_C-E000153
900990,700927,C1041,XAUUSD,SELL,2.0,4095.63,2025-10-15 12:41:57.892,A,LP_B,LP_B-E000072
900991,700928,C1056,EURUSD,BUY,0.42,1.16499,2025-10-15 12:42:04.882,A,LP_A,LP_A-E000247
900992,700929,C1023,EURUSD,SELL,8.9,1.16494,2025-10-15 12:42:11.250,B,,
900993,700930,C1033,GBPUSD,BUY,0.62,1.33884,2025-10-15 12:42:12.296,B,,
900994,700931,C1020,XAUUSD,BUY,2.68,4095.91,2025-10-15 12:42:13.178,B,,
900995,700932,C1022,XAUUSD,BUY,2.37,4095.98,2025-10-15 12:42:20.685,B,,
900996,700933,C1040,GBPUSD,BUY,0.78,1.33884,2025-10-15 12:42:21.011,A,LP_C,LP_C-E000154
900997,700934,C1014,EURUSD,SELL,0.24,1.16491,2025-10-15 12:42:23.734,B,,
900998,700935,C1003,GBPUSD,SELL,1.73,1.33719,2025-10-15 12:42:24.158,A,LP_C,LP_C-E000155
900999,700936,C1013,XAUUSD,SELL,1.24,4095.44,2025-10-15 12:42:27.183,A,LP_A,LP_A-E000248
901000,700937,C1057,EURUSD,SELL,0.31,1.16481,2025-10-15 12:42:41.161,B,,
901001,700938,C1060,EURUSD,SELL,0.06,1.16481,2025-10-15 12:42:43.691,B,,
901002,700939,C1050,EURUSD,BUY,0.25,1.16503,2025-10-15 12:42:59.008,A,LP_A,LP_A-E000249
901003,700940,C1019,XAUUSD,BUY,0.22,4096.44,2025-10-15 12:43:01.653,A,LP_B,LP_B-E000073
901004,700941,C1026,XAUUSD,BUY,1.54,4096.28,2025-10-15 12:43:14.438,B,,
901005,700942,C1060,GBPUSD,SELL,0.65,1.33724,2025-10-15 12:43:21.664,B,,
901006,700943,C1021,GBPUSD,SELL,8.91,1.33727,2025-10-15 12:43:30.373,B,,
901007,700944,C1038,EURUSD,SELL,0.78,1.16485,2025-10-15 12:43:45.106,B,,
901008,700945,C1018,GBPUSD,SELL,1.8,1.33807,2025-10-15 12:43:45.734,B,,
901009,700946,C1043,GBPUSD,SELL,0.11,1.33722,2025-10-15 12:43:53.739,A,LP_C,LP_C-E000156
901010,700947,C1014,XAUUSD,SELL,2.66,4095.6,2025-10-15 12:44:04.070,B,,
901011,700948,C1004,EURUSD,SELL,0.52,1.16479,2025-10-15 12:44:04.617,B,,
901012,700949,C1030,EURUSD,BUY,2.22,1.16498,2025-10-15 12:44:05.932,A,LP_C,LP_C-E000157
901013,700950,C1012,EURUSD,SELL,1.0,1.16487,2025-10-15 12:44:06.340,A,LP_C,LP_C-E000158
901014,700951,C1037,EURUSD,BUY,0.08,1.16497,2025-10-15 12:44:19.628,A,LP_A,LP_A-E000250
901015,700952,C1021,XAUUSD,SELL,0.82,4095.49,2025-10-15 12:44:21.923,B,,
901016,700953,C1036,XAUUSD,BUY,0.36,4096.02,2025-10-15 12:44:25.983,B,,
901017,700954,C1007,EURUSD,SELL,5.1,1.16488,2025-10-15 12:44:36.597,B,,
901018,700955,C1023,EURUSD,SELL,5.8,1.1649,2025-10-15 12:44:37.972,B,,
901019,700956,C1056,EURUSD,SELL,1.57,1.16489,2025-10-15 12:44:44.473,A,LP_A,LP_A-E000251
901020,700957,C1046,GBPUSD,SELL,0.49,1.33723,2025-10-15 12:44:48.848,A,LP_B,LP_B-E000074
901021,700958,C1057,EURUSD,SELL,2.06,1.16481,2025-10-15 12:44:48.878,B,,
901022,700959,C1018,XAUUSD,SELL,0.85,4095.59,2025-10-15 12:44:49.340,B,,
901023,700960,C1016,EURUSD,BUY,0.16,1.16501,2025-10-15 12:44:51.157,A,LP_A,LP_A-E000252
901024,700961,C1032,EURUSD,BUY,2.07,1.165,2025-10-15 12:44:53.074,B,,
901025,700962,C1053,EURUSD,SELL,2.57,1.16481,2025-10-15 12:44:56.134,B,,
901026,700963,C1030,EURUSD,SELL,2.37,1.16484,2025-10-15 12:45:02.985,A,LP_C,LP_C-E000159
901027,700964,C1039,XAUUSD,BUY,2.48,4096.27,2025-10-15 12:45:04.658,B,,
901028,700965,C1001,EURUSD,BUY,2.0,1.16498,2025-10-15 12:45:09.833,A,LP_B,LP_B-E000075
901029,700965,C1001,EURUSD,BUY,2.0,1.16498,2025-10-15 12:45:10.016,A,LP_B,LP_B-E000075
901030,700966,C1054,XAUUSD,SELL,1.0,4095.91,2025-10-15 12:45:10.207,A,LP_C,LP_C-E000160
901031,700966,C1054,XAUUSD,SELL,0.77,4095.9,2025-10-15 12:45:10.215,A,LP_A,LP_A-E000253
901032,700967,C1002,XAUUSD,BUY,0.27,4096.29,2025-10-15 12:45:18.491,B,,
901033,700968,C1057,XAUUSD,BUY,1.72,4096.45,2025-10-15 12:45:28.609,B,,
901034,700969,C1058,GBPUSD,SELL,0.6,1.33802,2025-10-15 12:45:28.839,B,,
901035,700970,C1023,XAUUSD,BUY,9.4,4096.32,2025-10-15 12:45:30.893,B,,
901036,700971,C1036,EURUSD,SELL,2.47,1.16485,2025-10-15 12:45:32.426,B,,
901037,700972,C1017,XAUUSD,BUY,0.47,4096.52,2025-10-15 12:45:33.083,B,,
901038,700973,C1028,EURUSD,SELL,0.21,1.16481,2025-10-15 12:45:40.697,A,LP_A,LP_A-E000254
901039,700974,C1044,EURUSD,BUY,0.32,1.165,2025-10-15 12:45:42.208,A,LP_C,LP_C-E000161
901040,700975,C1006,XAUUSD,SELL,0.31,4095.85,2025-10-15 12:45:45.054,B,,
901041,700976,C1024,GBPUSD,BUY,5.04,1.33879,2025-10-15 12:45:47.765,B,,
901042,700977,C1008,GBPUSD,SELL,0.34,1.33714,2025-10-15 12:45:49.324,A,LP_A,LP_A-E000255
901043,700978,C1023,XAUUSD,BUY,4.2,4096.16,2025-10-15 12:45:50.254,B,,
901044,700979,C1025,EURUSD,BUY,0.95,1.16503,2025-10-15 12:45:54.191,B,,
901045,700980,C1048,XAUUSD,BUY,0.28,4096.57,2025-10-15 12:46:02.166,B,,
901046,700981,C1023,EURUSD,BUY,9.5,1.16495,2025-10-15 12:46:05.335,B,,
901047,700982,C1036,XAUUSD,BUY,2.1,4096.47,2025-10-15 12:46:08.977,B,,
901048,700983,C1025,EURUSD,SELL,0.47,1.16484,2025-10-15 12:46:10.437,B,,
901049,700984,C1058,XAUUSD,BUY,0.3,4096.15,2025-10-15 12:46:19.701,B,,
901050,700985,C1058,XAUUSD,SELL,0.33,4095.93,2025-10-15 12:46:21.628,B,,
901051,700986,C1029,EURUSD,SELL,1.65,1.16488,2025-10-15 12:46:35.988,B,,
901052,700987,C1010,XAUUSD,SELL,0.75,4095.8,2025-10-15 12:46:38.595,A,LP_B,LP_B-E000076
901053,700988,C1038,GBPUSD,SELL,6.31,1.33805,2025-10-15 12:46:39.352,B,,
901054,700989,C1050,EURUSD,SELL,0.16,1.16485,2025-10-15 12:46:43.338,A,LP_A,LP_A-E000256
901055,700990,C1055,EURUSD,BUY,0.29,1.16503,2025-10-15 12:46:52.576,A,LP_C,LP_C-E000162
901056,700991,C1049,EURUSD,BUY,1.02,1.16507,2025-10-15 12:47:29.633,A,LP_A,LP_A-E000257
901057,700992,C1042,GBPUSD,SELL,13.4,1.3372,2025-10-15 12:47:30.313,A,LP_C,LP_C-E000163
901058,700993,C1021,XAUUSD,BUY,0.48,4095.9,2025-10-15 12:47:33.297,B,,
901059,700994,C1011,EURUSD,BUY,1.34,1.16507,2025-10-15 12:47:35.893,B,,
901060,700995,C1041,XAUUSD,SELL,2.9,4095.42,2025-10-15 12:47:36.872,A,LP_A,LP_A-E000258
901061,700996,C1013,EURUSD,SELL,0.19,1.16488,2025-10-15 12:47:39.094,A,LP_A,LP_A-E000259
901062,700997,C1028,EURUSD,BUY,3.1,1.16507,2025-10-15 12:47:44.917,A,LP_C,LP_C-E000164
901063,700998,C1055,XAUUSD,SELL,1.0,4094.95,2025-10-15 12:47:49.434,A,LP_C,LP_C-E000165
901064,700998,C1055,XAUUSD,SELL,0.1200000000000001,4094.92,2025-10-15 12:47:49.441,A,LP_A,LP_A-E000260
901065,700999,C1057,EURUSD,SELL,1.99,1.16488,2025-10-15 12:47:54.732,B,,
901066,701000,C1047,XAUUSD,SELL,1.16,4095.05,2025-10-15 12:47:55.679,A,LP_C,LP_C-E000166
901067,701001,C1029,XAUUSD,SELL,0.89,4094.98,2025-10-15 12:47:59.173,B,,
901068,701002,C1032,XAUUSD,SELL,3.21,4094.98,2025-10-15 12:48:01.463,B,,
901069,701003,C1004,EURUSD,BUY,0.75,1.16507,2025-10-15 12:48:07.130,B,,
901070,701004,C1021,XAUUSD,BUY,0.27,4095.59,2025-10-15 12:48:15.504,B,,
901071,701005,C1020,GBPUSD,BUY,4.01,1.33883,2025-10-15 12:48:16.406,B,,
901072,701006,C1048,GBPUSD,SELL,0.52,1.33719,2025-10-15 12:48:31.000,B,,
901073,701007,C1056,EURUSD,SELL,5.11,1.16494,2025-10-15 12:48:48.446,A,LP_A,LP_A-E000261
901074,701008,C1036,XAUUSD,BUY,0.26,4095.52,2025-10-15 12:48:57.446,B,,
901075,701009,C1055,EURUSD,SELL,6.1,1.16492,2025-10-15 12:49:04.272,A,LP_C,LP_C-E000167
901076,701010,C1020,GBPUSD,BUY,0.22,1.33888,2025-10-15 12:49:12.462,B,,
901077,701011,C1005,EURUSD,BUY,1.48,1.16502,2025-10-15 12:49:25.391,B,,
901078,701012,C1023,XAUUSD,BUY,2.7,4094.83,2025-10-15 12:49:29.169,B,,
901079,701013,C1058,XAUUSD,BUY,0.73,4095.13,2025-10-15 12:49:48.043,B,,
901080,701014,C1029,XAUUSD,SELL,1.34,4094.93,2025-10-15 12:49:53.969,B,,
901081,701015,C1023,XAUUSD,SELL,2.6,4095.29,2025-10-15 12:50:02.836,B,,
901082,701016,C1045,EURUSD,SELL,7.03,1.16505,2025-10-15 12:50:06.038,B,,
901083,701017,C1050,XAUUSD,BUY,1.45,4095.92,2025-10-15 12:50:11.517,A,LP_A,LP_A-E000262
901084,701018,C1028,EURUSD,BUY,2.05,1.16515,2025-10-15 12:50:11.789,A,LP_A,LP_A-E000263
901085,701019,C1007,EURUSD,BUY,2.6,1.16507,2025-10-15 12:50:23.328,B,,
901086,701020,C1031,EURUSD,BUY,3.1,1.16515,2025-10-15 12:50:25.389,A,LP_A,LP_A-E000264
901087,701021,C1005,EURUSD,BUY,4.53,1.16508,2025-10-15 12:50:28.739,B,,
901088,701022,C1058,XAUUSD,BUY,1.6,4095.55,2025-10-15 12:50:30.803,B,,
901089,701023,C1060,XAUUSD,BUY,7.26,4095.96,2025-10-15 12:50:36.509,B,,
901090,701024,C1022,EURUSD,BUY,0.57,1.16516,2025-10-15 12:50:38.920,B,,
901091,701025,C1012,GBPUSD,SELL,3.6,1.33819,2025-10-15 12:50:39.306,A,LP_C,LP_C-E000168
901092,701026,C1016,EURUSD,SELL,1.54,1.16499,2025-10-15 12:50:47.091,A,LP_C,LP_C-E000169
901093,701027,C1041,XAUUSD,BUY,3.0,4095.75,2025-10-15 12:50:47.115,A,LP_B,LP_B-E000077
901094,701027,C1041,XAUUSD,BUY,1.0,4095.77,2025-10-15 12:50:47.225,A,LP_C,LP_C-E000170
901095,701027,C1041,XAUUSD,BUY,0.20000000000000018,4095.71,2025-10-15 12:50:47.233,A,LP_A,LP_A-E000265
901096,701028,C1029,XAUUSD,BUY,0.18,4096.06,2025-10-15 12:50:59.713,B,,
901097,701029,C1028,GBPUSD,BUY,0.45,1.33908,2025-10-15 12:51:16.562,A,LP_A,LP_A-E000266
901098,701030,C1053,XAUUSD,BUY,0.26,4096.16,2025-10-15 12:51:16.581,B,,
901099,701031,C1030,EURUSD,BUY,0.6,1.16516,2025-10-15 12:51:26.748,A,LP_A,LP_A-E000267
901100,701032,C1022,XAUUSD,BUY,1.51,4096.51,2025-10-15 12:51:29.849,B,,
901101,701033,C1007,XAUUSD,BUY,6.4,4096.25,2025-10-15 12:51:41.272,B,,
901102,701034,C1030,XAUUSD,SELL,1.53,4095.88,2025-10-15 12:51:43.497,A,LP_A,LP_A-E000268
901103,701035,C1040,XAUUSD,BUY,0.3,4096.46,2025-10-15 12:51:44.186,A,LP_B,LP_B-E000078
901104,701036,C1023,XAUUSD,SELL,5.7,4096.03,2025-10-15 12:51:45.381,B,,
901105,701037,C1040,XAUUSD,SELL,0.78,4096.5,2025-10-15 12:52:13.493,A,LP_C,LP_C-E000171
901106,701038,C1056,GBPUSD,SELL,0.38,1.33826,2025-10-15 12:52:24.994,A,LP_B,LP_B-E000079
901107,701039,C1019,GBPUSD,BUY,1.71,1.33909,2025-10-15 12:52:27.686,A,LP_A,LP_A-E000269
901108,701040,C1016,XAUUSD,SELL,0.88,4096.74,2025-10-15 12:52:36.961,A,LP_C,LP_C-E000172
901109,701041,C1023,EURUSD,BUY,3.0,1.16507,2025-10-15 12:52:38.047,B,,
901110,701042,C1026,GBPUSD,BUY,0.71,1.33828,2025-10-15 12:52:41.666,B,,
901111,701043,C1054,XAUUSD,SELL,1.09,4096.89,2025-10-15 12:52:45.358,A,LP_B,LP_B-E000080
901112,701044,C1040,EURUSD,BUY,1.6,1.16513,2025-10-15 12:52:47.057,A,LP_A,LP_A-E000270
901113,701045,C1001,EURUSD,BUY,0.8,1.16505,2025-10-15 12:52:47.238,A,LP_A,LP_A-E000271
901114,701046,C1030,EURUSD,SELL,0.51,1.16493,2025-10-15 12:52:59.796,A,LP_A,LP_A-E000272
901115,701047,C1038,EURUSD,BUY,1.03,1.16503,2025-10-15 12:53:02.037,B,,
901116,701048,C1021,XAUUSD,SELL,1.29,4096.78,2025-10-15 12:53:03.579,B,,
901117,701049,C1059,EURUSD,SELL,5.01,1.16496,2025-10-15 12:53:18.610,B,,
901118,701050,C1015,GBPUSD,BUY,1.87,1.33909,2025-10-15 12:53:21.733,B,,
901119,701051,C1039,EURUSD,SELL,0.2,1.16497,2025-10-15 12:53:24.817,B,,
901120,701052,C1022,XAUUSD,SELL,0.5,4096.92,2025-10-15 12:53:35.469,B,,
901121,701053,C1023,XAUUSD,BUY,5.5,4097.17,2025-10-15 12:53:39.964,B,,
901122,701054,C1047,EURUSD,SELL,5.09,1.16495,2025-10-15 12:53:40.325,A,LP_A,LP_A-E000273
901123,701055,C1050,EURUSD,SELL,0.92,1.16495,2025-10-15 12:53:41.260,A,LP_A,LP_A-E000274
901124,701056,C1028,EURUSD,SELL,0.56,1.16495,2025-10-15 12:53:57.236,A,LP_A,LP_A-E000275
901125,701057,C1058,EURUSD,SELL,0.18,1.165,2025-10-15 12:54:03.257,B,,
901126,701058,C1023,EURUSD,SELL,8.1,1.165,2025-10-15 12:54:06.216,B,,
901127,701059,C1013,EURUSD,BUY,1.48,1.16511,2025-10-15 12:54:06.407,A,LP_C,LP_C-E000173
901128,701060,C1032,EURUSD,BUY,0.91,1.1651,2025-10-15 12:54:10.990,B,,
901129,701061,C1047,XAUUSD,SELL,0.33,4096.95,2025-10-15 12:54:15.511,A,LP_C,LP_C-E000174
901130,701062,C1056,GBPUSD,BUY,0.81,1.33828,2025-10-15 12:54:18.584,A,LP_A,LP_A-E000276
901131,701063,C1011,EURUSD,SELL,0.5,1.16491,2025-10-15 12:54:20.271,B,,
901132,701064,C1025,XAUUSD,BUY,1.84,4097.47,2025-10-15 12:54:21.123,B,,
901133,701065,C1013,XAUUSD,BUY,1.42,4097.53,2025-10-15 12:54:22.344,A,LP_A,LP_A-E000277
901134,701066,C1008,EURUSD,BUY,3.91,1.16509,2025-10-15 12:54:26.540,A,LP_C,LP_C-E000175
901135,701067,C1047,GBPUSD,SELL,0.22,1.33747,2025-10-15 12:54:32.478,A,LP_C,LP_C-E000176
901136,701068,C1027,EURUSD,BUY,0.94,1.16507,2025-10-15 12:54:33.713,B,,
901137,701069,C1019,GBPUSD,BUY,1.5,1.33916,2025-10-15 12:54:34.830,A,LP_A,LP_A-E000278
901138,701070,C1055,EURUSD,BUY,0.06,1.16507,2025-10-15 12:54:37.331,A,LP_C,LP_C-E000177
901139,701071,C1050,XAUUSD,BUY,0.12,4097.64,2025-10-15 12:54:47.912,A,LP_C,LP_C-E000178
901140,701072,C1031,EURUSD,SELL,0.34,1.16493,2025-10-15 12:54:52.148,A,LP_C,LP_C-E000179
901141,701073,C1033,GBPUSD,SELL,3.38,1.3375,2025-10-15 12:54:55.016,B,,
901142,701074,C1035,EURUSD,SELL,3.43,1.16496,2025-10-15 12:55:05.515,B,,
901143,701075,C1025,EURUSD,SELL,8.42,1.16495,2025-10-15 12:55:13.174,B,,
901144,701076,C1051,XAUUSD,SELL,3.0,4096.67,2025-10-15 12:55:30.850,A,LP_A,LP_A-E000279
901145,701076,C1051,XAUUSD,SELL,0.43999999999999995,4096.56,2025-10-15 12:55:31.029,A,LP_B,LP_B-E000081
901146,701077,C1041,XAUUSD,SELL,3.0,4096.59,2025-10-15 12:55:37.169,A,LP_A,LP_A-E000280
901147,701077,C1041,XAUUSD,SELL,1.9000000000000004,4096.55,2025-10-15 12:55:37.212,A,LP_B,LP_B-E000082
901148,701078,C1051,EURUSD,BUY,0.41,1.16514,2025-10-15 12:55:38.296,A,LP_C,LP_C-E000180
901149,701079,C1024,XAUUSD,BUY,0.31,4096.87,2025-10-15 12:55:42.790,B,,
901150,701080,C1007,XAUUSD,BUY,6.6,4096.7,2025-10-15 12:55:44.896,B,,
901151,701081,C1039,XAUUSD,SELL,3.13,4096.32,2025-10-15 12:55:50.637,B,,
901152,701082,C1044,EURUSD,BUY,2.81,1.16517,2025-10-15 12:55:53.898,A,LP_C,LP_C-E000181
901153,701083,C1029,EURUSD,BUY,0.49,1.16514,2025-10-15 12:56:04.199,B,,
901154,701084,C1022,XAUUSD,BUY,1.67,4096.8,2025-10-15 12:56:14.078,B,,
901155,701085,C1009,XAUUSD,SELL,1.1,4096.5,2025-10-15 12:56:14.131,B,,
901156,701086,C1033,XAUUSD,SELL,0.47,4096.07,2025-10-15 12:56:17.689,B,,
901157,701087,C1048,GBPUSD,SELL,0.46,1.33742,2025-10-15 12:56:18.009,B,,
901158,701088,C1021,EURUSD,BUY,0.47,1.16516,2025-10-15 12:56:25.485,B,,
901159,701089,C1059,EURUSD,BUY,1.85,1.16516,2025-10-15 12:56:32.145,B,,
901160,701090,C1050,XAUUSD,SELL,2.52,4096.11,2025-10-15 12:56:32.782,A,LP_A,LP_A-E000281
901161,701091,C1009,EURUSD,SELL,5.38,1.16504,2025-10-15 12:56:36.798,B,,
901162,701092,C1059,EURUSD,BUY,1.29,1.16515,2025-10-15 12:56:37.205,B,,
901163,701093,C1052,EURUSD,SELL,2.35,1.16503,2025-10-15 12:56:39.366,A,LP_A,LP_A-E000282
901164,701094,C1051,XAUUSD,BUY,0.92,4096.54,2025-10-15 12:56:42.103,A,LP_A,LP_A-E000283
901165,701095,C1023,XAUUSD,BUY,3.4,4096.33,2025-10-15 12:56:45.187,B,,
901166,701096,C1016,EURUSD,BUY,3.5,1.16512,2025-10-15 12:57:06.915,A,LP_C,LP_C-E000182
901167,701097,C1016,GBPUSD,BUY,1.15,1.33913,2025-10-15 12:57:13.394,A,LP_C,LP_C-E000183
901168,701098,C1016,XAUUSD,SELL,1.5,4096.15,2025-10-15 12:57:22.247,A,LP_C,LP_C-E000184
901169,701098,C1016,XAUUSD,SELL,4.0,4096.15,2025-10-15 12:57:22.283,A,LP_B,LP_B-E000083
901170,701098,C1016,XAUUSD,SELL,4.5,4096.04,2025-10-15 12:57:22.290,A,LP_A,LP_A-E000284
901171,701099,C1001,EURUSD,SELL,1.64,1.16497,2025-10-15 12:57:24.295,A,LP_C,LP_C-E000185
901172,701100,C1055,GBPUSD,SELL,0.67,1.33745,2025-10-15 12:57:24.983,A,LP_A,LP_A-E000285
901173,701101,C1051,XAUUSD,SELL,3.0,4096.24,2025-10-15 12:57:34.410,A,LP_A,LP_A-E000286
901174,701101,C1051,XAUUSD,SELL,0.5099999999999998,4096.23,2025-10-15 12:57:34.570,A,LP_C,LP_C-E000186
901175,701102,C1030,EURUSD,BUY,3.65,1.16503,2025-10-15 12:57:35.397,A,LP_B,LP_B-E000084
901176,701103,C1043,XAUUSD,BUY,2.47,4096.71,2025-10-15 12:57:37.688,A,LP_B,LP_B-E000085
901177,701104,C1015,XAUUSD,SELL,1.11,4096.05,2025-10-15 12:57:46.477,B,,
901178,701105,C1041,XAUUSD,BUY,1.5,4096.52,2025-10-15 12:58:00.498,A,LP_C,LP_C-E000187
901179,701105,C1041,XAUUSD,BUY,2.0,4096.56,2025-10-15 12:58:00.539,A,LP_B,LP_B-E000086
901180,701105,C1041,XAUUSD,BUY,2.8,4096.58,2025-10-15 12:58:00.547,A,LP_A,LP_A-E000287
901181,701106,C1006,EURUSD,BUY,0.76,1.16497,2025-10-15 12:58:09.309,B,,
901182,701107,C1009,XAUUSD,SELL,0.36,4096.63,2025-10-15 12:58:19.836,B,,
901183,701108,C1002,GBPUSD,SELL,0.84,1.33748,2025-10-15 12:58:27.092,B,,
901184,701109,C1053,EURUSD,BUY,0.73,1.16497,2025-10-15 12:58:27.766,B,,
901185,701110,C1050,EURUSD,SELL,1.14,1.16478,2025-10-15 12:58:38.055,A,LP_A,LP_A-E000288
901186,701111,C1041,EURUSD,BUY,6.1,1.16488,2025-10-15 12:58:40.666,A,LP_B,LP_B-E000087
901187,701112,C1011,EURUSD,SELL,0.24,1.1648,2025-10-15 12:58:53.391,B,,
901188,701113,C1006,EURUSD,SELL,3.19,1.1648,2025-10-15 12:58:55.610,B,,
901189,701114,C1047,XAUUSD,BUY,0.37,4096.7,2025-10-15 12:59:09.044,A,LP_C,LP_C-E000188
901190,701115,C1045,EURUSD,BUY,1.19,1.16497,2025-10-15 12:59:09.843,B,,
901191,701116,C1029,XAUUSD,BUY,0.88,4096.8,2025-10-15 12:59:12.330,B,,
901192,701117,C1036,XAUUSD,BUY,0.71,4096.72,2025-10-15 12:59:20.477,B,,
901193,701118,C1047,XAUUSD,BUY,0.32,4096.76,2025-10-15 12:59:21.871,A,LP_A,LP_A-E000289
901194,701119,C1041,XAUUSD,BUY,3.0,4096.56,2025-10-15 12:59:22.198,A,LP_A,LP_A-E000290
901195,701119,C1041,XAUUSD,BUY,2.0,4096.63,2025-10-15 12:59:22.241,A,LP_B,LP_B-E000088
901196,701120,C1043,XAUUSD,BUY,0.98,4096.81,2025-10-15 12:59:24.909,A,LP_B,LP_B-E000089
901197,701121,C1048,EURUSD,SELL,0.01,1.16493,2025-10-15 12:59:32.355,B,,
901198,701122,C1023,EURUSD,SELL,3.1,1.16503,2025-10-15 12:59:40.418,B,,
901199,701123,C1010,XAUUSD,BUY,2.0,4096.82,2025-10-15 12:59:44.078,A,LP_B,LP_B-E000090
901200,701123,C1010,XAUUSD,BUY,0.2400000000000002,4096.83,2025-10-15 12:59:44.084,A,LP_A,LP_A-E000291
901201,701124,C1004,EURUSD,BUY,0.74,1.16515,2025-10-15 12:59:49.182,B,,
901202,701125,C1004,GBPUSD,BUY,2.16,1.33914,2025-10-15 12:59:50.931,B,,
901203,701126,C1018,EURUSD,SELL,0.33,1.16505,2025-10-15 12:59:55.654,B,,
901204,701127,C1029,GBPUSD,BUY,0.25,1.33917,2025-10-15 12:59:58.386,B,,
901205,701130,C1017,XAUUSD,BUY,1.69,4097.09,2025-10-15 13:00:10.227,B,,
901206,701132,C1041,EURUSD,SELL,3.8,1.16505,2025-10-15 13:00:22.332,A,LP_A,LP_A-E000292
901207,701133,C1027,XAUUSD,SELL,0.19,4096.35,2025-10-15 13:00:25.116,B,,
901208,701134,C1030,EURUSD,BUY,0.18,1.1652,2025-10-15 13:00:34.842,A,LP_A,LP_A-E000293
901209,701135,C1030,XAUUSD,BUY,0.33,4096.85,2025-10-15 13:00:40.933,A,LP_A,LP_A-E000294
901210,701136,C1026,XAUUSD,SELL,0.21,4096.54,2025-10-15 13:00:43.505,B,,
901211,701137,C1006,XAUUSD,SELL,1.6,4096.3,2025-10-15 13:00:52.291,B,,
901212,701138,C1033,GBPUSD,BUY,3.85,1.33834,2025-10-15 13:00:54.129,B,,
901213,701139,C1053,EURUSD,SELL,1.73,1.16501,2025-10-15 13:00:55.777,B,,
901214,701140,C1045,GBPUSD,SELL,1.79,1.33819,2025-10-15 13:00:56.713,B,,
901215,701141,C1032,XAUUSD,SELL,0.94,4096.06,2025-10-15 13:00:57.014,B,,
901216,701142,C1005,EURUSD,BUY,0.44,1.16513,2025-10-15 13:01:00.466,B,,
901217,701143,C1025,EURUSD,BUY,0.52,1.16521,2025-10-15 13:01:00.791,B,,
901218,701144,C1018,XAUUSD,BUY,1.18,4096.04,2025-10-15 13:01:05.154,B,,
901219,701145,C1017,EURUSD,BUY,1.33,1.16523,2025-10-15 13:01:05.562,B,,
901220,701146,C1001,EURUSD,BUY,1.39,1.16512,2025-10-15 13:01:16.427,A,LP_A,LP_A-E000295
901221,701147,C1019,GBPUSD,SELL,0.3,1.33821,2025-10-15 13:01:18.572,A,LP_B,LP_B-E000091
901222,701148,C1046,GBPUSD,SELL,0.55,1.33821,2025-10-15 13:01:23.242,A,LP_A,LP_A-E000296
901223,701149,C1034,EURUSD,SELL,2.63,1.16507,2025-10-15 13:01:23.426,B,,
901224,701150,C1007,XAUUSD,SELL,9.6,4095.75,2025-10-15 13:01:25.759,B,,
901225,701151,C1042,XAUUSD,BUY,0.52,4096.38,2025-10-15 13:01:35.843,A,LP_A,LP_A-E000297
901226,701152,C1025,EURUSD,BUY,0.49,1.16523,2025-10-15 13:01:38.283,B,,
901227,701153,C1007,XAUUSD,SELL,8.8,4096.07,2025-10-15 13:01:44.296,B,,
901228,701154,C1057,EURUSD,SELL,0.27,1.16504,2025-10-15 13:01:45.357,B,,
901229,701155,C1022,GBPUSD,BUY,1.48,1.33847,2025-10-15 13:01:45.537,B,,
901230,701156,C1058,GBPUSD,BUY,0.88,1.33839,2025-10-15 13:01:46.310,B,,
901231,701157,C1056,EURUSD,SELL,1.57,1.16511,2025-10-15 13:01:48.700,A,LP_A,LP_A-E000298
901232,701158,C1020,EURUSD,BUY,2.55,1.16523,2025-10-15 13:01:52.239,B,,
901233,701159,C1058,XAUUSD,BUY,0.99,4095.94,2025-10-15 13:02:03.852,B,,
901234,701160,C1028,EURUSD,BUY,2.69,1.16523,2025-10-15 13:02:09.595,A,LP_A,LP_A-E000299
901235,701161,C1036,EURUSD,BUY,0.84,1.16523,2025-10-15 13:02:11.302,B,,
901236,701162,C1011,XAUUSD,SELL,0.41,4095.6,2025-10-15 13:02:14.163,B,,
901237,701163,C1037,EURUSD,SELL,3.53,1.16506,2025-10-15 13:02:29.568,A,LP_A,LP_A-E000300
901238,701164,C1003,EURUSD,BUY,0.29,1.16525,2025-10-15 13:02:32.566,A,LP_A,LP_A-E000301
901239,701165,C1039,GBPUSD,BUY,0.76,1.33845,2025-10-15 13:02:33.524,B,,
901240,701166,C1005,XAUUSD,BUY,0.34,4095.76,2025-10-15 13:02:33.561,B,,
901241,701167,C1035,GBPUSD,BUY,2.98,1.33846,2025-10-15 13:02:36.089,B,,
901242,701168,C1046,XAUUSD,SELL,1.56,4095.55,2025-10-15 13:02:42.529,A,LP_B,LP_B-E000092
901243,701169,C1003,XAUUSD,SELL,1.79,4095.49,2025-10-15 13:02:46.909,A,LP_A,LP_A-E000302
901244,701170,C1037,EURUSD,SELL,0.29,1.16504,2025-10-15 13:02:47.871,A,LP_A,LP_A-E000303
901245,701171,C1022,GBPUSD,BUY,0.94,1.33844,2025-10-15 13:02:49.066,B,,
901246,701172,C1042,EURUSD,SELL,0.32,1.16502,2025-10-15 13:02:52.309,A,LP_A,LP_A-E000304
901247,701173,C1037,EURUSD,SELL,0.81,1.16501,2025-10-15 13:02:54.016,A,LP_A,LP_A-E000305
901248,701174,C1055,GBPUSD,BUY,0.36,1.33841,2025-10-15 13:02:55.161,A,LP_A,LP_A-E000306
901249,701175,C1021,XAUUSD,BUY,0.41,4096.15,2025-10-15 13:02:57.731,B,,
901250,701176,C1036,XAUUSD,SELL,3.71,4095.14,2025-10-15 13:03:10.790,B,,
901251,701177,C1003,XAUUSD,SELL,2.0,4095.09,2025-10-15 13:03:14.000,A,LP_B,LP_B-E000093
901252,701177,C1003,XAUUSD,SELL,3.2699999999999996,4095.06,2025-10-15 13:03:14.131,A,LP_A,LP_A-E000307
901253,701178,C1010,EURUSD,SELL,4.26,1.1651,2025-10-15 13:03:15.938,A,LP_A,LP_A-E000308
901254,701179,C1017,EURUSD,BUY,0.15,1.16521,2025-10-15 13:03:17.611,B,,
901255,701180,C1002,EURUSD,BUY,0.85,1.16521,2025-10-15 13:03:22.041,B,,
901256,701181,C1059,XAUUSD,SELL,0.63,4094.73,2025-10-15 13:03:29.476,B,,
901257,701182,C1002,XAUUSD,BUY,2.17,4095.62,2025-10-15 13:03:40.098,B,,
901258,701183,C1057,EURUSD,SELL,0.44,1.165,2025-10-15 13:03:40.590,B,,
901259,701184,C1045,XAUUSD,SELL,1.88,4095.39,2025-10-15 13:03:45.277,B,,
901260,701185,C1035,XAUUSD,BUY,1.59,4095.73,2025-10-15 13:03:46.404,B,,
901261,701186,C1029,XAUUSD,BUY,2.18,4095.73,2025-10-15 13:04:02.825,B,,
901262,701187,C1037,GBPUSD,SELL,2.61,1.3382,2025-10-15 13:04:08.139,A,LP_B,LP_B-E000094
901263,701188,C1004,EURUSD,SELL,2.28,1.16499,2025-10-15 13:04:11.318,B,,
901264,701189,C1054,GBPUSD,BUY,0.29,1.33842,2025-10-15 13:04:30.896,A,LP_C,LP_C-E000190
901265,701190,C1024,EURUSD,SELL,1.68,1.16501,2025-10-15 13:04:32.006,B,,
901266,701191,C1037,XAUUSD,BUY,1.2,4095.1,2025-10-15 13:04:49.282,A,LP_A,LP_A-E000309
901267,701192,C1035,XAUUSD,SELL,1.28,4094.58,2025-10-15 13:04:49.965,B,,
901268,701193,C1009,XAUUSD,SELL,1.09,4094.73,2025-10-15 13:04:50.586,B,,
901269,701194,C1053,EURUSD,SELL,2.95,1.16505,2025-10-15 13:04:51.280,B,,
901270,701195,C1023,EURUSD,SELL,8.1,1.16513,2025-10-15 13:04:58.268,B,,
901271,701196,C1013,XAUUSD,SELL,0.45,4094.81,2025-10-15 13:05:00.680,A,LP_C,LP_C-E000191
901272,701197,C1023,XAUUSD,SELL,7.0,4094.99,2025-10-15 13:05:10.984,B,,
901273,701198,C1030,GBPUSD,BUY,0.48,1.33851,2025-10-15 13:05:14.784,A,LP_A,LP_A-E000310
901274,701199,C1017,XAUUSD,BUY,1.83,4095.09,2025-10-15 13:05:23.904,B,,
901275,701200,C1047,EURUSD,BUY,0.28,1.1653,2025-10-15 13:05:27.951,A,LP_A,LP_A-E000311
901276,701201,C1014,EURUSD,SELL,0.58,1.16516,2025-10-15 13:05:39.061,B,,
901277,701202,C1011,EURUSD,SELL,1.34,1.16508,2025-10-15 13:05:46.935,B,,
901278,701203,C1056,XAUUSD,SELL,1.76,4094.7,2025-10-15 13:05:52.236,A,LP_A,LP_A-E000312
901279,701204,C1024,XAUUSD,SELL,0.92,4094.37,2025-10-15 13:06:00.245,B,,
901280,701205,C1015,EURUSD,SELL,0.37,1.16504,2025-10-15 13:06:04.468,B,,
901281,701206,C1029,EURUSD,SELL,0.64,1.16505,2025-10-15 13:06:11.904,B,,
901282,701207,C1049,XAUUSD,BUY,0.35,4095.36,2025-10-15 13:06:17.814,A,LP_C,LP_C-E000192
901283,701208,C1021,GBPUSD,BUY,0.06,1.33859,2025-10-15 13:06:18.916,B,,
901284,701209,C1031,GBPUSD,SELL,5.37,1.33834,2025-10-15 13:06:25.585,A,LP_C,LP_C-E000193
901285,701210,C1046,GBPUSD,SELL,0.91,1.33834,2025-10-15 13:06:26.676,A,LP_B,LP_B-E000095
901286,701211,C1004,XAUUSD,SELL,1.81,4094.61,2025-10-15 13:06:29.603,B,,
901287,701212,C1037,XAUUSD,SELL,1.28,4094.55,2025-10-15 13:06:30.775,A,LP_B,LP_B-E000096
901288,701213,C1002,GBPUSD,SELL,0.34,1.33838,2025-10-15 13:06:42.248,B,,
901289,701214,C1011,EURUSD,SELL,0.15,1.16511,2025-10-15 13:06:43.370,B,,
901290,701215,C1034,XAUUSD,BUY,3.65,4095.11,2025-10-15 13:06:56.094,B,,
901291,701216,C1034,GBPUSD,BUY,2.89,1.33857,2025-10-15 13:06:56.142,B,,
901292,701217,C1060,EURUSD,SELL,3.17,1.16511,2025-10-15 13:06:56.920,B,,
901293,701218,C1053,XAUUSD,BUY,1.14,4095.45,2025-10-15 13:07:00.536,B,,
901294,701219,C1035,EURUSD,SELL,1.75,1.16512,2025-10-15 13:07:06.723,B,,
901295,701220,C1016,EURUSD,SELL,0.1,1.16511,2025-10-15 13:07:07.219,A,LP_A,LP_A-E000313
901296,701221,C1017,EURUSD,BUY,0.67,1.1653,2025-10-15 13:07:07.685,B,,
901297,701222,C1040,EURUSD,BUY,0.17,1.1653,2025-10-15 13:07:21.967,A,LP_A,LP_A-E000314
901298,701223,C1007,EURUSD,BUY,2.5,1.16521,2025-10-15 13:07:24.276,B,,
901299,701224,C1059,XAUUSD,SELL,0.14,4094.65,2025-10-15 13:07:33.477,B,,
901300,701225,C1026,XAUUSD,SELL,1.19,4094.95,2025-10-15 13:07:41.699,B,,
901301,701226,C1005,XAUUSD,BUY,1.59,4094.99,2025-10-15 13:07:46.126,B,,
901302,701227,C1023,XAUUSD,SELL,4.6,4095.16,2025-10-15 13:07:53.318,B,,
901303,701228,C1055,GBPUSD,BUY,0.62,1.33861,2025-10-15 13:08:01.947,A,LP_B,LP_B-E000097
901304,701229,C1048,EURUSD,BUY,0.29,1.16525,2025-10-15 13:08:23.459,B,,
901305,701230,C1030,EURUSD,BUY,0.71,1.16524,2025-10-15 13:08:26.905,A,LP_C,LP_C-E000194
901306,701231,C1050,EURUSD,SELL,1.33,1.16505,2025-10-15 13:08:28.911,A,LP_A,LP_A-E000315
901307,701232,C1018,EURUSD,SELL,2.08,1.16513,2025-10-15 13:08:30.177,B,,
901308,701233,C1010,XAUUSD,BUY,0.34,4095.3,2025-10-15 13:08:44.374,A,LP_C,LP_C-E000195
901309,701234,C1015,XAUUSD,BUY,7.87,4095.4,2025-10-15 13:09:00.365,B,,
901310,701235,C1004,EURUSD,BUY,1.57,1.16523,2025-10-15 13:09:03.851,B,,
901311,701236,C1014,XAUUSD,SELL,0.19,4094.97,2025-10-15 13:09:08.940,B,,
901312,701237,C1039,EURUSD,SELL,0.49,1.16515,2025-10-15 13:09:20.055,B,,
901313,701238,C1045,XAUUSD,BUY,1.45,4095.29,2025-10-15 13:09:24.364,B,,
901314,701239,C1041,EURUSD,BUY,5.8,1.16529,2025-10-15 13:09:34.819,A,LP_A,LP_A-E000316
901315,701240,C1043,EURUSD,BUY,1.13,1.16537,2025-10-15 13:09:42.647,A,LP_C,LP_C-E000196
901316,701241,C1032,XAUUSD,BUY,0.25,4095.5,2025-10-15 13:09:42.651,B,,
901317,701242,C1039,XAUUSD,BUY,1.58,4095.55,2025-10-15 13:09:43.290,B,,
901318,701243,C1019,XAUUSD,SELL,0.86,4095.01,2025-10-15 13:09:52.957,A,LP_A,LP_A-E000317
901319,701244,C1014,EURUSD,BUY,1.19,1.16526,2025-10-15 13:10:05.389,B,,
901320,701245,C1009,GBPUSD,SELL,0.79,1.33849,2025-10-15 13:10:06.057,B,,
901321,701246,C1027,GBPUSD,BUY,2.76,1.33859,2025-10-15 13:10:07.338,B,,
901322,701247,C1016,XAUUSD,BUY,0.37,4095.64,2025-10-15 13:10:08.408,A,LP_A,LP_A-E000318
901323,701248,C1008,XAUUSD,SELL,1.5,4095.15,2025-10-15 13:10:11.544,A,LP_C,LP_C-E000197
901324,701248,C1008,XAUUSD,SELL,0.9300000000000002,4095.13,2025-10-15 13:10:11.582,A,LP_B,LP_B-E000098
901325,701249,C1004,EURUSD,SELL,0.1,1.16515,2025-10-15 13:10:27.513,B,,
901326,701250,C1008,GBPUSD,BUY,0.36,1.3386,2025-10-15 13:10:27.948,A,LP_A,LP_A-E000319
901327,701251,C1007,XAUUSD,BUY,5.9,4095.89,2025-10-15 13:10:29.778,B,,
901328,701252,C1037,EURUSD,SELL,1.19,1.16513,2025-10-15 13:10:37.350,A,LP_B,LP_B-E000099
901329,701253,C1001,XAUUSD,BUY,1.0,4095.95,2025-10-15 13:10:45.976,A,LP_C,LP_C-E000198
901330,701253,C1001,XAUUSD,BUY,2.38,4095.97,2025-10-15 13:10:46.427,A,LP_A,LP_A-E000320
901331,701254,C1018,GBPUSD,BUY,0.44,1.33857,2025-10-15 13:10:48.491,B,,
901332,701255,C1058,EURUSD,BUY,2.16,1.16519,2025-10-15 13:10:55.572,B,,
901333,701256,C1033,EURUSD,SELL,0.83,1.16507,2025-10-15 13:10:57.689,B,,
901334,701257,C1052,EURUSD,SELL,2.13,1.16518,2025-10-15 13:11:07.591,A,LP_A,LP_A-E000321
901335,701258,C1038,XAUUSD,SELL,0.48,4096.31,2025-10-15 13:11:10.728,B,,
901336,701259,C1054,XAUUSD,SELL,1.54,4096.42,2025-10-15 13:11:11.754,A,LP_B,LP_B-E000100
901337,701260,C1025,GBPUSD,SELL,1.52,1.3384,2025-10-15 13:11:16.573,B,,
901338,701261,C1019,XAUUSD,SELL,1.36,4096.4,2025-10-15 13:11:19.837,A,LP_C,LP_C-E000199
901339,701262,C1004,XAUUSD,BUY,1.51,4097.01,2025-10-15 13:11:24.037,B,,
901340,701263,C1014,XAUUSD,SELL,0.8,4096.64,2025-10-15 13:11:26.313,B,,
901341,701264,C1046,EURUSD,BUY,0.25,1.16528,2025-10-15 13:11:30.049,A,LP_C,LP_C-E000200
901342,701265,C1058,GBPUSD,BUY,0.4,1.33861,2025-10-15 13:11:45.151,B,,
901343,701267,C1048,EURUSD,SELL,11.44,1.16509,2025-10-15 13:11:46.328,B,,
901344,701266,C1044,EURUSD,BUY,6.35,1.16528,2025-10-15 13:11:46.480,A,LP_A,LP_A-E000322
901345,701268,C1044,EURUSD,SELL,5.82,1.16509,2025-10-15 13:11:47.974,A,LP_A,LP_A-E000323
901346,701269,C1058,XAUUSD,BUY,1.96,4096.78,2025-10-15 13:11:53.405,B,,
901347,701270,C1051,EURUSD,SELL,0.46,1.16506,2025-10-15 13:12:01.684,A,LP_C,LP_C-E000201
901348,701271,C1002,XAUUSD,SELL,1.77,4096.39,2025-10-15 13:12:08.756,B,,
901349,701272,C1055,XAUUSD,BUY,0.22,4096.95,2025-10-15 13:12:09.433,A,LP_A,LP_A-E000324
901350,701273,C1025,XAUUSD,BUY,0.18,4097.35,2025-10-15 13:12:15.969,B,,
901351,701274,C1005,XAUUSD,BUY,1.5,4097.07,2025-10-15 13:12:16.539,B,,
901352,701275,C1025,EURUSD,BUY,0.51,1.16527,2025-10-15 13:12:16.877,B,,
901353,701276,C1023,EURUSD,SELL,10.0,1.16523,2025-10-15 13:12:31.644,B,,
901354,701277,C1041,XAUUSD,BUY,1.5,4096.52,2025-10-15 13:12:35.475,A,LP_C,LP_C-E000202
901355,701277,C1041,XAUUSD,BUY,3.0,4096.57,2025-10-15 13:12:35.868,A,LP_A,LP_A-E000325
901356,701277,C1041,XAUUSD,BUY,2.9000000000000004,4096.58,2025-10-15 13:12:35.908,A,LP_B,LP_B-E000101
901357,701278,C1014,XAUUSD,SELL,0.86,4096.34,2025-10-15 13:12:36.086,B,,
901358,701279,C1041,EURUSD,BUY,3.1,1.16526,2025-10-15 13:12:38.699,A,LP_B,LP_B-E000102
901359,701280,C1006,XAUUSD,SELL,1.82,4096.24,2025-10-15 13:12:41.074,B,,
901360,701281,C1048,EURUSD,BUY,5.63,1.16535,2025-10-15 13:12:42.197,B,,
901361,701282,C1050,EURUSD,SELL,5.54,1.16515,2025-10-15 13:12:45.358,A,LP_C,LP_C-E000203
901362,701283,C1003,EURUSD,BUY,1.13,1.16535,2025-10-15 13:13:01.321,A,LP_B,LP_B-E000103
901363,701284,C1041,XAUUSD,BUY,2.0,4096.89,2025-10-15 13:13:02.319,A,LP_B,LP_B-E000104
901364,701284,C1041,XAUUSD,BUY,0.6000000000000001,4096.9,2025-10-15 13:13:02.736,A,LP_A,LP_A-E000326
901365,701285,C1010,EURUSD,SELL,2.56,1.16524,2025-10-15 13:13:02.870,A,LP_A,LP_A-E000327
901366,701286,C1048,EURUSD,BUY,0.86,1.16537,2025-10-15 13:13:07.409,B,,
901367,701287,C1006,EURUSD,SELL,4.19,1.16518,2025-10-15 13:13:07.819,B,,
901368,701288,C1056,EURUSD,BUY,0.78,1.16531,2025-10-15 13:13:15.881,A,LP_A,LP_A-E000328
901369,701289,C1026,XAUUSD,SELL,1.74,4096.8,2025-10-15 13:13:25.692,B,,
901370,701290,C1044,EURUSD,SELL,1.62,1.16521,2025-10-15 13:13:29.643,A,LP_A,LP_A-E000329
901371,701291,C1014,XAUUSD,BUY,0.31,4096.98,2025-10-15 13:13:33.227,B,,
901372,701292,C1007,EURUSD,SELL,6.5,1.1653,2025-10-15 13:13:35.588,B,,
901373,701293,C1015,EURUSD,BUY,0.13,1.1654,2025-10-15 13:13:41.776,B,,
901374,701294,C1021,GBPUSD,BUY,0.23,1.33855,2025-10-15 13:13:43.240,B,,
901375,701295,C1017,EURUSD,SELL,1.86,1.16517,2025-10-15 13:13:55.971,B,,
901376,701296,C1055,EURUSD,SELL,0.59,1.16518,2025-10-15 13:13:57.572,A,LP_C,LP_C-E000204
901377,701297,C1030,GBPUSD,SELL,4.63,1.33839,2025-10-15 13:13:59.689,A,LP_C,LP_C-E000205
901378,701298,C1039,XAUUSD,BUY,0.19,4097.04,2025-10-15 13:14:05.119,B,,
901379,701299,C1011,GBPUSD,SELL,4.87,1.33837,2025-10-15 13:14:08.577,B,,
901380,701300,C1010,EURUSD,SELL,1.94,1.16529,2025-10-15 13:14:17.808,A,LP_A,LP_A-E000330
901381,701301,C1045,EURUSD,SELL,0.57,1.16528,2025-10-15 13:14:18.657,B,,
901382,701302,C1045,XAUUSD,SELL,0.74,4096.47,2025-10-15 13:14:22.289,B,,
901383,701303,C1032,EURUSD,BUY,0.37,1.16538,2025-10-15 13:14:22.349,B,,
901384,701304,C1057,EURUSD,SELL,0.57,1.16517,2025-10-15 13:14:27.370,B,,
901385,701305,C1052,XAUUSD,BUY,0.12,4096.49,2025-10-15 13:14:29.583,A,LP_C,LP_C-E000206
901386,701306,C1057,EURUSD,BUY,0.62,1.16537,2025-10-15 13:14:33.690,B,,
901387,701307,C1058,XAUUSD,BUY,0.65,4096.65,2025-10-15 13:14:37.125,B,,
901388,701308,C1002,XAUUSD,SELL,0.36,4096.31,2025-10-15 13:14:38.661,B,,
901389,701309,C1028,EURUSD,BUY,0.42,1.16539,2025-10-15 13:14:40.079,A,LP_A,LP_A-E000331
901390,701310,C1016,XAUUSD,BUY,0.31,4096.91,2025-10-15 13:14:41.558,A,LP_A,LP_A-E000332
901391,701311,C1055,EURUSD,BUY,0.74,1.16539,2025-10-15 13:14:44.222,A,LP_A,LP_A-E000333
901392,701312,C1026,GBPUSD,SELL,0.49,1.33841,2025-10-15 13:14:45.893,B,,
901393,701313,C1041,EURUSD,SELL,9.6,1.16531,2025-10-15 13:14:46.775,A,LP_A,LP_A-E000334
901394,701314,C1006,GBPUSD,SELL,0.82,1.33834,2025-10-15 13:14:55.379,B,,
901395,701315,C1057,GBPUSD,SELL,3.23,1.33835,2025-10-15 13:14:58.836,B,,
901396,701316,C1034,XAUUSD,SELL,0.87,4096.76,2025-10-15 13:15:10.953,B,,
901397,701317,C1014,EURUSD,BUY,4.88,1.16534,2025-10-15 13:15:15.943,B,,
901398,701318,C1046,EURUSD,SELL,1.31,1.16525,2025-10-15 13:15:19.729,A,LP_C,LP_C-E000207
901399,701319,C1036,GBPUSD,SELL,0.91,1.33832,2025-10-15 13:15:21.239,B,,
901400,701320,C1004,GBPUSD,SELL,2.03,1.33836,2025-10-15 13:15:33.541,B,,
901401,701321,C1052,XAUUSD,SELL,0.14,4096.83,2025-10-15 13:15:34.338,A,LP_C,LP_C-E000208
901402,701322,C1020,EURUSD,SELL,0.09,1.16526,2025-10-15 13:15:36.087,B,,
901403,701323,C1044,GBPUSD,BUY,2.12,1.33859,2025-10-15 13:15:38.367,A,LP_C,LP_C-E000209
901404,701324,C1003,EURUSD,BUY,0.42,1.16547,2025-10-15 13:15:40.726,A,LP_B,LP_B-E000105
901405,701325,C1004,EURUSD,BUY,0.37,1.16546,2025-10-15 13:15:43.524,B,,
901406,701326,C1030,XAUUSD,SELL,1.5,4096.7,2025-10-15 13:15:48.428,A,LP_C,LP_C-E000210
901407,701326,C1030,XAUUSD,SELL,2.05,4096.68,2025-10-15 13:15:48.841,A,LP_A,LP_A-E000335
901408,701327,C1020,EURUSD,SELL,0.26,1.16525,2025-10-15 13:15:49.185,B,,
901409,701328,C1002,EURUSD,BUY,0.41,1.16544,2025-10-15 13:15:55.264,B,,
901410,701329,C1015,XAUUSD,BUY,0.5,4097.49,2025-10-15 13:15:55.872,B,,
901411,701330,C1014,EURUSD,BUY,4.44,1.16541,2025-10-15 13:16:08.093,B,,
901412,701331,C1055,EURUSD,BUY,0.24,1.1655,2025-10-15 13:16:09.266,A,LP_A,LP_A-E000336
901413,701332,C1025,XAUUSD,BUY,1.48,4097.55,2025-10-15 13:16:10.704,B,,
901414,701333,C1010,XAUUSD,BUY,1.77,4097.25,2025-10-15 13:16:12.611,A,LP_A,LP_A-E000337
901415,701334,C1028,XAUUSD,SELL,0.52,4096.84,2025-10-15 13:16:15.608,A,LP_B,LP_B-E000106
901416,701335,C1013,EURUSD,BUY,0.88,1.16545,2025-10-15 13:16:25.491,A,LP_C,LP_C-E000211
901417,701336,C1041,XAUUSD,SELL,1.0,4097.18,2025-10-15 13:16:26.356,A,LP_C,LP_C-E000212
901418,701336,C1041,XAUUSD,SELL,3.0,4097.14,2025-10-15 13:16:26.399,A,LP_B,LP_B-E000107
901419,701336,C1041,XAUUSD,SELL,5.5,4097.02,2025-10-15 13:16:26.799,A,LP_A,LP_A-E000338
901420,701337,C1055,EURUSD,SELL,0.16,1.16525,2025-10-15 13:16:34.220,A,LP_A,LP_A-E000339
901421,701338,C1045,GBPUSD,SELL,0.23,1.3385,2025-10-15 13:16:35.258,B,,
901422,701339,C1018,GBPUSD,BUY,0.77,1.33856,2025-10-15 13:16:38.121,B,,
901423,701340,C1029,GBPUSD,SELL,1.28,1.33843,2025-10-15 13:16:47.254,B,,
901424,701341,C1035,EURUSD,BUY,0.33,1.16548,2025-10-15 13:16:51.559,B,,
901425,701342,C1028,EURUSD,SELL,0.51,1.16529,2025-10-15 13:16:53.365,A,LP_C,LP_C-E000213
901426,701343,C1051,EURUSD,BUY,1.72,1.16548,2025-10-15 13:16:57.672,A,LP_A,LP_A-E000340
901427,701344,C1018,EURUSD,SELL,0.66,1.16536,2025-10-15 13:17:01.777,B,,
901428,701345,C1011,EURUSD,SELL,0.88,1.16529,2025-10-15 13:17:03.950,B,,
901429,701346,C1023,EURUSD,SELL,4.1,1.16538,2025-10-15 13:17:09.129,B,,
901430,701347,C1029,EURUSD,SELL,1.14,1.16532,2025-10-15 13:17:20.300,B,,
901431,701348,C1012,XAUUSD,BUY,0.61,4097.58,2025-10-15 13:17:22.430,A,LP_A,LP_A-E000341
901432,701349,C1003,EURUSD,BUY,0.7,1.1655,2025-10-15 13:17:28.651,A,LP_C,LP_C-E000214
901433,701350,C1020,GBPUSD,BUY,2.12,1.33864,2025-10-15 13:17:35.831,B,,
901434,701351,C1023,XAUUSD,BUY,7.7,4097.75,2025-10-15 13:17:44.842,B,,
901435,701352,C1058,EURUSD,BUY,2.44,1.16537,2025-10-15 13:17:48.011,B,,
901436,701353,C1052,XAUUSD,SELL,1.06,4097.6,2025-10-15 13:17:48.971,A,LP_A,LP_A-E000342
901437,701354,C1054,EURUSD,BUY,1.85,1.16537,2025-10-15 13:17:49.855,A,LP_A,LP_A-E000343
901438,701355,C1052,XAUUSD,SELL,1.0,4097.47,2025-10-15 13:17:50.338,A,LP_C,LP_C-E000215
901439,701355,C1052,XAUUSD,SELL,1.62,4097.46,2025-10-15 13:17:50.380,A,LP_B,LP_B-E000108
901440,701356,C1002,XAUUSD,SELL,1.62,4097.33,2025-10-15 13:18:02.377,B,,
901441,701357,C1040,EURUSD,BUY,0.8,1.16545,2025-10-15 13:18:03.028,A,LP_C,LP_C-E000216
901442,701358,C1017,XAUUSD,BUY,0.1,4097.8,2025-10-15 13:18:10.074,B,,
901443,701359,C1009,EURUSD,SELL,0.59,1.16536,2025-10-15 13:18:15.109,B,,
901444,701360,C1023,XAUUSD,BUY,6.1,4097.28,2025-10-15 13:18:25.424,B,,
901445,701361,C1037,XAUUSD,SELL,3.0,4096.85,2025-10-15 13:18:27.528,A,LP_A,LP_A-E000344
901446,701361,C1037,XAUUSD,SELL,1.0,4096.81,2025-10-15 13:18:27.654,A,LP_C,LP_C-E000217
901447,701362,C1057,EURUSD,BUY,0.98,1.16549,2025-10-15 13:18:29.134,B,,
901448,701363,C1046,EURUSD,BUY,0.85,1.16549,2025-10-15 13:18:31.754,A,LP_B,LP_B-E000109
901449,701364,C1053,EURUSD,BUY,0.54,1.16549,2025-10-15 13:18:33.097,B,,
901450,701365,C1046,XAUUSD,SELL,1.11,4096.85,2025-10-15 13:18:46.311,A,LP_B,LP_B-E000110
901451,701366,C1001,EURUSD,SELL,4.44,1.16538,2025-10-15 13:18:53.867,A,LP_A,LP_A-E000345
901452,701367,C1055,GBPUSD,SELL,0.46,1.33837,2025-10-15 13:19:05.356,A,LP_A,LP_A-E000346
901453,701368,C1020,GBPUSD,BUY,0.68,1.3386,2025-10-15 13:19:05.576,B,,
901454,701369,C1023,EURUSD,BUY,8.8,1.16538,2025-10-15 13:19:07.359,B,,
901455,701370,C1036,GBPUSD,BUY,2.09,1.33857,2025-10-15 13:19:17.388,B,,
901456,701371,C1012,EURUSD,BUY,0.56,1.16535,2025-10-15 13:19:18.834,A,LP_C,LP_C-E000218
901457,701372,C1032,GBPUSD,SELL,0.63,1.33839,2025-10-15 13:19:28.998,B,,
901458,701373,C1028,EURUSD,SELL,5.2,1.16525,2025-10-15 13:19:32.278,A,LP_C,LP_C-E000219
901459,701374,C1033,EURUSD,SELL,1.14,1.16525,2025-10-15 13:19:35.478,B,,
901460,701375,C1011,GBPUSD,SELL,1.18,1.33835,2025-10-15 13:19:36.746,B,,
901461,701376,C1041,XAUUSD,BUY,1.0,4096.82,2025-10-15 13:19:43.154,A,LP_C,LP_C-E000220
901462,701376,C1041,XAUUSD,BUY,3.8,4096.9,2025-10-15 13:19:43.603,A,LP_A,LP_A-E000347
901463,701377,C1056,GBPUSD,BUY,0.41,1.33851,2025-10-15 13:19:52.842,A,LP_A,LP_A-E000348
901464,701378,C1044,XAUUSD,BUY,1.29,4096.95,2025-10-15 13:19:53.484,A,LP_A,LP_A-E000349
901465,701379,C1024,GBPUSD,SELL,2.38,1.33838,2025-10-15 13:19:57.657,B,,
901466,701380,C1053,EURUSD,BUY,10.81,1.16544,2025-10-15 13:19:58.469,B,,
901467,701381,C1007,XAUUSD,BUY,8.2,4096.41,2025-10-15 13:20:05.466,B,,
901468,701382,C1025,EURUSD,SELL,2.73,1.1652,2025-10-15 13:20:24.587,B,,
901469,701383,C1023,EURUSD,BUY,9.2,1.16529,2025-10-15 13:20:26.097,B,,
901470,701384,C1045,EURUSD,SELL,3.05,1.16527,2025-10-15 13:20:28.354,B,,
901471,701385,C1041,XAUUSD,BUY,4.5,4096.3,2025-10-15 13:20:31.810,A,LP_A,LP_A-E000350
901472,701385,C1041,XAUUSD,BUY,1.0,4096.3,2025-10-15 13:20:31.932,A,LP_C,LP_C-E000221
901473,701385,C1041,XAUUSD,BUY,2.0,4096.36,2025-10-15 13:20:31.970,A,LP_B,LP_B-E000111
901474,701386,C1042,XAUUSD,SELL,0.65,4095.9,2025-10-15 13:20:33.644,A,LP_A,LP_A-E000351
901475,701387,C1049,GBPUSD,BUY,2.11,1.33866,2025-10-15 13:20:37.801,A,LP_C,LP_C-E000222
901476,701388,C1035,EURUSD,BUY,0.28,1.1654,2025-10-15 13:20:46.324,B,,
901477,701389,C1058,EURUSD,BUY,8.04,1.16535,2025-10-15 13:20:52.085,B,,
901478,701390,C1054,EURUSD,BUY,1.12,1.16533,2025-10-15 13:21:10.089,A,LP_A,LP_A-E000352
901479,701391,C1040,XAUUSD,SELL,0.79,4095.94,2025-10-15 13:21:14.417,A,LP_C,LP_C-E000223
901480,701392,C1026,EURUSD,BUY,0.77,1.16533,2025-10-15 13:21:34.832,B,,
901481,701393,C1047,EURUSD,SELL,1.77,1.16522,2025-10-15 13:21:36.322,A,LP_B,LP_B-E000112
901482,701394,C1007,XAUUSD,SELL,7.7,4096.47,2025-10-15 13:21:38.108,B,,
901483,701395,C1014,XAUUSD,BUY,0.17,4096.58,2025-10-15 13:21:40.797,B,,
901484,701396,C1040,XAUUSD,BUY,2.28,4096.79,2025-10-15 13:21:42.777,A,LP_A,LP_A-E000353
901485,701397,C1039,EURUSD,BUY,1.21,1.16537,2025-10-15 13:21:44.948,B,,
901486,701398,C1027,EURUSD,BUY,0.3,1.16538,2025-10-15 13:21:48.125,B,,
901487,701399,C1014,XAUUSD,SELL,2.55,4096.56,2025-10-15 13:21:49.859,B,,
901488,701400,C1029,XAUUSD,SELL,2.98,4096.28,2025-10-15 13:21:53.848,B,,
901489,701401,C1021,EURUSD,SELL,1.63,1.16517,2025-10-15 13:21:56.086,B,,
901490,701402,C1015,EURUSD,BUY,0.43,1.16537,2025-10-15 13:21:56.411,B,,
901491,701403,C1009,XAUUSD,SELL,0.48,4096.15,2025-10-15 13:22:04.201,B,,
901492,701404,C1012,XAUUSD,BUY,0.1,4095.99,2025-10-15 13:22:11.972,A,LP_A,LP_A-E000354
901493,701405,C1041,EURUSD,BUY,5.8,1.16529,2025-10-15 13:22:13.373,A,LP_A,LP_A-E000355
901494,701406,C1025,EURUSD,BUY,0.33,1.16537,2025-10-15 13:22:16.588,B,,
901495,701407,C1046,EURUSD,BUY,0.18,1.16532,2025-10-15 13:22:31.933,A,LP_A,LP_A-E000356
901496,701408,C1004,XAUUSD,BUY,0.1,4096.26,2025-10-15 13:22:32.286,B,,
901497,701409,C1060,XAUUSD,SELL,3.54,4095.73,2025-10-15 13:22:39.569,B,,
901498,701410,C1044,XAUUSD,SELL,0.68,4095.73,2025-10-15 13:22:45.747,A,LP_A,LP_A-E000357
901499,701411,C1035,EURUSD,BUY,1.93,1.16533,2025-10-15 13:22:49.044,B,,
901500,701412,C1051,EURUSD,BUY,3.26,1.16534,2025-10-15 13:22:50.020,A,LP_C,LP_C-E000224
901501,701413,C1013,GBPUSD,SELL,0.62,1.33838,2025-10-15 13:22:52.788,A,LP_B,LP_B-E000113
901502,701414,C1060,XAUUSD,SELL,0.25,4095.7,2025-10-15 13:22:52.852,B,,
901503,701415,C1049,EURUSD,SELL,1.51,1.16518,2025-10-15 13:22:59.013,A,LP_A,LP_A-E000358
901504,701416,C1019,EURUSD,BUY,1.48,1.16536,2025-10-15 13:23:00.737,A,LP_C,LP_C-E000225
901505,701417,C1034,EURUSD,BUY,1.82,1.16528,2025-10-15 13:23:01.225,B,,
901506,701418,C1025,EURUSD,BUY,2.32,1.16536,2025-10-15 13:23:08.312,B,,
901507,701419,C1052,EURUSD,SELL,0.62,1.16527,2025-10-15 13:23:22.452,A,LP_C,LP_C-E000226
901508,701420,C1013,XAUUSD,SELL,0.46,4095.57,2025-10-15 13:23:26.992,A,LP_A,LP_A-E000359
901509,701421,C1048,EURUSD,SELL,4.13,1.16518,2025-10-15 13:23:27.140,B,,
901510,701422,C1003,GBPUSD,BUY,0.53,1.33854,2025-10-15 13:23:29.042,A,LP_A,LP_A-E000360
901511,701423,C1024,GBPUSD,BUY,0.42,1.33858,2025-10-15 13:23:38.148,B,,
901512,701424,C1035,EURUSD,BUY,0.48,1.16536,2025-10-15 13:23:38.328,B,,
901513,701425,C1014,EURUSD,BUY,0.33,1.16529,2025-10-15 13:23:44.943,B,,
901514,701426,C1053,EURUSD,BUY,0.99,1.16538,2025-10-15 13:23:57.839,B,,
901515,701427,C1037,GBPUSD,SELL,1.23,1.3384,2025-10-15 13:23:59.584,A,LP_A,LP_A-E000361
901516,701428,C1048,EURUSD,SELL,1.09,1.16521,2025-10-15 13:24:01.797,B,,
901517,701429,C1042,EURUSD,BUY,1.03,1.1654,2025-10-15 13:24:02.806,A,LP_C,LP_C-E000227
901518,701430,C1035,XAUUSD,BUY,2.79,4095.79,2025-10-15 13:24:08.325,B,,
901519,701431,C1052,XAUUSD,BUY,0.31,4095.59,2025-10-15 13:24:09.033,A,LP_A,LP_A-E000362
901520,701432,C1052,EURUSD,BUY,1.53,1.16533,2025-10-15 13:24:11.177,A,LP_C,LP_C-E000228
901521,701433,C1008,GBPUSD,BUY,1.95,1.33864,2025-10-15 13:24:22.379,A,LP_A,LP_A-E000363
901522,701434,C1046,GBPUSD,SELL,0.66,1.33841,2025-10-15 13:24:22.642,A,LP_A,LP_A-E000364
901523,701435,C1042,XAUUSD,SELL,0.79,4094.96,2025-10-15 13:24:26.494,A,LP_C,LP_C-E000229
901524,701436,C1011,EURUSD,BUY,1.37,1.16541,2025-10-15 13:24:30.842,B,,
901525,701437,C1052,EURUSD,SELL,4.6,1.16531,2025-10-15 13:24:30.919,A,LP_A,LP_A-E000365
901526,701438,C1041,XAUUSD,SELL,2.5,4095.14,2025-10-15 13:24:38.376,A,LP_A,LP_A-E000366
901527,701439,C1043,XAUUSD,BUY,1.34,4095.72,2025-10-15 13:24:45.582,A,LP_B,LP_B-E000114
901528,701440,C1018,GBPUSD,SELL,2.68,1.33846,2025-10-15 13:24:49.723,B,,
901529,701441,C1007,EURUSD,BUY,3.8,1.16536,2025-10-15 13:24:52.157,B,,
901530,701442,C1007,XAUUSD,SELL,8.9,4095.34,2025-10-15 13:24:54.743,B,,
901531,701443,C1048,EURUSD,BUY,0.27,1.16544,2025-10-15 13:24:58.975,B,,
901532,701444,C1007,XAUUSD,BUY,2.3,4095.27,2025-10-15 13:25:00.467,B,,
901533,701445,C1049,GBPUSD,SELL,0.64,1.33849,2025-10-15 13:25:06.766,A,LP_A,LP_A-E000367
901534,701446,C1006,GBPUSD,BUY,0.6,1.33873,2025-10-15 13:25:10.169,B,,
901535,701447,C1031,EURUSD,SELL,1.44,1.16525,2025-10-15 13:25:11.989,A,LP_A,LP_A-E000368
901536,701448,C1048,XAUUSD,BUY,1.3,4095.48,2025-10-15 13:25:12.206,B,,
901537,701449,C1019,EURUSD,BUY,0.36,1.16545,2025-10-15 13:25:13.061,A,LP_A,LP_A-E000369
901538,701450,C1038,XAUUSD,SELL,5.83,4094.85,2025-10-15 13:25:24.221,B,,
901539,701451,C1052,GBPUSD,BUY,2.59,1.33868,2025-10-15 13:25:38.283,A,LP_C,LP_C-E000230
901540,701452,C1012,GBPUSD,BUY,0.58,1.33867,2025-10-15 13:25:41.502,A,LP_A,LP_A-E000370
901541,701453,C1056,XAUUSD,SELL,0.47,4094.65,2025-10-15 13:25:41.802,A,LP_A,LP_A-E000371
901542,701454,C1004,GBPUSD,SELL,1.55,1.33853,2025-10-15 13:25:43.071,B,,
901543,701455,C1043,XAUUSD,BUY,1.07,4094.88,2025-10-15 13:25:44.564,A,LP_A,LP_A-E000372
901544,701456,C1057,GBPUSD,BUY,0.27,1.33874,2025-10-15 13:25:45.044,B,,
901545,701457,C1039,XAUUSD,SELL,0.64,4094.11,2025-10-15 13:25:48.501,B,,
901546,701458,C1049,XAUUSD,SELL,1.0,4093.98,2025-10-15 13:25:50.243,A,LP_C,LP_C-E000231
901547,701458,C1049,XAUUSD,SELL,1.8599999999999999,4093.94,2025-10-15 13:25:50.249,A,LP_A,LP_A-E000373
901548,701459,C1016,GBPUSD,SELL,0.93,1.33857,2025-10-15 13:26:07.131,A,LP_B,LP_B-E000115
901549,701460,C1038,GBPUSD,SELL,0.39,1.33865,2025-10-15 13:26:07.353,B,,
901550,701461,C1016,XAUUSD,BUY,0.69,4094.36,2025-10-15 13:26:07.949,A,LP_A,LP_A-E000374
901551,701462,C1041,EURUSD,BUY,4.9,1.16543,2025-10-15 13:26:23.251,A,LP_A,LP_A-E000375
901552,701463,C1004,GBPUSD,SELL,2.97,1.33858,2025-10-15 13:26:28.844,B,,
901553,701464,C1060,EURUSD,BUY,0.51,1.16551,2025-10-15 13:26:29.627,B,,
901554,701465,C1003,EURUSD,BUY,0.51,1.1655,2025-10-15 13:26:32.390,A,LP_C,LP_C-E000232
901555,701466,C1022,EURUSD,BUY,0.99,1.1655,2025-10-15 13:26:32.541,B,,
901556,701467,C1044,XAUUSD,BUY,0.16,4094.46,2025-10-15 13:26:37.344,A,LP_A,LP_A-E000376
901557,701468,C1023,XAUUSD,SELL,2.7,4094.19,2025-10-15 13:26:42.381,B,,
901558,701469,C1036,XAUUSD,BUY,1.91,4094.55,2025-10-15 13:26:43.446,B,,
901559,701470,C1059,GBPUSD,SELL,3.4,1.33848,2025-10-15 13:26:45.286,B,,
901560,701471,C1029,EURUSD,BUY,3.86,1.16556,2025-10-15 13:26:53.344,B,,
901561,701472,C1060,XAUUSD,SELL,3.22,4094.3,2025-10-15 13:26:58.915,B,,
901562,701473,C1059,XAUUSD,SELL,0.5,4094.3,2025-10-15 13:26:59.840,B,,
901563,701474,C1040,EURUSD,BUY,2.84,1.16554,2025-10-15 13:27:00.363,A,LP_C,LP_C-E000233
901564,701475,C1001,EURUSD,SELL,0.84,1.16545,2025-10-15 13:27:02.771,A,LP_A,LP_A-E000377
901565,701476,C1043,EURUSD,SELL,2.3,1.16537,2025-10-15 13:27:07.634,A,LP_C,LP_C-E000234
901566,701477,C1006,XAUUSD,SELL,1.13,4094.23,2025-10-15 13:27:14.031,B,,
901567,701478,C1051,EURUSD,BUY,2.93,1.16558,2025-10-15 13:27:17.546,A,LP_A,LP_A-E000378
901568,701479,C1045,EURUSD,SELL,0.65,1.16547,2025-10-15 13:27:24.394,B,,
901569,701480,C1058,EURUSD,SELL,0.85,1.16546,2025-10-15 13:27:26.639,B,,
901570,701481,C1023,EURUSD,SELL,7.3,1.16547,2025-10-15 13:27:29.781,B,,
901571,701482,C1012,EURUSD,SELL,0.57,1.16547,2025-10-15 13:27:35.467,A,LP_A,LP_A-E000379
901572,701483,C1058,XAUUSD,SELL,0.34,4094.25,2025-10-15 13:27:36.653,B,,
901573,701484,C1038,XAUUSD,BUY,3.83,4094.31,2025-10-15 13:27:41.053,B,,
901574,701485,C1029,EURUSD,SELL,0.99,1.16542,2025-10-15 13:27:41.655,B,,
901575,701486,C1055,EURUSD,SELL,5.44,1.16542,2025-10-15 13:27:42.990,A,LP_A,LP_A-E000380
901576,701487,C1023,XAUUSD,SELL,7.7,4094.03,2025-10-15 13:27:48.879,B,,
901577,701488,C1017,EURUSD,SELL,1.71,1.16539,2025-10-15 13:27:54.185,B,,
901578,701489,C1036,GBPUSD,SELL,0.46,1.33841,2025-10-15 13:28:02.198,B,,
901579,701490,C1021,GBPUSD,SELL,0.68,1.33841,2025-10-15 13:28:02.826,B,,
901580,701491,C1044,XAUUSD,SELL,1.0,4093.75,2025-10-15 13:28:03.484,A,LP_C,LP_C-E000235
901581,701491,C1044,XAUUSD,SELL,6.0,4093.74,2025-10-15 13:28:03.492,A,LP_A,LP_A-E000381
901582,701491,C1044,XAUUSD,SELL,1.6500000000000004,4093.73,2025-10-15 13:28:03.529,A,LP_B,LP_B-E000116
901583,701492,C1007,EURUSD,BUY,3.5,1.16549,2025-10-15 13:28:04.630,B,,
901584,701493,C1047,XAUUSD,SELL,0.28,4093.54,2025-10-15 13:28:18.505,A,LP_A,LP_A-E000382
901585,701494,C1041,EURUSD,SELL,5.5,1.16542,2025-10-15 13:28:20.521,A,LP_A,LP_A-E000383
901586,701495,C1041,XAUUSD,BUY,1.5,4093.94,2025-10-15 13:28:22.563,A,LP_C,LP_C-E000236
901587,701495,C1041,XAUUSD,BUY,4.5,4093.93,2025-10-15 13:28:22.573,A,LP_A,LP_A-E000384
901588,701495,C1041,XAUUSD,BUY,0.2999999999999998,4094.0,2025-10-15 13:28:22.609,A,LP_B,LP_B-E000117
901589,701496,C1013,GBPUSD,SELL,7.12,1.33838,2025-10-15 13:28:27.781,A,LP_A,LP_A-E000385
901590,701497,C1003,XAUUSD,SELL,1.12,4093.21,2025-10-15 13:28:32.543,A,LP_B,LP_B-E000118
901591,701498,C1038,XAUUSD,SELL,1.71,4093.45,2025-10-15 13:28:33.917,B,,
901592,701499,C1058,XAUUSD,SELL,2.87,4093.35,2025-10-15 13:28:39.340,B,,
901593,701500,C1060,XAUUSD,SELL,5.52,4093.06,2025-10-15 13:28:47.540,B,,
901594,701501,C1045,GBPUSD,BUY,2.42,1.33851,2025-10-15 13:28:50.609,B,,
901595,701502,C1020,GBPUSD,BUY,2.27,1.33862,2025-10-15 13:28:54.777,B,,
901596,701503,C1053,XAUUSD,SELL,2.18,4093.11,2025-10-15 13:29:03.595,B,,
901597,701504,C1009,XAUUSD,SELL,0.48,4093.31,2025-10-15 13:29:05.518,B,,
901598,701505,C1040,EURUSD,SELL,0.12,1.1653,2025-10-15 13:29:20.057,A,LP_C,LP_C-E000237
901599,701506,C1031,EURUSD,SELL,0.96,1.16529,2025-10-15 13:29:24.650,A,LP_A,LP_A-E000386
901600,701507,C1032,GBPUSD,BUY,2.54,1.33867,2025-10-15 13:29:27.512,B,,
901601,701508,C1024,EURUSD,BUY,4.76,1.16549,2025-10-15 13:29:27.779,B,,
901602,701509,C1041,EURUSD,SELL,9.0,1.16537,2025-10-15 13:29:31.800,A,LP_A,LP_A-E000387
901603,701510,C1041,XAUUSD,BUY,4.0,4093.51,2025-10-15 13:29:37.931,A,LP_B,LP_B-E000119
901604,701510,C1041,XAUUSD,BUY,2.3,4093.52,2025-10-15 13:29:38.068,A,LP_A,LP_A-E000388
901605,701511,C1014,XAUUSD,BUY,0.93,4093.49,2025-10-15 13:29:40.932,B,,
901606,701512,C1032,EURUSD,SELL,4.52,1.16527,2025-10-15 13:29:45.316,B,,
901607,701513,C1039,GBPUSD,SELL,0.82,1.33848,2025-10-15 13:29:48.146,B,,
901608,701514,C1059,XAUUSD,SELL,0.39,4092.91,2025-10-15 13:29:51.667,B,,
901609,701515,C1042,EURUSD,SELL,0.86,1.16527,2025-10-15 13:29:52.309,A,LP_A,LP_A-E000389
