order_id,client_id,group,book,symbol,side,lots,client_send_time,requested_price,server_recv_time,bridge_recv_time,lp_send_time,lp_response_time,server_fill_time,client_recv_time,status,filled_lots,fill_price,lp,attempts,reject_reason
700001,C1007,RAW,B,EURUSD,SELL,4.9,2025-10-15 11:30:16.710,1.16252,2025-10-15 11:30:16.765,,,,2025-10-15 11:30:16.768,2025-10-15 11:30:16.805,FILLED,4.9,1.16252,,0,
700002,C1029,STD,B,XAUUSD,BUY,0.43,2025-10-15 11:30:27.152,4086.09,2025-10-15 11:30:27.173,,,,2025-10-15 11:30:27.176,2025-10-15 11:30:27.239,FILLED,0.43,4086.09,,0,
700003,C1025,STD,B,XAUUSD,SELL,4.22,2025-10-15 11:30:27.847,4085.53,2025-10-15 11:30:27.883,,,,2025-10-15 11:30:27.885,2025-10-15 11:30:27.945,FILLED,4.22,4085.53,,0,
700004,C1041,RAW,A,XAUUSD,SELL,9.4,2025-10-15 11:30:34.365,4085.76,2025-10-15 11:30:34.400,2025-10-15 11:30:34.403,2025-10-15 11:30:34.405,2025-10-15 11:30:34.585,2025-10-15 11:30:34.587,2025-10-15 11:30:34.654,PARTIAL,6.5,4085.72,"LP_C,LP_A,LP_B",3,
700005,C1040,STD,A,EURUSD,SELL,2.62,2025-10-15 11:30:43.568,1.16244,2025-10-15 11:30:43.619,2025-10-15 11:30:43.620,2025-10-15 11:30:43.622,2025-10-15 11:30:43.629,2025-10-15 11:30:43.632,2025-10-15 11:30:43.675,FILLED,2.62,1.16244,LP_A,1,
700006,C1032,STD,B,GBPUSD,SELL,0.71,2025-10-15 11:30:46.761,1.33473,2025-10-15 11:30:46.779,,,,2025-10-15 11:30:46.782,2025-10-15 11:30:46.817,FILLED,0.71,1.33473,,0,
700007,C1023,RAW,B,EURUSD,SELL,4.7,2025-10-15 11:30:54.563,1.16253,2025-10-15 11:30:54.596,,,,2025-10-15 11:30:54.597,2025-10-15 11:30:54.654,FILLED,4.7,1.16252,,0,
700008,C1028,STD,A,EURUSD,BUY,0.94,2025-10-15 11:30:54.708,1.16264,2025-10-15 11:30:54.742,2025-10-15 11:30:54.744,2025-10-15 11:30:54.745,2025-10-15 11:30:54.783,2025-10-15 11:30:54.786,2025-10-15 11:30:54.851,FILLED,0.94,1.16264,LP_B,1,
700009,C1017,STD,B,EURUSD,BUY,0.15,2025-10-15 11:31:03.373,1.16264,2025-10-15 11:31:03.425,,,,2025-10-15 11:31:03.427,2025-10-15 11:31:03.460,FILLED,0.15,1.16264,,0,
700010,C1016,STD,A,EURUSD,SELL,2.52,2025-10-15 11:31:19.153,1.16246,2025-10-15 11:31:19.190,2025-10-15 11:31:19.192,2025-10-15 11:31:19.194,2025-10-15 11:31:19.324,2025-10-15 11:31:19.325,2025-10-15 11:31:19.354,FILLED,2.52,1.16246,LP_C,1,
700011,C1006,STD,B,EURUSD,BUY,0.61,2025-10-15 11:31:23.675,1.16265,2025-10-15 11:31:23.718,,,,2025-10-15 11:31:23.720,2025-10-15 11:31:23.744,FILLED,0.61,1.16265,,0,
700012,C1011,STD,B,EURUSD,BUY,2.09,2025-10-15 11:31:41.050,1.16263,2025-10-15 11:31:41.096,,,,2025-10-15 11:31:41.099,2025-10-15 11:31:41.127,FILLED,2.09,1.16263,,0,
700013,C1032,STD,B,XAUUSD,SELL,2.9,2025-10-15 11:31:49.521,4085.44,2025-10-15 11:31:49.565,,,,2025-10-15 11:31:49.568,2025-10-15 11:31:49.627,FILLED,2.9,4085.44,,0,
700014,C1043,STD,A,EURUSD,SELL,0.96,2025-10-15 11:32:10.073,1.16248,2025-10-15 11:32:10.089,2025-10-15 11:32:10.092,2025-10-15 11:32:10.093,2025-10-15 11:32:10.228,2025-10-15 11:32:10.229,2025-10-15 11:32:10.245,FILLED,0.96,1.16248,LP_C,1,
700015,C1041,RAW,A,EURUSD,BUY,3.4,2025-10-15 11:32:21.818,1.16261,2025-10-15 11:32:21.853,2025-10-15 11:32:21.856,2025-10-15 11:32:21.858,2025-10-15 11:32:22.054,2025-10-15 11:32:22.056,2025-10-15 11:32:22.072,FILLED,3.4,1.16263,LP_B,2,
700016,C1045,RAW,B,XAUUSD,BUY,1.31,2025-10-15 11:32:26.309,4085.77,2025-10-15 11:32:26.364,,,,2025-10-15 11:32:26.366,2025-10-15 11:32:26.415,FILLED,1.31,4085.77,,0,
700017,C1049,STD,A,XAUUSD,SELL,0.3,2025-10-15 11:32:27.553,4085.46,2025-10-15 11:32:27.576,2025-10-15 11:32:27.578,2025-10-15 11:32:27.580,2025-10-15 11:32:27.735,2025-10-15 11:32:27.737,2025-10-15 11:32:27.782,FILLED,0.3,4085.46,LP_C,1,
700018,C1030,STD,A,XAUUSD,SELL,1.0,2025-10-15 11:32:31.806,4085.63,2025-10-15 11:32:31.867,2025-10-15 11:32:31.869,2025-10-15 11:32:31.870,2025-10-15 11:32:32.017,2025-10-15 11:32:32.019,2025-10-15 11:32:32.065,FILLED,1.0,4085.63,LP_C,1,
700019,C1007,RAW,B,XAUUSD,SELL,6.7,2025-10-15 11:32:33.526,4085.83,2025-10-15 11:32:33.593,,,,2025-10-15 11:32:33.596,2025-10-15 11:32:33.623,FILLED,6.7,4085.83,,0,
700020,C1023,RAW,B,EURUSD,BUY,3.4,2025-10-15 11:32:45.657,1.16267,2025-10-15 11:32:45.712,,,,2025-10-15 11:32:45.715,2025-10-15 11:32:45.733,FILLED,3.4,1.16267,,0,
700021,C1058,RAW,B,EURUSD,SELL,0.4,2025-10-15 11:32:46.359,1.16265,2025-10-15 11:32:46.385,,,,2025-10-15 11:32:46.389,2025-10-15 11:32:46.421,FILLED,0.4,1.16265,,0,
700022,C1011,STD,B,EURUSD,BUY,0.67,2025-10-15 11:32:46.448,1.16276,2025-10-15 11:32:46.505,,,,2025-10-15 11:32:46.506,2025-10-15 11:32:46.554,FILLED,0.67,1.16276,,0,
700023,C1036,STD,B,EURUSD,SELL,1.13,2025-10-15 11:32:49.904,1.16258,2025-10-15 11:32:49.935,,,,2025-10-15 11:32:49.939,2025-10-15 11:32:50.005,FILLED,1.13,1.16258,,0,
700024,C1001,RAW,A,XAUUSD,BUY,0.39,2025-10-15 11:32:50.372,4086.0,2025-10-15 11:32:50.396,2025-10-15 11:32:50.399,2025-10-15 11:32:50.400,2025-10-15 11:32:50.586,2025-10-15 11:32:50.587,2025-10-15 11:32:50.629,FILLED,0.39,4086.01,LP_B,2,
700025,C1034,RAW,B,EURUSD,BUY,0.93,2025-10-15 11:32:54.690,1.16265,2025-10-15 11:32:54.716,,,,2025-10-15 11:32:54.717,2025-10-15 11:32:54.740,FILLED,0.93,1.16265,,0,
700026,C1058,RAW,B,EURUSD,SELL,0.37,2025-10-15 11:32:56.004,1.16262,2025-10-15 11:32:56.025,,,,2025-10-15 11:32:56.029,2025-10-15 11:32:56.092,FILLED,0.37,1.16262,,0,
700027,C1022,STD,B,GBPUSD,SELL,2.37,2025-10-15 11:32:57.043,1.33478,2025-10-15 11:32:57.112,,,,2025-10-15 11:32:57.115,2025-10-15 11:32:57.143,FILLED,2.37,1.33478,,0,
700028,C1045,RAW,B,GBPUSD,SELL,0.49,2025-10-15 11:33:00.130,1.33485,2025-10-15 11:33:00.151,,,,2025-10-15 11:33:00.153,2025-10-15 11:33:00.215,FILLED,0.49,1.33485,,0,
700029,C1054,RAW,A,EURUSD,SELL,0.4,2025-10-15 11:33:01.975,1.16263,2025-10-15 11:33:02.026,2025-10-15 11:33:02.028,2025-10-15 11:33:02.030,2025-10-15 11:33:02.137,2025-10-15 11:33:02.139,2025-10-15 11:33:02.200,FILLED,0.4,1.16263,LP_C,1,
700030,C1009,RAW,B,EURUSD,SELL,0.62,2025-10-15 11:33:06.888,1.16266,2025-10-15 11:33:06.955,,,,2025-10-15 11:33:06.956,2025-10-15 11:33:06.980,FILLED,0.62,1.16266,,0,
700031,C1041,RAW,A,XAUUSD,SELL,3.3,2025-10-15 11:33:15.995,4085.76,2025-10-15 11:33:16.020,2025-10-15 11:33:16.023,2025-10-15 11:33:16.024,2025-10-15 11:33:16.184,2025-10-15 11:33:16.186,2025-10-15 11:33:16.213,FILLED,3.3,4085.72,"LP_C,LP_B",2,
700032,C1056,RAW,A,EURUSD,BUY,2.32,2025-10-15 11:33:16.897,1.16267,2025-10-15 11:33:16.915,2025-10-15 11:33:16.916,2025-10-15 11:33:16.917,2025-10-15 11:33:16.923,2025-10-15 11:33:16.925,2025-10-15 11:33:16.960,FILLED,2.32,1.16267,LP_A,1,
700033,C1014,RAW,B,XAUUSD,BUY,0.83,2025-10-15 11:33:23.605,4085.83,2025-10-15 11:33:23.635,,,,2025-10-15 11:33:23.637,2025-10-15 11:33:23.656,FILLED,0.83,4085.83,,0,
700034,C1048,STD,B,XAUUSD,SELL,1.13,2025-10-15 11:33:27.267,4085.47,2025-10-15 11:33:27.317,,,,2025-10-15 11:33:27.320,2025-10-15 11:33:27.381,FILLED,1.13,4085.47,,0,
700035,C1001,RAW,A,EURUSD,SELL,0.99,2025-10-15 11:33:28.194,1.16265,2025-10-15 11:33:28.219,2025-10-15 11:33:28.222,2025-10-15 11:33:28.224,2025-10-15 11:33:28.234,2025-10-15 11:33:28.237,2025-10-15 11:33:28.296,FILLED,0.99,1.16264,LP_A,1,
700036,C1008,STD,A,GBPUSD,SELL,0.26,2025-10-15 11:33:29.198,1.33477,2025-10-15 11:33:29.240,2025-10-15 11:33:29.241,2025-10-15 11:33:29.243,2025-10-15 11:33:29.251,2025-10-15 11:33:29.252,2025-10-15 11:33:29.280,FILLED,0.26,1.33477,LP_A,1,
700037,C1055,STD,A,EURUSD,BUY,1.39,2025-10-15 11:33:29.712,1.16274,2025-10-15 11:33:29.755,2025-10-15 11:33:29.757,2025-10-15 11:33:29.758,2025-10-15 11:33:29.767,2025-10-15 11:33:29.770,2025-10-15 11:33:29.817,FILLED,1.39,1.16274,LP_A,1,
700038,C1004,STD,B,XAUUSD,SELL,1.07,2025-10-15 11:33:29.848,4085.52,2025-10-15 11:33:29.914,,,,2025-10-15 11:33:29.917,2025-10-15 11:33:29.970,FILLED,1.07,4085.52,,0,
700039,C1014,RAW,B,XAUUSD,SELL,0.48,2025-10-15 11:33:30.317,4085.77,2025-10-15 11:33:30.354,,,,2025-10-15 11:33:30.356,2025-10-15 11:33:30.414,FILLED,0.48,4085.77,,0,
700040,C1034,RAW,B,XAUUSD,SELL,2.24,2025-10-15 11:33:31.480,4085.81,2025-10-15 11:33:31.502,,,,2025-10-15 11:33:31.505,2025-10-15 11:33:31.574,FILLED,2.24,4085.79,,0,
700041,C1030,STD,A,GBPUSD,BUY,1.17,2025-10-15 11:33:34.843,1.33494,2025-10-15 11:33:34.859,2025-10-15 11:33:34.860,2025-10-15 11:33:34.862,2025-10-15 11:33:35.008,2025-10-15 11:33:35.011,2025-10-15 11:33:35.053,FILLED,1.17,1.33495,LP_B,2,
700042,C1020,STD,B,XAUUSD,BUY,1.95,2025-10-15 11:33:39.036,4086.45,2025-10-15 11:33:39.106,,,,2025-10-15 11:33:39.107,2025-10-15 11:33:39.148,FILLED,1.95,4086.45,,0,
700043,C1049,STD,A,EURUSD,SELL,0.92,2025-10-15 11:33:39.601,1.16256,2025-10-15 11:33:39.663,2025-10-15 11:33:39.666,2025-10-15 11:33:39.667,2025-10-15 11:33:39.676,2025-10-15 11:33:39.678,2025-10-15 11:33:39.728,FILLED,0.92,1.16255,LP_A,1,
700044,C1001,RAW,A,EURUSD,SELL,0.93,2025-10-15 11:33:41.644,1.16263,2025-10-15 11:33:41.676,2025-10-15 11:33:41.678,2025-10-15 11:33:41.680,2025-10-15 11:33:41.688,2025-10-15 11:33:41.690,2025-10-15 11:33:41.725,FILLED,0.93,1.16263,LP_A,1,
700045,C1057,STD,B,XAUUSD,SELL,0.56,2025-10-15 11:33:46.915,4086.08,2025-10-15 11:33:46.956,,,,2025-10-15 11:33:46.959,2025-10-15 11:33:47.026,FILLED,0.56,4086.08,,0,
700046,C1019,STD,A,XAUUSD,BUY,1.95,2025-10-15 11:33:47.937,4086.68,2025-10-15 11:33:47.969,2025-10-15 11:33:47.972,2025-10-15 11:33:47.973,2025-10-15 11:33:48.013,2025-10-15 11:33:48.015,2025-10-15 11:33:48.078,FILLED,1.95,4086.68,LP_B,1,
700047,C1003,STD,A,EURUSD,SELL,0.44,2025-10-15 11:33:52.667,1.16253,2025-10-15 11:33:52.690,2025-10-15 11:33:52.692,2025-10-15 11:33:52.694,2025-10-15 11:33:52.700,2025-10-15 11:33:52.703,2025-10-15 11:33:52.735,FILLED,0.44,1.16253,LP_A,1,
700048,C1058,RAW,B,EURUSD,BUY,0.47,2025-10-15 11:33:57.280,1.16263,2025-10-15 11:33:57.321,,,,2025-10-15 11:33:57.325,2025-10-15 11:33:57.343,FILLED,0.47,1.16263,,0,
700049,C1001,RAW,A,EURUSD,BUY,2.35,2025-10-15 11:34:01.686,1.16263,2025-10-15 11:34:01.744,2025-10-15 11:34:01.747,2025-10-15 11:34:01.747,2025-10-15 11:34:01.786,2025-10-15 11:34:01.788,2025-10-15 11:34:01.808,FILLED,2.35,1.16263,LP_B,1,
700050,C1057,STD,B,XAUUSD,SELL,2.13,2025-10-15 11:34:03.592,4086.42,2025-10-15 11:34:03.660,,,,2025-10-15 11:34:03.664,2025-10-15 11:34:03.729,FILLED,2.13,4086.42,,0,
700051,C1049,STD,A,XAUUSD,BUY,0.35,2025-10-15 11:34:07.158,4086.97,2025-10-15 11:34:07.214,2025-10-15 11:34:07.216,2025-10-15 11:34:07.217,2025-10-15 11:34:07.372,2025-10-15 11:34:07.374,2025-10-15 11:34:07.411,FILLED,0.35,4086.97,LP_C,1,
700052,C1014,RAW,B,XAUUSD,SELL,1.21,2025-10-15 11:34:11.852,4086.62,2025-10-15 11:34:11.918,,,,2025-10-15 11:34:11.920,2025-10-15 11:34:11.945,FILLED,1.21,4086.62,,0,
700053,C1052,RAW,A,XAUUSD,BUY,0.84,2025-10-15 11:34:17.460,4086.71,2025-10-15 11:34:17.480,2025-10-15 11:34:17.482,2025-10-15 11:34:17.483,2025-10-15 11:34:17.492,2025-10-15 11:34:17.493,2025-10-15 11:34:17.522,FILLED,0.84,4086.71,LP_A,1,
700054,C1013,STD,A,XAUUSD,SELL,1.04,2025-10-15 11:34:19.144,4086.3,2025-10-15 11:34:19.200,2025-10-15 11:34:19.201,2025-10-15 11:34:19.202,2025-10-15 11:34:19.209,2025-10-15 11:34:19.211,2025-10-15 11:34:19.252,FILLED,1.04,4086.3,LP_A,1,
700055,C1038,RAW,B,EURUSD,SELL,0.91,2025-10-15 11:34:24.870,1.16258,2025-10-15 11:34:24.893,,,,2025-10-15 11:34:24.895,2025-10-15 11:34:24.925,FILLED,0.91,1.16258,,0,
700056,C1031,STD,A,XAUUSD,SELL,0.37,2025-10-15 11:34:24.889,4086.28,2025-10-15 11:34:24.917,2025-10-15 11:34:24.918,2025-10-15 11:34:24.919,2025-10-15 11:34:25.071,2025-10-15 11:34:25.073,2025-10-15 11:34:25.108,FILLED,0.37,4086.25,LP_A,2,
700057,C1044,STD,A,XAUUSD,SELL,2.28,2025-10-15 11:34:25.355,4086.25,2025-10-15 11:34:25.394,2025-10-15 11:34:25.396,2025-10-15 11:34:25.397,2025-10-15 11:34:25.403,2025-10-15 11:34:25.405,2025-10-15 11:34:25.426,FILLED,2.28,4086.25,LP_A,1,
700058,C1041,RAW,A,EURUSD,BUY,6.6,2025-10-15 11:34:36.419,1.16259,2025-10-15 11:34:36.448,2025-10-15 11:34:36.450,2025-10-15 11:34:36.451,2025-10-15 11:34:36.458,2025-10-15 11:34:36.460,2025-10-15 11:34:36.506,FILLED,6.6,1.16259,LP_A,1,
700059,C1044,STD,A,EURUSD,BUY,0.18,2025-10-15 11:34:37.894,1.16266,2025-10-15 11:34:37.925,2025-10-15 11:34:37.926,2025-10-15 11:34:37.926,2025-10-15 11:34:38.056,2025-10-15 11:34:38.058,2025-10-15 11:34:38.092,FILLED,0.18,1.16266,LP_C,1,
700060,C1023,RAW,B,EURUSD,SELL,3.2,2025-10-15 11:34:40.458,1.16254,2025-10-15 11:34:40.496,,,,2025-10-15 11:34:40.499,2025-10-15 11:34:40.559,FILLED,3.2,1.16254,,0,
700061,C1030,STD,A,EURUSD,BUY,1.98,2025-10-15 11:34:43.914,1.16263,2025-10-15 11:34:43.946,2025-10-15 11:34:43.948,2025-10-15 11:34:43.949,2025-10-15 11:34:43.956,2025-10-15 11:34:43.958,2025-10-15 11:34:44.023,FILLED,1.98,1.16262,LP_A,1,
700062,C1026,RAW,B,EURUSD,SELL,0.55,2025-10-15 11:34:52.617,1.16252,2025-10-15 11:34:52.682,,,,2025-10-15 11:34:52.684,2025-10-15 11:34:52.718,FILLED,0.55,1.16252,,0,
700063,C1041,RAW,A,XAUUSD,BUY,7.0,2025-10-15 11:35:03.103,4086.52,2025-10-15 11:35:03.162,2025-10-15 11:35:03.165,2025-10-15 11:35:03.165,2025-10-15 11:35:03.373,2025-10-15 11:35:03.376,2025-10-15 11:35:03.434,PARTIAL,5.0,4086.57,"LP_A,LP_B",3,
700064,C1054,RAW,A,EURUSD,BUY,0.7,2025-10-15 11:35:04.616,1.16255,2025-10-15 11:35:04.656,2025-10-15 11:35:04.658,2025-10-15 11:35:04.659,2025-10-15 11:35:04.666,2025-10-15 11:35:04.668,2025-10-15 11:35:04.722,FILLED,0.7,1.16255,LP_A,1,
700065,C1021,STD,B,EURUSD,SELL,0.31,2025-10-15 11:35:05.614,1.16244,2025-10-15 11:35:05.649,,,,2025-10-15 11:35:05.653,2025-10-15 11:35:05.712,FILLED,0.31,1.16244,,0,
700066,C1021,STD,B,XAUUSD,BUY,0.84,2025-10-15 11:35:07.551,4086.72,2025-10-15 11:35:07.601,,,,2025-10-15 11:35:07.602,2025-10-15 11:35:07.648,FILLED,0.84,4086.72,,0,
700067,C1007,RAW,B,EURUSD,BUY,8.7,2025-10-15 11:35:12.471,1.16254,2025-10-15 11:35:12.514,,,,2025-10-15 11:35:12.517,2025-10-15 11:35:12.537,FILLED,8.7,1.16254,,0,
700068,C1033,STD,B,GBPUSD,SELL,0.37,2025-10-15 11:35:15.588,1.33485,2025-10-15 11:35:15.628,,,,2025-10-15 11:35:15.629,2025-10-15 11:35:15.687,FILLED,0.37,1.33485,,0,
700069,C1006,STD,B,XAUUSD,BUY,0.43,2025-10-15 11:35:29.324,4086.5,2025-10-15 11:35:29.359,,,,2025-10-15 11:35:29.362,2025-10-15 11:35:29.383,FILLED,0.43,4086.5,,0,
700070,C1009,RAW,B,EURUSD,SELL,1.55,2025-10-15 11:35:42.530,1.16256,2025-10-15 11:35:42.582,,,,2025-10-15 11:35:42.584,2025-10-15 11:35:42.601,FILLED,1.55,1.16256,,0,
700071,C1026,RAW,B,XAUUSD,SELL,6.62,2025-10-15 11:35:46.948,4085.8,2025-10-15 11:35:46.998,,,,2025-10-15 11:35:47.000,2025-10-15 11:35:47.029,FILLED,6.62,4085.8,,0,
700072,C1060,STD,B,EURUSD,BUY,0.26,2025-10-15 11:35:49.025,1.16269,2025-10-15 11:35:49.062,,,,2025-10-15 11:35:49.064,2025-10-15 11:35:49.118,FILLED,0.26,1.16269,,0,
700073,C1003,STD,A,EURUSD,BUY,0.2,2025-10-15 11:35:54.091,1.16268,2025-10-15 11:35:54.148,2025-10-15 11:35:54.150,2025-10-15 11:35:54.152,2025-10-15 11:35:54.158,2025-10-15 11:35:54.161,2025-10-15 11:35:54.216,FILLED,0.2,1.16268,LP_A,1,
700074,C1035,STD,B,GBPUSD,BUY,3.52,2025-10-15 11:35:55.504,1.33514,2025-10-15 11:35:55.550,,,,2025-10-15 11:35:55.552,2025-10-15 11:35:55.590,FILLED,3.52,1.33514,,0,
700075,C1043,STD,A,GBPUSD,BUY,1.77,2025-10-15 11:35:59.287,1.33512,2025-10-15 11:35:59.317,2025-10-15 11:35:59.320,2025-10-15 11:35:59.321,2025-10-15 11:35:59.458,2025-10-15 11:35:59.461,2025-10-15 11:35:59.489,FILLED,1.77,1.33512,LP_C,1,
700076,C1053,STD,B,EURUSD,SELL,0.61,2025-10-15 11:36:00.350,1.16247,2025-10-15 11:36:00.420,,,,2025-10-15 11:36:00.422,2025-10-15 11:36:00.484,FILLED,0.61,1.16247,,0,
700077,C1003,STD,A,XAUUSD,BUY,0.5,2025-10-15 11:36:05.908,4086.57,2025-10-15 11:36:05.945,2025-10-15 11:36:05.946,2025-10-15 11:36:05.948,2025-10-15 11:36:05.954,2025-10-15 11:36:05.956,2025-10-15 11:36:05.988,FILLED,0.5,4086.59,LP_A,1,
700078,C1022,STD,B,GBPUSD,SELL,0.26,2025-10-15 11:36:13.074,1.33489,2025-10-15 11:36:13.141,,,,2025-10-15 11:36:13.144,2025-10-15 11:36:13.198,FILLED,0.26,1.33489,,0,
700079,C1010,RAW,A,EURUSD,BUY,2.26,2025-10-15 11:36:19.301,1.16256,2025-10-15 11:36:19.319,2025-10-15 11:36:19.321,2025-10-15 11:36:19.322,2025-10-15 11:36:19.330,2025-10-15 11:36:19.332,2025-10-15 11:36:19.350,FILLED,2.26,1.16256,LP_A,1,
700080,C1043,STD,A,GBPUSD,BUY,2.06,2025-10-15 11:36:25.629,1.33511,2025-10-15 11:36:25.688,2025-10-15 11:36:25.690,2025-10-15 11:36:25.692,2025-10-15 11:36:25.843,2025-10-15 11:36:25.846,2025-10-15 11:36:25.902,FILLED,2.06,1.33513,LP_C,1,
700081,C1045,RAW,B,GBPUSD,BUY,3.49,2025-10-15 11:36:34.016,1.33511,2025-10-15 11:36:34.038,,,,2025-10-15 11:36:34.040,2025-10-15 11:36:34.110,FILLED,3.49,1.33511,,0,
700082,C1001,RAW,A,XAUUSD,BUY,0.15,2025-10-15 11:36:41.809,4086.45,2025-10-15 11:36:41.871,2025-10-15 11:36:41.873,2025-10-15 11:36:41.874,2025-10-15 11:36:41.980,2025-10-15 11:36:41.983,2025-10-15 11:36:42.052,FILLED,0.15,4086.46,LP_C,1,
700083,C1050,STD,A,XAUUSD,BUY,0.3,2025-10-15 11:36:42.331,4086.67,2025-10-15 11:36:42.352,2025-10-15 11:36:42.353,2025-10-15 11:36:42.354,2025-10-15 11:36:42.360,2025-10-15 11:36:42.362,2025-10-15 11:36:42.408,FILLED,0.3,4086.67,LP_A,1,
700084,C1042,STD,A,EURUSD,BUY,2.46,2025-10-15 11:36:47.759,1.1626,2025-10-15 11:36:47.783,2025-10-15 11:36:47.785,2025-10-15 11:36:47.787,2025-10-15 11:36:47.921,2025-10-15 11:36:47.923,2025-10-15 11:36:47.951,FILLED,2.46,1.1626,LP_C,1,
700085,C1059,STD,B,EURUSD,BUY,0.32,2025-10-15 11:36:49.277,1.16259,2025-10-15 11:36:49.313,,,,2025-10-15 11:36:49.314,2025-10-15 11:36:49.356,FILLED,0.32,1.16259,,0,
700086,C1028,STD,A,EURUSD,BUY,1.41,2025-10-15 11:36:52.906,1.16258,2025-10-15 11:36:52.934,2025-10-15 11:36:52.935,2025-10-15 11:36:52.937,2025-10-15 11:36:52.943,2025-10-15 11:36:52.946,2025-10-15 11:36:53.006,FILLED,1.41,1.16258,LP_A,1,
700087,C1052,RAW,A,EURUSD,BUY,0.45,2025-10-15 11:36:54.688,1.16249,2025-10-15 11:36:54.734,2025-10-15 11:36:54.735,2025-10-15 11:36:54.737,2025-10-15 11:36:54.870,2025-10-15 11:36:54.872,2025-10-15 11:36:54.942,FILLED,0.45,1.16249,LP_C,1,
700088,C1040,STD,A,EURUSD,BUY,1.64,2025-10-15 11:36:58.107,1.16257,2025-10-15 11:36:58.134,2025-10-15 11:36:58.135,2025-10-15 11:36:58.137,2025-10-15 11:36:58.146,2025-10-15 11:36:58.148,2025-10-15 11:36:58.171,FILLED,1.64,1.16257,LP_A,1,
700089,C1017,STD,B,XAUUSD,BUY,5.36,2025-10-15 11:36:59.805,4086.82,2025-10-15 11:36:59.844,,,,2025-10-15 11:36:59.846,2025-10-15 11:36:59.877,FILLED,5.36,4086.82,,0,
700090,C1041,RAW,A,EURUSD,SELL,7.9,2025-10-15 11:37:06.637,1.16247,2025-10-15 11:37:06.674,2025-10-15 11:37:06.677,2025-10-15 11:37:06.678,2025-10-15 11:37:06.687,2025-10-15 11:37:06.689,2025-10-15 11:37:06.712,FILLED,7.9,1.16247,LP_A,1,
700091,C1031,STD,A,XAUUSD,BUY,1.39,2025-10-15 11:37:12.676,4086.77,2025-10-15 11:37:12.697,2025-10-15 11:37:12.699,2025-10-15 11:37:12.701,2025-10-15 11:37:12.707,2025-10-15 11:37:12.709,2025-10-15 11:37:12.724,FILLED,1.39,4086.77,LP_A,1,
700092,C1009,RAW,B,XAUUSD,SELL,0.68,2025-10-15 11:37:23.356,4086.4,2025-10-15 11:37:23.402,,,,2025-10-15 11:37:23.404,2025-10-15 11:37:23.455,FILLED,0.68,4086.4,,0,
700093,C1022,STD,B,GBPUSD,BUY,0.24,2025-10-15 11:37:26.181,1.33516,2025-10-15 11:37:26.220,,,,2025-10-15 11:37:26.221,2025-10-15 11:37:26.263,FILLED,0.24,1.33516,,0,
700094,C1028,STD,A,XAUUSD,BUY,1.54,2025-10-15 11:37:30.959,4086.55,2025-10-15 11:37:30.994,2025-10-15 11:37:30.997,2025-10-15 11:37:30.998,2025-10-15 11:37:31.164,2025-10-15 11:37:31.166,2025-10-15 11:37:31.213,FILLED,1.54,4086.57,"LP_C,LP_A",2,
700095,C1001,RAW,A,EURUSD,SELL,1.91,2025-10-15 11:37:36.519,1.16245,2025-10-15 11:37:36.544,2025-10-15 11:37:36.546,2025-10-15 11:37:36.547,2025-10-15 11:37:36.668,2025-10-15 11:37:36.671,2025-10-15 11:37:36.739,FILLED,1.91,1.16243,LP_A,2,
700096,C1006,STD,B,EURUSD,SELL,0.65,2025-10-15 11:37:45.446,1.16237,2025-10-15 11:37:45.479,,,,2025-10-15 11:37:45.482,2025-10-15 11:37:45.535,FILLED,0.65,1.16237,,0,
700097,C1025,STD,B,XAUUSD,SELL,0.71,2025-10-15 11:37:46.651,4085.95,2025-10-15 11:37:46.668,,,,2025-10-15 11:37:46.670,2025-10-15 11:37:46.735,FILLED,0.71,4085.95,,0,
700098,C1023,RAW,B,XAUUSD,BUY,9.7,2025-10-15 11:38:01.343,4086.08,2025-10-15 11:38:01.381,,,,2025-10-15 11:38:01.384,2025-10-15 11:38:01.428,FILLED,9.7,4086.08,,0,
700099,C1012,RAW,A,XAUUSD,SELL,1.73,2025-10-15 11:38:03.831,4085.93,2025-10-15 11:38:03.899,2025-10-15 11:38:03.902,2025-10-15 11:38:03.903,2025-10-15 11:38:03.941,2025-10-15 11:38:03.943,2025-10-15 11:38:03.992,FILLED,1.73,4085.93,LP_B,1,
700100,C1003,STD,A,XAUUSD,BUY,1.89,2025-10-15 11:38:06.259,4086.33,2025-10-15 11:38:06.325,2025-10-15 11:38:06.327,2025-10-15 11:38:06.329,2025-10-15 11:38:06.485,2025-10-15 11:38:06.488,2025-10-15 11:38:06.527,FILLED,1.89,4086.3,"LP_C,LP_A",2,
700101,C1054,RAW,A,XAUUSD,BUY,0.93,2025-10-15 11:38:08.113,4086.13,2025-10-15 11:38:08.171,2025-10-15 11:38:08.173,2025-10-15 11:38:08.174,2025-10-15 11:38:08.181,2025-10-15 11:38:08.182,2025-10-15 11:38:08.233,FILLED,0.93,4086.13,LP_A,1,
700102,C1005,RAW,B,XAUUSD,BUY,1.23,2025-10-15 11:38:15.896,4086.19,2025-10-15 11:38:15.956,,,,2025-10-15 11:38:15.957,2025-10-15 11:38:15.993,FILLED,1.23,4086.19,,0,
700103,C1035,STD,B,GBPUSD,SELL,1.91,2025-10-15 11:38:35.349,1.33504,2025-10-15 11:38:35.409,,,,2025-10-15 11:38:35.411,2025-10-15 11:38:35.454,FILLED,1.91,1.33504,,0,
700104,C1043,STD,A,EURUSD,BUY,0.59,2025-10-15 11:38:39.877,1.16266,2025-10-15 11:38:39.914,2025-10-15 11:38:39.916,2025-10-15 11:38:39.918,2025-10-15 11:38:39.954,2025-10-15 11:38:39.957,2025-10-15 11:38:40.009,FILLED,0.59,1.16266,LP_B,1,
700105,C1007,RAW,B,EURUSD,BUY,4.6,2025-10-15 11:38:49.954,1.16262,2025-10-15 11:38:49.978,,,,2025-10-15 11:38:49.981,2025-10-15 11:38:49.997,FILLED,4.6,1.16262,,0,
700106,C1015,STD,B,GBPUSD,SELL,0.68,2025-10-15 11:38:56.497,1.33502,2025-10-15 11:38:56.538,,,,2025-10-15 11:38:56.542,2025-10-15 11:38:56.606,FILLED,0.68,1.33502,,0,
700107,C1038,RAW,B,EURUSD,SELL,6.82,2025-10-15 11:38:58.317,1.16257,2025-10-15 11:38:58.386,,,,2025-10-15 11:38:58.388,2025-10-15 11:38:58.442,FILLED,6.82,1.16257,,0,
700108,C1057,STD,B,GBPUSD,BUY,0.68,2025-10-15 11:39:03.454,1.33523,2025-10-15 11:39:03.520,,,,2025-10-15 11:39:03.522,2025-10-15 11:39:03.550,FILLED,0.68,1.33523,,0,
700109,C1013,STD,A,EURUSD,BUY,0.98,2025-10-15 11:39:07.445,1.1627,2025-10-15 11:39:07.468,2025-10-15 11:39:07.471,2025-10-15 11:39:07.472,2025-10-15 11:39:07.480,2025-10-15 11:39:07.483,2025-10-15 11:39:07.524,FILLED,0.98,1.1627,LP_A,1,
700110,C1023,RAW,B,EURUSD,SELL,8.5,2025-10-15 11:39:16.188,1.16259,2025-10-15 11:39:16.205,,,,2025-10-15 11:39:16.208,2025-10-15 11:39:16.273,FILLED,8.5,1.16259,,0,
700111,C1044,STD,A,XAUUSD,SELL,1.88,2025-10-15 11:39:19.448,4085.52,2025-10-15 11:39:19.487,2025-10-15 11:39:19.488,2025-10-15 11:39:19.490,2025-10-15 11:39:19.532,2025-10-15 11:39:19.534,2025-10-15 11:39:19.563,FILLED,1.88,4085.52,LP_B,1,
700112,C1014,RAW,B,EURUSD,SELL,3.11,2025-10-15 11:39:21.340,1.16258,2025-10-15 11:39:21.406,,,,2025-10-15 11:39:21.409,2025-10-15 11:39:21.438,FILLED,3.11,1.16258,,0,
700113,C1017,STD,B,EURUSD,SELL,2.51,2025-10-15 11:39:22.878,1.1625,2025-10-15 11:39:22.903,,,,2025-10-15 11:39:22.905,2025-10-15 11:39:22.943,FILLED,2.51,1.1625,,0,
700114,C1057,STD,B,XAUUSD,SELL,0.87,2025-10-15 11:39:27.638,4085.65,2025-10-15 11:39:27.674,,,,2025-10-15 11:39:27.676,2025-10-15 11:39:27.710,FILLED,0.87,4085.65,,0,
700115,C1006,STD,B,XAUUSD,SELL,3.04,2025-10-15 11:39:33.996,4085.79,2025-10-15 11:39:34.038,,,,2025-10-15 11:39:34.039,2025-10-15 11:39:34.057,FILLED,3.04,4085.79,,0,
700116,C1060,STD,B,EURUSD,SELL,1.56,2025-10-15 11:39:43.089,1.16254,2025-10-15 11:39:43.148,,,,2025-10-15 11:39:43.152,2025-10-15 11:39:43.177,FILLED,1.56,1.16254,,0,
700117,C1022,STD,B,XAUUSD,SELL,0.89,2025-10-15 11:39:52.200,4085.99,2025-10-15 11:39:52.242,,,,2025-10-15 11:39:52.246,2025-10-15 11:39:52.299,FILLED,0.89,4085.99,,0,
700118,C1047,STD,A,EURUSD,SELL,1.23,2025-10-15 11:39:59.580,1.16255,2025-10-15 11:39:59.613,2025-10-15 11:39:59.615,2025-10-15 11:39:59.616,2025-10-15 11:39:59.743,2025-10-15 11:39:59.746,2025-10-15 11:39:59.782,FILLED,1.23,1.16255,LP_C,1,
700119,C1002,STD,B,XAUUSD,BUY,0.27,2025-10-15 11:40:03.386,4086.27,2025-10-15 11:40:03.436,,,,2025-10-15 11:40:03.437,2025-10-15 11:40:03.453,FILLED,0.27,4086.27,,0,
700120,C1039,STD,B,EURUSD,BUY,3.48,2025-10-15 11:40:03.414,1.16274,2025-10-15 11:40:03.457,,,,2025-10-15 11:40:03.459,2025-10-15 11:40:03.506,FILLED,3.48,1.16274,,0,
700121,C1023,RAW,B,EURUSD,SELL,3.8,2025-10-15 11:40:09.074,1.16261,2025-10-15 11:40:09.114,,,,2025-10-15 11:40:09.116,2025-10-15 11:40:09.145,FILLED,3.8,1.16261,,0,
700122,C1045,RAW,B,GBPUSD,SELL,1.92,2025-10-15 11:40:12.974,1.3351,2025-10-15 11:40:13.025,,,,2025-10-15 11:40:13.028,2025-10-15 11:40:13.079,FILLED,1.92,1.3351,,0,
700123,C1016,STD,A,GBPUSD,BUY,1.67,2025-10-15 11:40:15.382,1.33524,2025-10-15 11:40:15.446,2025-10-15 11:40:15.447,2025-10-15 11:40:15.448,2025-10-15 11:40:15.569,2025-10-15 11:40:15.571,2025-10-15 11:40:15.605,FILLED,1.67,1.33524,LP_C,1,
700124,C1049,STD,A,XAUUSD,SELL,2.06,2025-10-15 11:40:16.104,4085.4,2025-10-15 11:40:16.173,2025-10-15 11:40:16.174,2025-10-15 11:40:16.175,2025-10-15 11:40:16.293,2025-10-15 11:40:16.294,2025-10-15 11:40:16.338,FILLED,2.06,4085.37,LP_A,2,
700125,C1051,STD,A,GBPUSD,SELL,1.17,2025-10-15 11:40:17.035,1.33501,2025-10-15 11:40:17.059,2025-10-15 11:40:17.060,2025-10-15 11:40:17.061,2025-10-15 11:40:17.168,2025-10-15 11:40:17.170,2025-10-15 11:40:17.222,FILLED,1.17,1.33501,LP_C,1,
700126,C1037,STD,A,GBPUSD,BUY,0.23,2025-10-15 11:40:20.479,1.33523,2025-10-15 11:40:20.540,2025-10-15 11:40:20.541,2025-10-15 11:40:20.542,2025-10-15 11:40:20.577,2025-10-15 11:40:20.579,2025-10-15 11:40:20.601,FILLED,0.23,1.33523,LP_B,1,
700127,C1020,STD,B,XAUUSD,BUY,0.37,2025-10-15 11:40:22.006,4085.86,2025-10-15 11:40:22.064,,,,2025-10-15 11:40:22.067,2025-10-15 11:40:22.118,FILLED,0.37,4085.86,,0,
700128,C1017,STD,B,EURUSD,BUY,0.94,2025-10-15 11:40:24.265,1.16269,2025-10-15 11:40:24.293,,,,2025-10-15 11:40:24.295,2025-10-15 11:40:24.345,FILLED,0.94,1.16269,,0,
700129,C1026,RAW,B,GBPUSD,BUY,0.6,2025-10-15 11:40:27.197,1.33516,2025-10-15 11:40:27.218,,,,2025-10-15 11:40:27.220,2025-10-15 11:40:27.266,FILLED,0.6,1.33516,,0,
700130,C1019,STD,A,GBPUSD,BUY,0.21,2025-10-15 11:40:30.669,1.33524,2025-10-15 11:40:30.693,2025-10-15 11:40:30.695,2025-10-15 11:40:30.696,2025-10-15 11:40:30.703,2025-10-15 11:40:30.704,2025-10-15 11:40:30.761,FILLED,0.21,1.33524,LP_A,1,
700131,C1058,RAW,B,XAUUSD,BUY,0.28,2025-10-15 11:40:34.575,4085.64,2025-10-15 11:40:34.595,,,,2025-10-15 11:40:34.599,2025-10-15 11:40:34.661,FILLED,0.28,4085.64,,0,
700132,C1034,RAW,B,XAUUSD,BUY,4.28,2025-10-15 11:40:41.252,4085.66,2025-10-15 11:40:41.283,,,,2025-10-15 11:40:41.285,2025-10-15 11:40:41.301,FILLED,4.28,4085.66,,0,
700133,C1002,STD,B,EURUSD,BUY,0.54,2025-10-15 11:40:43.892,1.1627,2025-10-15 11:40:43.939,,,,2025-10-15 11:40:43.941,2025-10-15 11:40:43.968,FILLED,0.54,1.1627,,0,
700134,C1002,STD,B,EURUSD,BUY,0.78,2025-10-15 11:40:47.734,1.16272,2025-10-15 11:40:47.768,,,,2025-10-15 11:40:47.769,2025-10-15 11:40:47.812,FILLED,0.78,1.16272,,0,
700135,C1013,STD,A,GBPUSD,SELL,0.55,2025-10-15 11:41:04.493,1.33503,2025-10-15 11:41:04.534,2025-10-15 11:41:04.535,2025-10-15 11:41:04.536,2025-10-15 11:41:04.580,2025-10-15 11:41:04.582,2025-10-15 11:41:04.620,FILLED,0.55,1.33503,LP_B,1,
700136,C1048,STD,B,GBPUSD,SELL,0.43,2025-10-15 11:41:07.456,1.33503,2025-10-15 11:41:07.478,,,,2025-10-15 11:41:07.480,2025-10-15 11:41:07.512,FILLED,0.43,1.33503,,0,
700137,C1032,STD,B,GBPUSD,BUY,0.21,2025-10-15 11:41:08.045,1.33525,2025-10-15 11:41:08.066,,,,2025-10-15 11:41:08.069,2025-10-15 11:41:08.102,FILLED,0.21,1.33525,,0,
700138,C1059,STD,B,GBPUSD,SELL,0.43,2025-10-15 11:41:14.976,1.33504,2025-10-15 11:41:15.040,,,,2025-10-15 11:41:15.043,2025-10-15 11:41:15.108,FILLED,0.43,1.33504,,0,
700139,C1045,RAW,B,EURUSD,SELL,0.16,2025-10-15 11:41:27.350,1.16265,2025-10-15 11:41:27.386,,,,2025-10-15 11:41:27.389,2025-10-15 11:41:27.449,FILLED,0.16,1.16265,,0,
700140,C1021,STD,B,EURUSD,BUY,0.6,2025-10-15 11:41:30.649,1.16275,2025-10-15 11:41:30.669,,,,2025-10-15 11:41:30.672,2025-10-15 11:41:30.734,FILLED,0.6,1.16275,,0,
700141,C1001,RAW,A,EURUSD,SELL,4.99,2025-10-15 11:41:44.368,1.1626,2025-10-15 11:41:44.389,2025-10-15 11:41:44.392,2025-10-15 11:41:44.393,2025-10-15 11:41:44.562,2025-10-15 11:41:44.563,2025-10-15 11:41:44.593,FILLED,4.99,1.16259,LP_B,2,
700142,C1019,STD,A,XAUUSD,BUY,0.7,2025-10-15 11:41:55.615,4086.17,2025-10-15 11:41:55.659,2025-10-15 11:41:55.662,2025-10-15 11:41:55.663,2025-10-15 11:41:55.699,2025-10-15 11:41:55.701,2025-10-15 11:41:55.729,FILLED,0.7,4086.17,LP_B,1,
700143,C1020,STD,B,XAUUSD,SELL,1.31,2025-10-15 11:41:56.103,4085.6,2025-10-15 11:41:56.172,,,,2025-10-15 11:41:56.174,2025-10-15 11:41:56.235,FILLED,1.31,4085.6,,0,
700144,C1056,RAW,A,EURUSD,BUY,0.76,2025-10-15 11:42:00.607,1.16265,2025-10-15 11:42:00.669,2025-10-15 11:42:00.672,2025-10-15 11:42:00.674,2025-10-15 11:42:00.830,2025-10-15 11:42:00.832,2025-10-15 11:42:00.882,FILLED,0.76,1.16265,LP_C,1,
700145,C1029,STD,B,EURUSD,SELL,0.9,2025-10-15 11:42:01.934,1.16254,2025-10-15 11:42:01.982,,,,2025-10-15 11:42:01.985,2025-10-15 11:42:02.053,FILLED,0.9,1.16254,,0,
700146,C1052,RAW,A,EURUSD,SELL,2.96,2025-10-15 11:42:17.154,1.16263,2025-10-15 11:42:17.216,2025-10-15 11:42:17.219,2025-10-15 11:42:17.220,2025-10-15 11:42:17.226,2025-10-15 11:42:17.228,2025-10-15 11:42:17.291,FILLED,2.96,1.16263,LP_A,1,
700147,C1049,STD,A,EURUSD,SELL,0.5,2025-10-15 11:42:30.120,1.16255,2025-10-15 11:42:30.156,2025-10-15 11:42:30.159,2025-10-15 11:42:30.160,2025-10-15 11:42:30.310,2025-10-15 11:42:30.312,2025-10-15 11:42:30.358,FILLED,0.5,1.16253,LP_A,2,
700148,C1031,STD,A,XAUUSD,SELL,0.44,2025-10-15 11:42:30.201,4085.73,2025-10-15 11:42:30.235,2025-10-15 11:42:30.237,2025-10-15 11:42:30.238,2025-10-15 11:42:30.280,2025-10-15 11:42:30.281,2025-10-15 11:42:30.322,FILLED,0.44,4085.73,LP_B,1,
700149,C1053,STD,B,EURUSD,BUY,0.46,2025-10-15 11:42:32.186,1.16273,2025-10-15 11:42:32.243,,,,2025-10-15 11:42:32.246,2025-10-15 11:42:32.272,FILLED,0.46,1.16273,,0,
700150,C1045,RAW,B,XAUUSD,BUY,6.42,2025-10-15 11:42:33.630,4086.23,2025-10-15 11:42:33.673,,,,2025-10-15 11:42:33.675,2025-10-15 11:42:33.717,FILLED,6.42,4086.23,,0,
700151,C1005,RAW,B,EURUSD,SELL,1.19,2025-10-15 11:42:46.978,1.16265,2025-10-15 11:42:47.040,,,,2025-10-15 11:42:47.043,2025-10-15 11:42:47.072,FILLED,1.19,1.16264,,0,
700152,C1015,STD,B,EURUSD,SELL,0.36,2025-10-15 11:42:48.260,1.16256,2025-10-15 11:42:48.285,,,,2025-10-15 11:42:48.286,2025-10-15 11:42:48.319,FILLED,0.36,1.16256,,0,
700153,C1003,STD,A,EURUSD,BUY,0.87,2025-10-15 11:42:56.529,1.16275,2025-10-15 11:42:56.555,2025-10-15 11:42:56.557,2025-10-15 11:42:56.558,2025-10-15 11:42:56.565,2025-10-15 11:42:56.566,2025-10-15 11:42:56.584,FILLED,0.87,1.16275,LP_A,1,
700154,C1033,STD,B,EURUSD,SELL,0.44,2025-10-15 11:43:21.002,1.16256,2025-10-15 11:43:21.034,,,,2025-10-15 11:43:21.036,2025-10-15 11:43:21.079,FILLED,0.44,1.16256,,0,
700155,C1041,RAW,A,EURUSD,SELL,7.4,2025-10-15 11:43:24.797,1.16262,2025-10-15 11:43:24.842,2025-10-15 11:43:24.843,2025-10-15 11:43:24.844,2025-10-15 11:43:25.001,2025-10-15 11:43:25.002,2025-10-15 11:43:25.065,FILLED,7.4,1.16262,LP_C,1,
700156,C1043,STD,A,EURUSD,BUY,10.85,2025-10-15 11:43:37.915,1.1627,2025-10-15 11:43:37.972,2025-10-15 11:43:37.974,2025-10-15 11:43:37.975,2025-10-15 11:43:38.091,2025-10-15 11:43:38.092,2025-10-15 11:43:38.119,FILLED,10.85,1.1627,"LP_C,LP_A",2,
700157,C1041,RAW,A,EURUSD,BUY,9.2,2025-10-15 11:43:45.379,1.16263,2025-10-15 11:43:45.405,2025-10-15 11:43:45.408,2025-10-15 11:43:45.409,2025-10-15 11:43:45.416,2025-10-15 11:43:45.417,2025-10-15 11:43:45.447,FILLED,9.2,1.16262,LP_A,1,
700158,C1050,STD,A,XAUUSD,BUY,2.26,2025-10-15 11:43:46.365,4085.85,2025-10-15 11:43:46.430,2025-10-15 11:43:46.432,2025-10-15 11:43:46.433,2025-10-15 11:43:46.593,2025-10-15 11:43:46.595,2025-10-15 11:43:46.654,FILLED,2.26,4085.85,"LP_C,LP_A",2,
700159,C1014,RAW,B,XAUUSD,SELL,4.43,2025-10-15 11:43:52.791,4085.37,2025-10-15 11:43:52.847,,,,2025-10-15 11:43:52.850,2025-10-15 11:43:52.887,FILLED,4.43,4085.37,,0,
700160,C1038,RAW,B,GBPUSD,BUY,2.78,2025-10-15 11:44:04.998,1.33496,2025-10-15 11:44:05.064,,,,2025-10-15 11:44:05.067,2025-10-15 11:44:05.095,FILLED,2.78,1.33496,,0,
700161,C1037,STD,A,XAUUSD,BUY,0.45,2025-10-15 11:44:07.559,4085.73,2025-10-15 11:44:07.607,2025-10-15 11:44:07.608,2025-10-15 11:44:07.610,2025-10-15 11:44:07.652,2025-10-15 11:44:07.654,2025-10-15 11:44:07.719,FILLED,0.45,4085.73,LP_B,1,
700162,C1013,STD,A,XAUUSD,SELL,2.19,2025-10-15 11:44:07.775,4085.16,2025-10-15 11:44:07.801,2025-10-15 11:44:07.803,2025-10-15 11:44:07.804,2025-10-15 11:44:07.970,2025-10-15 11:44:07.972,2025-10-15 11:44:07.992,FILLED,2.19,4085.15,"LP_C,LP_A",2,
700163,C1060,STD,B,GBPUSD,BUY,0.22,2025-10-15 11:44:08.619,1.33505,2025-10-15 11:44:08.676,,,,2025-10-15 11:44:08.680,2025-10-15 11:44:08.698,FILLED,0.22,1.33505,,0,
700164,C1020,STD,B,EURUSD,SELL,0.45,2025-10-15 11:44:11.641,1.16255,2025-10-15 11:44:11.704,,,,2025-10-15 11:44:11.706,2025-10-15 11:44:11.729,FILLED,0.45,1.16255,,0,
700165,C1047,STD,A,GBPUSD,BUY,0.23,2025-10-15 11:44:25.713,1.33506,2025-10-15 11:44:25.744,2025-10-15 11:44:25.746,2025-10-15 11:44:25.747,2025-10-15 11:44:25.754,2025-10-15 11:44:25.756,2025-10-15 11:44:25.825,FILLED,0.23,1.33506,LP_A,1,
700166,C1012,RAW,A,XAUUSD,SELL,0.48,2025-10-15 11:44:34.664,4085.52,2025-10-15 11:44:34.710,2025-10-15 11:44:34.711,2025-10-15 11:44:34.712,2025-10-15 11:44:34.754,2025-10-15 11:44:34.756,2025-10-15 11:44:34.778,FILLED,0.48,4085.52,LP_B,1,
700167,C1060,STD,B,XAUUSD,BUY,0.37,2025-10-15 11:44:37.635,4085.76,2025-10-15 11:44:37.673,,,,2025-10-15 11:44:37.677,2025-10-15 11:44:37.745,FILLED,0.37,4085.76,,0,
700168,C1051,STD,A,EURUSD,BUY,0.6,2025-10-15 11:44:45.109,1.16265,2025-10-15 11:44:45.151,2025-10-15 11:44:45.154,2025-10-15 11:44:45.155,2025-10-15 11:44:45.163,2025-10-15 11:44:45.164,2025-10-15 11:44:45.219,FILLED,0.6,1.16265,LP_A,1,
700169,C1001,RAW,A,GBPUSD,SELL,0.52,2025-10-15 11:44:45.894,1.33497,2025-10-15 11:44:45.929,2025-10-15 11:44:45.931,2025-10-15 11:44:45.933,2025-10-15 11:44:46.078,2025-10-15 11:44:46.079,2025-10-15 11:44:46.135,FILLED,0.52,1.33497,LP_C,1,
700170,C1007,RAW,B,EURUSD,SELL,4.0,2025-10-15 11:44:49.997,1.16258,2025-10-15 11:44:50.023,,,,2025-10-15 11:44:50.025,2025-10-15 11:44:50.041,FILLED,4.0,1.16258,,0,
700171,C1027,STD,B,XAUUSD,SELL,4.48,2025-10-15 11:44:51.499,4085.19,2025-10-15 11:44:51.551,,,,2025-10-15 11:44:51.553,2025-10-15 11:44:51.593,FILLED,4.48,4085.19,,0,
700172,C1033,STD,B,EURUSD,SELL,1.06,2025-10-15 11:44:52.522,1.16248,2025-10-15 11:44:52.551,,,,2025-10-15 11:44:52.554,2025-10-15 11:44:52.602,FILLED,1.06,1.16248,,0,
700173,C1043,STD,A,XAUUSD,SELL,1.08,2025-10-15 11:45:00.333,4085.13,2025-10-15 11:45:00.349,2025-10-15 11:45:00.351,2025-10-15 11:45:00.351,2025-10-15 11:45:00.490,2025-10-15 11:45:00.491,2025-10-15 11:45:00.532,FILLED,1.08,4085.12,LP_C,1,
700174,C1051,STD,A,XAUUSD,SELL,0.16,2025-10-15 11:45:08.619,4085.3,2025-10-15 11:45:08.652,2025-10-15 11:45:08.655,2025-10-15 11:45:08.655,2025-10-15 11:45:08.661,2025-10-15 11:45:08.664,2025-10-15 11:45:08.721,FILLED,0.16,4085.3,LP_A,1,
700175,C1023,RAW,B,EURUSD,SELL,3.8,2025-10-15 11:45:11.741,1.16265,2025-10-15 11:45:11.763,,,,2025-10-15 11:45:11.766,2025-10-15 11:45:11.781,FILLED,3.8,1.16265,,0,
700176,C1010,RAW,A,XAUUSD,BUY,1.08,2025-10-15 11:45:12.789,4085.64,2025-10-15 11:45:12.858,2025-10-15 11:45:12.861,2025-10-15 11:45:12.862,2025-10-15 11:45:12.906,2025-10-15 11:45:12.907,2025-10-15 11:45:12.952,FILLED,1.08,4085.64,LP_B,1,
700177,C1023,RAW,B,XAUUSD,SELL,3.2,2025-10-15 11:45:23.663,4085.55,2025-10-15 11:45:23.691,,,,2025-10-15 11:45:23.692,2025-10-15 11:45:23.744,FILLED,3.2,4085.55,,0,
700178,C1060,STD,B,XAUUSD,BUY,1.71,2025-10-15 11:45:30.961,4086.12,2025-10-15 11:45:31.024,,,,2025-10-15 11:45:31.028,2025-10-15 11:45:31.061,FILLED,1.71,4086.12,,0,
700179,C1012,RAW,A,EURUSD,BUY,0.8,2025-10-15 11:45:33.193,1.16262,2025-10-15 11:45:33.248,2025-10-15 11:45:33.250,2025-10-15 11:45:33.252,2025-10-15 11:45:33.400,2025-10-15 11:45:33.401,2025-10-15 11:45:33.424,FILLED,0.8,1.16262,LP_C,1,
700180,C1009,RAW,B,XAUUSD,SELL,0.57,2025-10-15 11:45:39.021,4085.71,2025-10-15 11:45:39.064,,,,2025-10-15 11:45:39.067,2025-10-15 11:45:39.110,FILLED,0.57,4085.71,,0,
700181,C1053,STD,B,XAUUSD,BUY,3.65,2025-10-15 11:45:40.111,4086.04,2025-10-15 11:45:40.134,,,,2025-10-15 11:45:40.136,2025-10-15 11:45:40.185,FILLED,3.65,4086.04,,0,
700182,C1012,RAW,A,GBPUSD,SELL,2.52,2025-10-15 11:45:43.132,1.33492,2025-10-15 11:45:43.202,2025-10-15 11:45:43.203,2025-10-15 11:45:43.204,2025-10-15 11:45:43.329,2025-10-15 11:45:43.331,2025-10-15 11:45:43.350,FILLED,2.52,1.33492,LP_C,1,
700183,C1044,STD,A,EURUSD,BUY,6.24,2025-10-15 11:45:45.608,1.1627,2025-10-15 11:45:45.669,2025-10-15 11:45:45.671,2025-10-15 11:45:45.671,2025-10-15 11:45:45.789,2025-10-15 11:45:45.791,2025-10-15 11:45:45.845,FILLED,6.24,1.1627,LP_C,1,
700184,C1002,STD,B,GBPUSD,SELL,0.84,2025-10-15 11:45:45.879,1.33484,2025-10-15 11:45:45.942,,,,2025-10-15 11:45:45.945,2025-10-15 11:45:46.005,FILLED,0.84,1.33484,,0,
700185,C1038,RAW,B,XAUUSD,SELL,1.8,2025-10-15 11:45:51.219,4085.66,2025-10-15 11:45:51.237,,,,2025-10-15 11:45:51.240,2025-10-15 11:45:51.296,FILLED,1.8,4085.66,,0,
700186,C1056,RAW,A,EURUSD,BUY,0.34,2025-10-15 11:46:01.771,1.16261,2025-10-15 11:46:01.832,2025-10-15 11:46:01.833,2025-10-15 11:46:01.834,2025-10-15 11:46:01.968,2025-10-15 11:46:01.971,2025-10-15 11:46:01.995,FILLED,0.34,1.16261,LP_C,1,
700187,C1014,RAW,B,XAUUSD,SELL,3.0,2025-10-15 11:46:04.444,4085.43,2025-10-15 11:46:04.482,,,,2025-10-15 11:46:04.485,2025-10-15 11:46:04.540,FILLED,3.0,4085.43,,0,
700188,C1048,STD,B,XAUUSD,SELL,0.35,2025-10-15 11:46:06.002,4085.13,2025-10-15 11:46:06.044,,,,2025-10-15 11:46:06.047,2025-10-15 11:46:06.080,FILLED,0.35,4085.09,,0,
700189,C1005,RAW,B,XAUUSD,BUY,0.26,2025-10-15 11:46:07.789,4085.34,2025-10-15 11:46:07.844,,,,2025-10-15 11:46:07.846,2025-10-15 11:46:07.866,FILLED,0.26,4085.34,,0,
700190,C1041,RAW,A,EURUSD,SELL,5.8,2025-10-15 11:46:08.799,1.16259,2025-10-15 11:46:08.862,2025-10-15 11:46:08.863,2025-10-15 11:46:08.865,2025-10-15 11:46:08.871,2025-10-15 11:46:08.874,2025-10-15 11:46:08.909,FILLED,5.8,1.1626,LP_A,1,
700191,C1030,STD,A,XAUUSD,SELL,0.61,2025-10-15 11:46:13.445,4084.95,2025-10-15 11:46:13.477,2025-10-15 11:46:13.479,2025-10-15 11:46:13.480,2025-10-15 11:46:13.488,2025-10-15 11:46:13.491,2025-10-15 11:46:13.523,FILLED,0.61,4084.95,LP_A,1,
700192,C1007,RAW,B,XAUUSD,SELL,6.9,2025-10-15 11:46:14.348,4085.21,2025-10-15 11:46:14.374,,,,2025-10-15 11:46:14.377,2025-10-15 11:46:14.401,FILLED,6.9,4085.21,,0,
700193,C1035,STD,B,EURUSD,BUY,2.45,2025-10-15 11:46:17.855,1.16272,2025-10-15 11:46:17.884,,,,2025-10-15 11:46:17.886,2025-10-15 11:46:17.903,FILLED,2.45,1.16272,,0,
700194,C1043,STD,A,XAUUSD,BUY,0.19,2025-10-15 11:46:25.104,4085.16,2025-10-15 11:46:25.137,2025-10-15 11:46:25.140,2025-10-15 11:46:25.141,2025-10-15 11:46:25.250,2025-10-15 11:46:25.253,2025-10-15 11:46:25.301,FILLED,0.19,4085.16,LP_C,1,
700195,C1019,STD,A,XAUUSD,SELL,2.61,2025-10-15 11:46:25.358,4084.59,2025-10-15 11:46:25.385,2025-10-15 11:46:25.386,2025-10-15 11:46:25.388,2025-10-15 11:46:25.429,2025-10-15 11:46:25.431,2025-10-15 11:46:25.497,FILLED,2.61,4084.59,LP_B,1,
700196,C1028,STD,A,EURUSD,BUY,1.09,2025-10-15 11:46:26.053,1.16273,2025-10-15 11:46:26.087,2025-10-15 11:46:26.090,2025-10-15 11:46:26.091,2025-10-15 11:46:26.099,2025-10-15 11:46:26.100,2025-10-15 11:46:26.139,FILLED,1.09,1.16273,LP_A,1,
700197,C1027,STD,B,EURUSD,BUY,1.1,2025-10-15 11:46:27.259,1.16273,2025-10-15 11:46:27.279,,,,2025-10-15 11:46:27.282,2025-10-15 11:46:27.300,FILLED,1.1,1.16273,,0,
700198,C1025,STD,B,XAUUSD,BUY,3.09,2025-10-15 11:46:28.390,4085.11,2025-10-15 11:46:28.441,,,,2025-10-15 11:46:28.443,2025-10-15 11:46:28.480,FILLED,3.09,4085.11,,0,
700199,C1007,RAW,B,XAUUSD,SELL,8.9,2025-10-15 11:46:37.124,4084.77,2025-10-15 11:46:37.182,,,,2025-10-15 11:46:37.184,2025-10-15 11:46:37.219,FILLED,8.9,4084.77,,0,
700200,C1049,STD,A,EURUSD,BUY,0.22,2025-10-15 11:46:39.544,1.16276,2025-10-15 11:46:39.611,2025-10-15 11:46:39.612,2025-10-15 11:46:39.613,2025-10-15 11:46:39.619,2025-10-15 11:46:39.621,2025-10-15 11:46:39.686,FILLED,0.22,1.16276,LP_A,1,
700201,C1038,RAW,B,XAUUSD,SELL,0.26,2025-10-15 11:46:40.207,4084.76,2025-10-15 11:46:40.242,,,,2025-10-15 11:46:40.246,2025-10-15 11:46:40.295,FILLED,0.26,4084.76,,0,
700202,C1010,RAW,A,EURUSD,SELL,2.43,2025-10-15 11:46:41.179,1.16265,2025-10-15 11:46:41.205,2025-10-15 11:46:41.207,2025-10-15 11:46:41.208,2025-10-15 11:46:41.351,2025-10-15 11:46:41.353,2025-10-15 11:46:41.389,FILLED,2.43,1.16265,LP_C,1,
700203,C1031,STD,A,EURUSD,SELL,16.34,2025-10-15 11:46:44.952,1.16257,2025-10-15 11:46:44.991,2025-10-15 11:46:44.994,2025-10-15 11:46:44.996,2025-10-15 11:46:45.122,2025-10-15 11:46:45.124,2025-10-15 11:46:45.164,FILLED,16.34,1.16256,LP_A,2,
700204,C1057,STD,B,EURUSD,BUY,0.4,2025-10-15 11:46:45.510,1.16275,2025-10-15 11:46:45.556,,,,2025-10-15 11:46:45.558,2025-10-15 11:46:45.606,FILLED,0.4,1.16275,,0,
700205,C1031,STD,A,GBPUSD,SELL,0.49,2025-10-15 11:46:45.573,1.33477,2025-10-15 11:46:45.629,2025-10-15 11:46:45.632,2025-10-15 11:46:45.633,2025-10-15 11:46:45.810,2025-10-15 11:46:45.813,2025-10-15 11:46:45.856,FILLED,0.49,1.33475,LP_C,2,
700206,C1050,STD,A,XAUUSD,SELL,1.9,2025-10-15 11:46:46.064,4084.52,2025-10-15 11:46:46.095,2025-10-15 11:46:46.096,2025-10-15 11:46:46.096,2025-10-15 11:46:46.141,2025-10-15 11:46:46.143,2025-10-15 11:46:46.199,FILLED,1.9,4084.52,LP_B,1,
700207,C1031,STD,A,EURUSD,BUY,1.17,2025-10-15 11:46:47.207,1.16274,2025-10-15 11:46:47.229,2025-10-15 11:46:47.230,2025-10-15 11:46:47.231,2025-10-15 11:46:47.271,2025-10-15 11:46:47.273,2025-10-15 11:46:47.296,FILLED,1.17,1.16274,LP_B,1,
700208,C1037,STD,A,XAUUSD,BUY,0.23,2025-10-15 11:46:47.551,4085.01,2025-10-15 11:46:47.611,2025-10-15 11:46:47.612,2025-10-15 11:46:47.613,2025-10-15 11:46:47.741,2025-10-15 11:46:47.743,2025-10-15 11:46:47.764,FILLED,0.23,4085.06,LP_A,2,
700209,C1016,STD,A,EURUSD,SELL,1.94,2025-10-15 11:47:03.700,1.16257,2025-10-15 11:47:03.727,2025-10-15 11:47:03.728,2025-10-15 11:47:03.730,2025-10-15 11:47:03.743,2025-10-15 11:47:03.744,2025-10-15 11:47:03.762,FILLED,1.94,1.16257,LP_A,1,
700210,C1025,STD,B,XAUUSD,BUY,1.42,2025-10-15 11:47:06.259,4085.77,2025-10-15 11:47:06.289,,,,2025-10-15 11:47:06.293,2025-10-15 11:47:06.311,FILLED,1.42,4085.77,,0,
700211,C1029,STD,B,GBPUSD,BUY,0.36,2025-10-15 11:47:08.844,1.33491,2025-10-15 11:47:08.885,,,,2025-10-15 11:47:08.887,2025-10-15 11:47:08.952,FILLED,0.36,1.33491,,0,
700212,C1057,STD,B,XAUUSD,SELL,2.41,2025-10-15 11:47:10.126,4085.19,2025-10-15 11:47:10.163,,,,2025-10-15 11:47:10.166,2025-10-15 11:47:10.225,FILLED,2.41,4085.19,,0,
700213,C1007,RAW,B,EURUSD,SELL,7.0,2025-10-15 11:47:11.583,1.16264,2025-10-15 11:47:11.621,,,,2025-10-15 11:47:11.623,2025-10-15 11:47:11.668,FILLED,7.0,1.16264,,0,
700214,C1049,STD,A,EURUSD,SELL,0.54,2025-10-15 11:47:11.729,1.16256,2025-10-15 11:47:11.792,2025-10-15 11:47:11.795,2025-10-15 11:47:11.797,2025-10-15 11:47:11.921,2025-10-15 11:47:11.923,2025-10-15 11:47:11.986,FILLED,0.54,1.16256,LP_C,1,
700215,C1055,STD,A,XAUUSD,BUY,0.71,2025-10-15 11:47:13.988,4085.9,2025-10-15 11:47:14.048,2025-10-15 11:47:14.050,2025-10-15 11:47:14.052,2025-10-15 11:47:14.092,2025-10-15 11:47:14.094,2025-10-15 11:47:14.145,FILLED,0.71,4085.9,LP_B,1,
700216,C1041,RAW,A,EURUSD,BUY,3.3,2025-10-15 11:47:15.102,1.16266,2025-10-15 11:47:15.139,2025-10-15 11:47:15.141,2025-10-15 11:47:15.143,2025-10-15 11:47:15.150,2025-10-15 11:47:15.153,2025-10-15 11:47:15.214,FILLED,3.3,1.16266,LP_A,1,
700217,C1004,STD,B,GBPUSD,BUY,12.68,2025-10-15 11:47:17.285,1.33487,2025-10-15 11:47:17.346,,,,2025-10-15 11:47:17.348,2025-10-15 11:47:17.383,FILLED,12.68,1.33487,,0,
700218,C1020,STD,B,GBPUSD,SELL,0.04,2025-10-15 11:47:17.400,1.33465,2025-10-15 11:47:17.428,,,,2025-10-15 11:47:17.432,2025-10-15 11:47:17.498,FILLED,0.04,1.33465,,0,
700219,C1043,STD,A,XAUUSD,SELL,0.37,2025-10-15 11:47:21.814,4085.28,2025-10-15 11:47:21.859,2025-10-15 11:47:21.860,2025-10-15 11:47:21.861,2025-10-15 11:47:22.008,2025-10-15 11:47:22.009,2025-10-15 11:47:22.036,FILLED,0.37,4085.28,LP_C,1,
700220,C1004,STD,B,EURUSD,SELL,1.7,2025-10-15 11:47:36.979,1.16254,2025-10-15 11:47:37.011,,,,2025-10-15 11:47:37.014,2025-10-15 11:47:37.037,FILLED,1.7,1.16254,,0,
700221,C1023,RAW,B,XAUUSD,SELL,5.2,2025-10-15 11:47:39.145,4085.37,2025-10-15 11:47:39.192,,,,2025-10-15 11:47:39.194,2025-10-15 11:47:39.212,FILLED,5.2,4085.37,,0,
700222,C1023,RAW,B,XAUUSD,BUY,8.8,2025-10-15 11:47:45.895,4085.54,2025-10-15 11:47:45.953,,,,2025-10-15 11:47:45.955,2025-10-15 11:47:46.021,FILLED,8.8,4085.54,,0,
700223,C1028,STD,A,XAUUSD,SELL,0.73,2025-10-15 11:47:53.575,4085.11,2025-10-15 11:47:53.642,2025-10-15 11:47:53.644,2025-10-15 11:47:53.645,2025-10-15 11:47:53.653,2025-10-15 11:47:53.655,2025-10-15 11:47:53.671,FILLED,0.73,4085.11,LP_A,1,
700224,C1046,STD,A,XAUUSD,SELL,1.5,2025-10-15 11:47:54.212,4085.05,2025-10-15 11:47:54.280,2025-10-15 11:47:54.282,2025-10-15 11:47:54.283,2025-10-15 11:47:54.438,2025-10-15 11:47:54.439,2025-10-15 11:47:54.457,FILLED,1.5,4085.05,LP_C,1,
700225,C1030,STD,A,EURUSD,SELL,0.78,2025-10-15 11:48:04.727,1.16254,2025-10-15 11:48:04.761,2025-10-15 11:48:04.763,2025-10-15 11:48:04.765,2025-10-15 11:48:04.805,2025-10-15 11:48:04.807,2025-10-15 11:48:04.859,FILLED,0.78,1.16254,LP_B,1,
700226,C1052,RAW,A,EURUSD,SELL,0.68,2025-10-15 11:48:04.817,1.16262,2025-10-15 11:48:04.834,2025-10-15 11:48:04.837,2025-10-15 11:48:04.838,2025-10-15 11:48:04.874,2025-10-15 11:48:04.875,2025-10-15 11:48:04.921,FILLED,0.68,1.16262,LP_B,1,
700227,C1052,RAW,A,EURUSD,SELL,3.63,2025-10-15 11:48:10.121,1.16261,2025-10-15 11:48:10.182,2025-10-15 11:48:10.184,2025-10-15 11:48:10.185,2025-10-15 11:48:10.194,2025-10-15 11:48:10.197,2025-10-15 11:48:10.259,FILLED,3.63,1.1626,LP_A,1,
700228,C1050,STD,A,GBPUSD,BUY,13.73,2025-10-15 11:48:10.319,1.33502,2025-10-15 11:48:10.378,2025-10-15 11:48:10.380,2025-10-15 11:48:10.382,2025-10-15 11:48:10.502,2025-10-15 11:48:10.503,2025-10-15 11:48:10.520,FILLED,13.73,1.33503,"LP_C,LP_A",2,
700229,C1053,STD,B,EURUSD,SELL,1.01,2025-10-15 11:48:25.540,1.16252,2025-10-15 11:48:25.603,,,,2025-10-15 11:48:25.605,2025-10-15 11:48:25.621,FILLED,1.01,1.16252,,0,
700230,C1046,STD,A,XAUUSD,SELL,0.46,2025-10-15 11:48:27.618,4085.55,2025-10-15 11:48:27.683,2025-10-15 11:48:27.686,2025-10-15 11:48:27.687,2025-10-15 11:48:27.825,2025-10-15 11:48:27.828,2025-10-15 11:48:27.870,FILLED,0.46,4085.55,LP_C,1,
700231,C1023,RAW,B,XAUUSD,BUY,3.5,2025-10-15 11:48:36.390,4086.11,2025-10-15 11:48:36.411,,,,2025-10-15 11:48:36.413,2025-10-15 11:48:36.429,FILLED,3.5,4086.11,,0,
700232,C1037,STD,A,XAUUSD,BUY,4.25,2025-10-15 11:48:39.162,4086.44,2025-10-15 11:48:39.221,2025-10-15 11:48:39.224,2025-10-15 11:48:39.225,2025-10-15 11:48:39.232,2025-10-15 11:48:39.234,2025-10-15 11:48:39.279,FILLED,4.25,4086.44,LP_A,1,
700233,C1032,STD,B,EURUSD,SELL,0.97,2025-10-15 11:48:51.412,1.16253,2025-10-15 11:48:51.450,,,,2025-10-15 11:48:51.454,2025-10-15 11:48:51.475,FILLED,0.97,1.16253,,0,
700234,C1002,STD,B,EURUSD,BUY,3.68,2025-10-15 11:48:54.845,1.16272,2025-10-15 11:48:54.891,,,,2025-10-15 11:48:54.893,2025-10-15 11:48:54.916,FILLED,3.68,1.16272,,0,
700235,C1034,RAW,B,EURUSD,SELL,1.57,2025-10-15 11:49:05.015,1.16262,2025-10-15 11:49:05.058,,,,2025-10-15 11:49:05.059,2025-10-15 11:49:05.088,FILLED,1.57,1.16262,,0,
700236,C1050,STD,A,GBPUSD,BUY,3.04,2025-10-15 11:49:05.590,1.33508,2025-10-15 11:49:05.628,2025-10-15 11:49:05.629,2025-10-15 11:49:05.630,2025-10-15 11:49:05.749,2025-10-15 11:49:05.752,2025-10-15 11:49:05.782,FILLED,3.04,1.33509,LP_A,2,
700237,C1022,STD,B,EURUSD,BUY,1.94,2025-10-15 11:49:09.311,1.16271,2025-10-15 11:49:09.371,,,,2025-10-15 11:49:09.374,2025-10-15 11:49:09.426,FILLED,1.94,1.16271,,0,
700238,C1041,RAW,A,XAUUSD,SELL,9.5,2025-10-15 11:49:09.651,4086.31,2025-10-15 11:49:09.686,2025-10-15 11:49:09.687,2025-10-15 11:49:09.689,2025-10-15 11:49:09.846,2025-10-15 11:49:09.848,2025-10-15 11:49:09.872,PARTIAL,8.0,4086.26,"LP_A,LP_B",3,
700239,C1033,STD,B,GBPUSD,SELL,0.25,2025-10-15 11:49:11.469,1.33487,2025-10-15 11:49:11.514,,,,2025-10-15 11:49:11.518,2025-10-15 11:49:11.579,FILLED,0.25,1.33487,,0,
700240,C1025,STD,B,GBPUSD,SELL,0.69,2025-10-15 11:49:14.735,1.33488,2025-10-15 11:49:14.800,,,,2025-10-15 11:49:14.803,2025-10-15 11:49:14.839,FILLED,0.69,1.33488,,0,
700241,C1041,RAW,A,EURUSD,SELL,3.1,2025-10-15 11:49:15.565,1.1626,2025-10-15 11:49:15.614,2025-10-15 11:49:15.615,2025-10-15 11:49:15.617,2025-10-15 11:49:15.625,2025-10-15 11:49:15.626,2025-10-15 11:49:15.659,FILLED,3.1,1.1626,LP_A,1,
700242,C1041,RAW,A,EURUSD,SELL,9.7,2025-10-15 11:49:21.859,1.16258,2025-10-15 11:49:21.919,2025-10-15 11:49:21.921,2025-10-15 11:49:21.922,2025-10-15 11:49:21.927,2025-10-15 11:49:21.929,2025-10-15 11:49:21.984,FILLED,9.7,1.16258,LP_A,1,
700243,C1015,STD,B,EURUSD,BUY,0.67,2025-10-15 11:49:21.869,1.16269,2025-10-15 11:49:21.886,,,,2025-10-15 11:49:21.888,2025-10-15 11:49:21.908,FILLED,0.67,1.16269,,0,
700244,C1057,STD,B,XAUUSD,BUY,0.44,2025-10-15 11:49:32.089,4086.42,2025-10-15 11:49:32.109,,,,2025-10-15 11:49:32.113,2025-10-15 11:49:32.163,FILLED,0.44,4086.42,,0,
700245,C1051,STD,A,XAUUSD,BUY,0.16,2025-10-15 11:49:39.286,4086.58,2025-10-15 11:49:39.348,2025-10-15 11:49:39.351,2025-10-15 11:49:39.353,2025-10-15 11:49:39.360,2025-10-15 11:49:39.362,2025-10-15 11:49:39.404,FILLED,0.16,4086.58,LP_A,1,
700246,C1047,STD,A,EURUSD,BUY,0.58,2025-10-15 11:49:47.112,1.16272,2025-10-15 11:49:47.171,2025-10-15 11:49:47.173,2025-10-15 11:49:47.175,2025-10-15 11:49:47.181,2025-10-15 11:49:47.183,2025-10-15 11:49:47.204,FILLED,0.58,1.16272,LP_A,1,
700247,C1004,STD,B,XAUUSD,SELL,0.52,2025-10-15 11:49:48.492,4086.11,2025-10-15 11:49:48.521,,,,2025-10-15 11:49:48.525,2025-10-15 11:49:48.585,FILLED,0.52,4086.11,,0,
700248,C1035,STD,B,EURUSD,SELL,0.97,2025-10-15 11:49:49.727,1.16253,2025-10-15 11:49:49.770,,,,2025-10-15 11:49:49.771,2025-10-15 11:49:49.815,FILLED,0.97,1.16253,,0,
700249,C1051,STD,A,GBPUSD,BUY,1.53,2025-10-15 11:49:53.372,1.33517,2025-10-15 11:49:53.435,2025-10-15 11:49:53.438,2025-10-15 11:49:53.439,2025-10-15 11:49:53.451,2025-10-15 11:49:53.452,2025-10-15 11:49:53.495,FILLED,1.53,1.33517,LP_A,1,
700250,C1020,STD,B,GBPUSD,BUY,0.54,2025-10-15 11:49:55.867,1.33518,2025-10-15 11:49:55.915,,,,2025-10-15 11:49:55.917,2025-10-15 11:49:55.986,FILLED,0.54,1.33518,,0,
700251,C1049,STD,A,GBPUSD,BUY,1.71,2025-10-15 11:50:08.034,1.3352,2025-10-15 11:50:08.074,2025-10-15 11:50:08.076,2025-10-15 11:50:08.077,2025-10-15 11:50:08.084,2025-10-15 11:50:08.086,2025-10-15 11:50:08.107,FILLED,1.71,1.3352,LP_A,1,
700252,C1056,RAW,A,XAUUSD,SELL,3.4,2025-10-15 11:50:09.792,4086.14,2025-10-15 11:50:09.831,2025-10-15 11:50:09.832,2025-10-15 11:50:09.833,2025-10-15 11:50:09.947,2025-10-15 11:50:09.949,2025-10-15 11:50:09.971,FILLED,3.4,4086.14,"LP_C,LP_A",2,
700253,C1007,RAW,B,XAUUSD,BUY,7.4,2025-10-15 11:50:14.386,4086.41,2025-10-15 11:50:14.435,,,,2025-10-15 11:50:14.437,2025-10-15 11:50:14.472,FILLED,7.4,4086.41,,0,
700254,C1020,STD,B,EURUSD,SELL,0.85,2025-10-15 11:50:21.060,1.16252,2025-10-15 11:50:21.076,,,,2025-10-15 11:50:21.078,2025-10-15 11:50:21.139,FILLED,0.85,1.16252,,0,
700255,C1003,STD,A,GBPUSD,BUY,0.95,2025-10-15 11:50:23.596,1.33516,2025-10-15 11:50:23.625,2025-10-15 11:50:23.628,2025-10-15 11:50:23.630,2025-10-15 11:50:23.636,2025-10-15 11:50:23.638,2025-10-15 11:50:23.708,FILLED,0.95,1.33517,LP_A,1,
700256,C1008,STD,A,GBPUSD,BUY,0.68,2025-10-15 11:50:25.319,1.33517,2025-10-15 11:50:25.371,2025-10-15 11:50:25.374,2025-10-15 11:50:25.375,2025-10-15 11:50:25.523,2025-10-15 11:50:25.524,2025-10-15 11:50:25.567,FILLED,0.68,1.33517,LP_C,1,
700257,C1018,RAW,B,XAUUSD,BUY,0.66,2025-10-15 11:50:34.619,4086.83,2025-10-15 11:50:34.684,,,,2025-10-15 11:50:34.688,2025-10-15 11:50:34.751,FILLED,0.66,4086.83,,0,
700258,C1025,STD,B,XAUUSD,BUY,3.01,2025-10-15 11:50:37.611,4087.07,2025-10-15 11:50:37.654,,,,2025-10-15 11:50:37.657,2025-10-15 11:50:37.680,FILLED,3.01,4087.07,,0,
700259,C1030,STD,A,EURUSD,SELL,1.34,2025-10-15 11:50:49.618,1.16262,2025-10-15 11:50:49.656,2025-10-15 11:50:49.659,2025-10-15 11:50:49.660,2025-10-15 11:50:49.798,2025-10-15 11:50:49.799,2025-10-15 11:50:49.817,FILLED,1.34,1.16262,LP_C,1,
700260,C1059,STD,B,XAUUSD,BUY,0.65,2025-10-15 11:50:52.496,4087.1,2025-10-15 11:50:52.532,,,,2025-10-15 11:50:52.534,2025-10-15 11:50:52.583,FILLED,0.65,4087.1,,0,
700261,C1011,STD,B,EURUSD,BUY,2.57,2025-10-15 11:50:53.372,1.16279,2025-10-15 11:50:53.410,,,,2025-10-15 11:50:53.412,2025-10-15 11:50:53.474,FILLED,2.57,1.16279,,0,
700262,C1052,RAW,A,EURUSD,BUY,0.41,2025-10-15 11:50:56.042,1.16271,2025-10-15 11:50:56.077,2025-10-15 11:50:56.080,2025-10-15 11:50:56.081,2025-10-15 11:50:56.089,2025-10-15 11:50:56.090,2025-10-15 11:50:56.116,FILLED,0.41,1.16272,LP_A,1,
700263,C1032,STD,B,GBPUSD,BUY,0.36,2025-10-15 11:51:03.797,1.33517,2025-10-15 11:51:03.863,,,,2025-10-15 11:51:03.867,2025-10-15 11:51:03.929,FILLED,0.36,1.33517,,0,
700264,C1014,RAW,B,GBPUSD,SELL,1.47,2025-10-15 11:51:07.443,1.33508,2025-10-15 11:51:07.471,,,,2025-10-15 11:51:07.474,2025-10-15 11:51:07.516,FILLED,1.47,1.33508,,0,
700265,C1033,STD,B,GBPUSD,BUY,0.21,2025-10-15 11:51:11.279,1.33522,2025-10-15 11:51:11.346,,,,2025-10-15 11:51:11.348,2025-10-15 11:51:11.371,FILLED,0.21,1.33522,,0,
700266,C1012,RAW,A,XAUUSD,BUY,0.91,2025-10-15 11:51:15.349,4086.92,2025-10-15 11:51:15.388,2025-10-15 11:51:15.391,2025-10-15 11:51:15.392,2025-10-15 11:51:15.434,2025-10-15 11:51:15.435,2025-10-15 11:51:15.492,FILLED,0.91,4086.92,LP_B,1,
700267,C1060,STD,B,XAUUSD,BUY,1.86,2025-10-15 11:51:38.546,4086.72,2025-10-15 11:51:38.588,,,,2025-10-15 11:51:38.592,2025-10-15 11:51:38.662,FILLED,1.86,4086.72,,0,
700268,C1036,STD,B,EURUSD,SELL,6.28,2025-10-15 11:51:41.247,1.16268,2025-10-15 11:51:41.281,,,,2025-10-15 11:51:41.285,2025-10-15 11:51:41.305,FILLED,6.28,1.16268,,0,
700269,C1036,STD,B,GBPUSD,SELL,0.75,2025-10-15 11:51:49.130,1.33498,2025-10-15 11:51:49.179,,,,2025-10-15 11:51:49.181,2025-10-15 11:51:49.200,FILLED,0.75,1.33498,,0,
700270,C1035,STD,B,EURUSD,BUY,0.11,2025-10-15 11:51:54.756,1.1629,2025-10-15 11:51:54.813,,,,2025-10-15 11:51:54.815,2025-10-15 11:51:54.837,FILLED,0.11,1.1629,,0,
700271,C1055,STD,A,XAUUSD,SELL,2.53,2025-10-15 11:51:56.806,4086.18,2025-10-15 11:51:56.835,2025-10-15 11:51:56.838,2025-10-15 11:51:56.839,2025-10-15 11:51:56.845,2025-10-15 11:51:56.848,2025-10-15 11:51:56.909,FILLED,2.53,4086.18,LP_A,1,
700272,C1007,RAW,B,EURUSD,BUY,20.0,2025-10-15 11:52:13.460,1.15775,2025-10-15 11:52:13.522,,,,2025-10-15 11:52:13.524,2025-10-15 11:52:13.572,FILLED,20.0,1.15775,,0,
700273,C1041,RAW,A,EURUSD,BUY,10.0,2025-10-15 11:52:13.475,1.15775,2025-10-15 11:52:13.525,2025-10-15 11:52:13.526,2025-10-15 11:52:13.527,2025-10-15 11:52:13.653,2025-10-15 11:52:13.655,2025-10-15 11:52:13.681,FILLED,10.0,1.16275,LP_A,2,
700274,C1033,STD,B,XAUUSD,SELL,2.51,2025-10-15 11:52:14.103,4086.82,2025-10-15 11:52:14.145,,,,2025-10-15 11:52:14.148,2025-10-15 11:52:14.193,FILLED,2.51,4086.82,,0,
700275,C1029,STD,B,EURUSD,BUY,2.41,2025-10-15 11:52:16.118,1.16284,2025-10-15 11:52:16.140,,,,2025-10-15 11:52:16.142,2025-10-15 11:52:16.205,FILLED,2.41,1.16284,,0,
700276,C1011,STD,B,EURUSD,SELL,0.69,2025-10-15 11:52:19.354,1.16265,2025-10-15 11:52:19.409,,,,2025-10-15 11:52:19.411,2025-10-15 11:52:19.439,FILLED,0.69,1.16265,,0,
700277,C1017,STD,B,GBPUSD,BUY,10.97,2025-10-15 11:52:21.412,1.33515,2025-10-15 11:52:21.458,,,,2025-10-15 11:52:21.460,2025-10-15 11:52:21.489,FILLED,10.97,1.33515,,0,
700278,C1025,STD,B,EURUSD,BUY,0.75,2025-10-15 11:52:23.663,1.16282,2025-10-15 11:52:23.682,,,,2025-10-15 11:52:23.686,2025-10-15 11:52:23.752,FILLED,0.75,1.16282,,0,
700279,C1017,STD,B,XAUUSD,SELL,1.23,2025-10-15 11:52:47.554,4087.69,2025-10-15 11:52:47.594,,,,2025-10-15 11:52:47.597,2025-10-15 11:52:47.618,FILLED,1.23,4087.69,,0,
700280,C1027,STD,B,XAUUSD,SELL,10.87,2025-10-15 11:53:00.496,4087.74,2025-10-15 11:53:00.553,,,,2025-10-15 11:53:00.557,2025-10-15 11:53:00.593,FILLED,10.87,4087.74,,0,
700281,C1045,RAW,B,GBPUSD,SELL,1.38,2025-10-15 11:53:02.541,1.33491,2025-10-15 11:53:02.567,,,,2025-10-15 11:53:02.571,2025-10-15 11:53:02.620,FILLED,1.38,1.33491,,0,
700282,C1025,STD,B,XAUUSD,SELL,0.13,2025-10-15 11:53:07.488,4087.56,2025-10-15 11:53:07.520,,,,2025-10-15 11:53:07.522,2025-10-15 11:53:07.541,FILLED,0.13,4087.56,,0,
700283,C1047,STD,A,XAUUSD,SELL,0.57,2025-10-15 11:53:13.893,4087.39,2025-10-15 11:53:13.936,2025-10-15 11:53:13.938,2025-10-15 11:53:13.940,2025-10-15 11:53:13.947,2025-10-15 11:53:13.950,2025-10-15 11:53:13.984,FILLED,0.57,4087.39,LP_A,1,
700284,C1042,STD,A,EURUSD,BUY,1.68,2025-10-15 11:53:25.367,1.16289,2025-10-15 11:53:25.427,2025-10-15 11:53:25.429,2025-10-15 11:53:25.430,2025-10-15 11:53:25.438,2025-10-15 11:53:25.440,2025-10-15 11:53:25.474,FILLED,1.68,1.16289,LP_A,1,
700285,C1014,RAW,B,EURUSD,BUY,0.54,2025-10-15 11:53:30.742,1.16279,2025-10-15 11:53:30.766,,,,2025-10-15 11:53:30.768,2025-10-15 11:53:30.833,FILLED,0.54,1.16279,,0,
700286,C1015,STD,B,GBPUSD,SELL,0.37,2025-10-15 11:53:31.421,1.33484,2025-10-15 11:53:31.450,,,,2025-10-15 11:53:31.453,2025-10-15 11:53:31.487,FILLED,0.37,1.33484,,0,
700287,C1026,RAW,B,EURUSD,SELL,1.35,2025-10-15 11:53:31.668,1.16277,2025-10-15 11:53:31.699,,,,2025-10-15 11:53:31.703,2025-10-15 11:53:31.754,FILLED,1.35,1.16277,,0,
700288,C1041,RAW,A,EURUSD,BUY,3.7,2025-10-15 11:53:35.111,1.1628,2025-10-15 11:53:35.131,2025-10-15 11:53:35.134,2025-10-15 11:53:35.135,2025-10-15 11:53:35.256,2025-10-15 11:53:35.259,2025-10-15 11:53:35.312,FILLED,3.7,1.1628,LP_C,1,
700289,C1029,STD,B,EURUSD,BUY,2.08,2025-10-15 11:53:38.837,1.16289,2025-10-15 11:53:38.884,,,,2025-10-15 11:53:38.886,2025-10-15 11:53:38.902,FILLED,2.08,1.16289,,0,
700290,C1022,STD,B,EURUSD,SELL,0.18,2025-10-15 11:53:59.410,1.16266,2025-10-15 11:53:59.427,,,,2025-10-15 11:53:59.429,2025-10-15 11:53:59.450,FILLED,0.18,1.16266,,0,
700291,C1012,RAW,A,GBPUSD,SELL,1.36,2025-10-15 11:54:01.433,1.33495,2025-10-15 11:54:01.461,2025-10-15 11:54:01.463,2025-10-15 11:54:01.463,2025-10-15 11:54:01.470,2025-10-15 11:54:01.471,2025-10-15 11:54:01.514,FILLED,1.36,1.33496,LP_A,1,
700292,C1055,STD,A,EURUSD,SELL,0.78,2025-10-15 11:54:04.111,1.16264,2025-10-15 11:54:04.165,2025-10-15 11:54:04.166,2025-10-15 11:54:04.167,2025-10-15 11:54:04.327,2025-10-15 11:54:04.328,2025-10-15 11:54:04.367,FILLED,0.78,1.16264,LP_C,1,
700293,C1023,RAW,B,EURUSD,SELL,7.8,2025-10-15 11:54:04.655,1.16272,2025-10-15 11:54:04.685,,,,2025-10-15 11:54:04.687,2025-10-15 11:54:04.741,FILLED,7.8,1.16272,,0,
700294,C1052,RAW,A,XAUUSD,BUY,1.09,2025-10-15 11:54:08.143,4087.33,2025-10-15 11:54:08.196,2025-10-15 11:54:08.199,2025-10-15 11:54:08.199,2025-10-15 11:54:08.336,2025-10-15 11:54:08.338,2025-10-15 11:54:08.397,FILLED,1.09,4087.33,LP_C,1,
700295,C1007,RAW,B,EURUSD,SELL,8.7,2025-10-15 11:54:30.954,1.16274,2025-10-15 11:54:31.021,,,,2025-10-15 11:54:31.024,2025-10-15 11:54:31.067,FILLED,8.7,1.16274,,0,
700296,C1035,STD,B,XAUUSD,BUY,2.34,2025-10-15 11:54:33.735,4087.8,2025-10-15 11:54:33.767,,,,2025-10-15 11:54:33.771,2025-10-15 11:54:33.829,FILLED,2.34,4087.8,,0,
700297,C1057,STD,B,GBPUSD,BUY,0.58,2025-10-15 11:54:34.659,1.33514,2025-10-15 11:54:34.691,,,,2025-10-15 11:54:34.695,2025-10-15 11:54:34.736,FILLED,0.58,1.33514,,0,
700298,C1057,STD,B,EURUSD,SELL,0.54,2025-10-15 11:54:34.680,1.16265,2025-10-15 11:54:34.718,,,,2025-10-15 11:54:34.720,2025-10-15 11:54:34.767,FILLED,0.54,1.16265,,0,
700299,C1039,STD,B,XAUUSD,BUY,3.47,2025-10-15 11:54:35.152,4087.81,2025-10-15 11:54:35.174,,,,2025-10-15 11:54:35.177,2025-10-15 11:54:35.234,FILLED,3.47,4087.81,,0,
700300,C1026,RAW,B,EURUSD,BUY,2.26,2025-10-15 11:54:36.353,1.16276,2025-10-15 11:54:36.399,,,,2025-10-15 11:54:36.401,2025-10-15 11:54:36.468,FILLED,2.26,1.16276,,0,
700301,C1008,STD,A,XAUUSD,SELL,0.43,2025-10-15 11:54:47.371,4087.11,2025-10-15 11:54:47.410,2025-10-15 11:54:47.412,2025-10-15 11:54:47.414,2025-10-15 11:54:47.420,2025-10-15 11:54:47.422,2025-10-15 11:54:47.468,FILLED,0.43,4087.11,LP_A,1,
700302,C1052,RAW,A,EURUSD,SELL,1.02,2025-10-15 11:54:49.502,1.16269,2025-10-15 11:54:49.536,2025-10-15 11:54:49.538,2025-10-15 11:54:49.540,2025-10-15 11:54:49.546,2025-10-15 11:54:49.549,2025-10-15 11:54:49.604,FILLED,1.02,1.16269,LP_A,1,
700303,C1046,STD,A,EURUSD,SELL,1.29,2025-10-15 11:54:50.285,1.16261,2025-10-15 11:54:50.308,2025-10-15 11:54:50.310,2025-10-15 11:54:50.312,2025-10-15 11:54:50.465,2025-10-15 11:54:50.467,2025-10-15 11:54:50.497,FILLED,1.29,1.16261,LP_C,1,
700304,C1004,STD,B,EURUSD,SELL,0.99,2025-10-15 11:54:50.848,1.16263,2025-10-15 11:54:50.876,,,,2025-10-15 11:54:50.877,2025-10-15 11:54:50.898,FILLED,0.99,1.16263,,0,
700305,C1052,RAW,A,EURUSD,SELL,0.44,2025-10-15 11:54:53.212,1.1627,2025-10-15 11:54:53.255,2025-10-15 11:54:53.257,2025-10-15 11:54:53.258,2025-10-15 11:54:53.265,2025-10-15 11:54:53.268,2025-10-15 11:54:53.283,FILLED,0.44,1.1627,LP_A,1,
700306,C1023,RAW,B,EURUSD,BUY,5.2,2025-10-15 11:54:54.044,1.16273,2025-10-15 11:54:54.077,,,,2025-10-15 11:54:54.078,2025-10-15 11:54:54.147,FILLED,5.2,1.16273,,0,
700307,C1028,STD,A,XAUUSD,SELL,1.35,2025-10-15 11:54:55.403,4087.36,2025-10-15 11:54:55.420,2025-10-15 11:54:55.423,2025-10-15 11:54:55.424,2025-10-15 11:54:55.573,2025-10-15 11:54:55.574,2025-10-15 11:54:55.615,FILLED,1.35,4087.32,LP_A,2,
700308,C1030,STD,A,EURUSD,SELL,0.68,2025-10-15 11:54:56.356,1.16263,2025-10-15 11:54:56.400,2025-10-15 11:54:56.403,2025-10-15 11:54:56.404,2025-10-15 11:54:56.566,2025-10-15 11:54:56.568,2025-10-15 11:54:56.623,FILLED,0.68,1.16263,LP_C,1,
700309,C1030,STD,A,EURUSD,BUY,0.46,2025-10-15 11:54:56.496,1.16282,2025-10-15 11:54:56.528,2025-10-15 11:54:56.529,2025-10-15 11:54:56.531,2025-10-15 11:54:56.538,2025-10-15 11:54:56.541,2025-10-15 11:54:56.580,FILLED,0.46,1.16282,LP_A,1,
700310,C1023,RAW,B,XAUUSD,BUY,4.2,2025-10-15 11:54:58.717,4087.66,2025-10-15 11:54:58.734,,,,2025-10-15 11:54:58.736,2025-10-15 11:54:58.781,FILLED,4.2,4087.66,,0,
700311,C1050,STD,A,EURUSD,SELL,0.54,2025-10-15 11:55:00.695,1.16262,2025-10-15 11:55:00.715,2025-10-15 11:55:00.717,2025-10-15 11:55:00.719,2025-10-15 11:55:00.725,2025-10-15 11:55:00.728,2025-10-15 11:55:00.767,FILLED,0.54,1.16261,LP_A,1,
700312,C1038,RAW,B,EURUSD,BUY,1.02,2025-10-15 11:55:11.947,1.1627,2025-10-15 11:55:12.004,,,,2025-10-15 11:55:12.006,2025-10-15 11:55:12.040,FILLED,1.02,1.1627,,0,
700313,C1049,STD,A,EURUSD,BUY,2.89,2025-10-15 11:55:19.662,1.16279,2025-10-15 11:55:19.697,2025-10-15 11:55:19.698,2025-10-15 11:55:19.699,2025-10-15 11:55:19.705,2025-10-15 11:55:19.708,2025-10-15 11:55:19.741,FILLED,2.89,1.16278,LP_A,1,
700314,C1055,STD,A,EURUSD,SELL,0.2,2025-10-15 11:55:21.452,1.1626,2025-10-15 11:55:21.501,2025-10-15 11:55:21.502,2025-10-15 11:55:21.503,2025-10-15 11:55:21.625,2025-10-15 11:55:21.628,2025-10-15 11:55:21.647,FILLED,0.2,1.1626,LP_C,1,
700315,C1023,RAW,B,EURUSD,BUY,9.8,2025-10-15 11:55:32.075,1.16273,2025-10-15 11:55:32.121,,,,2025-10-15 11:55:32.124,2025-10-15 11:55:32.179,FILLED,9.8,1.16273,,0,
700316,C1060,STD,B,EURUSD,SELL,0.38,2025-10-15 11:55:32.175,1.16262,2025-10-15 11:55:32.231,,,,2025-10-15 11:55:32.233,2025-10-15 11:55:32.269,FILLED,0.38,1.16262,,0,
700317,C1049,STD,A,EURUSD,SELL,2.07,2025-10-15 11:55:40.158,1.16265,2025-10-15 11:55:40.206,2025-10-15 11:55:40.209,2025-10-15 11:55:40.211,2025-10-15 11:55:40.330,2025-10-15 11:55:40.331,2025-10-15 11:55:40.399,FILLED,2.07,1.16265,LP_C,1,
700318,C1050,STD,A,EURUSD,SELL,0.24,2025-10-15 11:55:41.276,1.16264,2025-10-15 11:55:41.337,2025-10-15 11:55:41.340,2025-10-15 11:55:41.340,2025-10-15 11:55:41.348,2025-10-15 11:55:41.349,2025-10-15 11:55:41.408,FILLED,0.24,1.16264,LP_A,1,
700319,C1051,STD,A,XAUUSD,SELL,0.45,2025-10-15 11:55:48.326,4087.43,2025-10-15 11:55:48.374,2025-10-15 11:55:48.376,2025-10-15 11:55:48.377,2025-10-15 11:55:48.529,2025-10-15 11:55:48.532,2025-10-15 11:55:48.564,FILLED,0.45,4087.43,LP_C,1,
700320,C1002,STD,B,EURUSD,BUY,0.22,2025-10-15 11:55:53.134,1.16281,2025-10-15 11:55:53.203,,,,2025-10-15 11:55:53.204,2025-10-15 11:55:53.239,FILLED,0.22,1.16281,,0,
700321,C1024,STD,B,EURUSD,BUY,0.66,2025-10-15 11:55:54.485,1.16281,2025-10-15 11:55:54.503,,,,2025-10-15 11:55:54.505,2025-10-15 11:55:54.572,FILLED,0.66,1.16281,,0,
700322,C1027,STD,B,GBPUSD,SELL,0.43,2025-10-15 11:56:05.901,1.33504,2025-10-15 11:56:05.955,,,,2025-10-15 11:56:05.958,2025-10-15 11:56:06.000,FILLED,0.43,1.33504,,0,
700323,C1059,STD,B,XAUUSD,SELL,0.94,2025-10-15 11:56:08.168,4087.47,2025-10-15 11:56:08.186,,,,2025-10-15 11:56:08.189,2025-10-15 11:56:08.222,FILLED,0.94,4087.41,,0,
700324,C1023,RAW,B,XAUUSD,SELL,7.8,2025-10-15 11:56:17.918,4087.7,2025-10-15 11:56:17.960,,,,2025-10-15 11:56:17.964,2025-10-15 11:56:18.032,FILLED,7.8,4087.7,,0,
700325,C1054,RAW,A,XAUUSD,SELL,0.79,2025-10-15 11:56:18.814,4087.72,2025-10-15 11:56:18.850,2025-10-15 11:56:18.852,2025-10-15 11:56:18.853,2025-10-15 11:56:18.859,2025-10-15 11:56:18.861,2025-10-15 11:56:18.888,FILLED,0.79,4087.72,LP_A,1,
700326,C1032,STD,B,EURUSD,SELL,0.95,2025-10-15 11:56:20.481,1.16264,2025-10-15 11:56:20.512,,,,2025-10-15 11:56:20.516,2025-10-15 11:56:20.560,FILLED,0.95,1.16264,,0,
700327,C1023,RAW,B,XAUUSD,SELL,4.4,2025-10-15 11:56:20.980,4087.81,2025-10-15 11:56:21.018,,,,2025-10-15 11:56:21.022,2025-10-15 11:56:21.051,FILLED,4.4,4087.81,,0,
700328,C1041,RAW,A,XAUUSD,BUY,9.6,2025-10-15 11:56:25.509,4088.01,2025-10-15 11:56:25.534,2025-10-15 11:56:25.536,2025-10-15 11:56:25.538,2025-10-15 11:56:25.709,2025-10-15 11:56:25.710,2025-10-15 11:56:25.765,FILLED,9.6,4088.04,"LP_C,LP_A,LP_B",3,
700329,C1009,RAW,B,EURUSD,BUY,0.58,2025-10-15 11:56:31.874,1.16274,2025-10-15 11:56:31.904,,,,2025-10-15 11:56:31.907,2025-10-15 11:56:31.935,FILLED,0.58,1.16274,,0,
700330,C1009,RAW,B,EURUSD,BUY,1.51,2025-10-15 11:56:41.185,1.16276,2025-10-15 11:56:41.253,,,,2025-10-15 11:56:41.255,2025-10-15 11:56:41.306,FILLED,1.51,1.16276,,0,
700331,C1026,RAW,B,GBPUSD,SELL,0.23,2025-10-15 11:56:41.643,1.33503,2025-10-15 11:56:41.670,,,,2025-10-15 11:56:41.671,2025-10-15 11:56:41.698,FILLED,0.23,1.335,,0,
700332,C1015,STD,B,XAUUSD,BUY,0.19,2025-10-15 11:57:01.062,4087.95,2025-10-15 11:57:01.110,,,,2025-10-15 11:57:01.114,2025-10-15 11:57:01.184,FILLED,0.19,4087.95,,0,
700333,C1019,STD,A,EURUSD,BUY,2.62,2025-10-15 11:57:01.136,1.16288,2025-10-15 11:57:01.153,2025-10-15 11:57:01.154,2025-10-15 11:57:01.156,2025-10-15 11:57:01.292,2025-10-15 11:57:01.294,2025-10-15 11:57:01.352,FILLED,2.62,1.16288,LP_C,1,
700334,C1003,STD,A,GBPUSD,SELL,2.38,2025-10-15 11:57:08.144,1.33491,2025-10-15 11:57:08.209,2025-10-15 11:57:08.210,2025-10-15 11:57:08.211,2025-10-15 11:57:08.334,2025-10-15 11:57:08.337,2025-10-15 11:57:08.390,FILLED,2.38,1.33491,LP_C,1,
700335,C1016,STD,A,EURUSD,BUY,2.18,2025-10-15 11:57:09.354,1.16288,2025-10-15 11:57:09.406,2025-10-15 11:57:09.408,2025-10-15 11:57:09.410,2025-10-15 11:57:09.451,2025-10-15 11:57:09.453,2025-10-15 11:57:09.469,FILLED,2.18,1.16288,LP_B,2,
700336,C1029,STD,B,GBPUSD,SELL,1.67,2025-10-15 11:57:15.091,1.33492,2025-10-15 11:57:15.132,,,,2025-10-15 11:57:15.134,2025-10-15 11:57:15.203,FILLED,1.67,1.33492,,0,
700337,C1032,STD,B,EURUSD,SELL,1.92,2025-10-15 11:57:30.953,1.16267,2025-10-15 11:57:30.989,,,,2025-10-15 11:57:30.991,2025-10-15 11:57:31.023,FILLED,1.92,1.16267,,0,
700338,C1021,STD,B,EURUSD,BUY,1.39,2025-10-15 11:57:31.164,1.16286,2025-10-15 11:57:31.230,,,,2025-10-15 11:57:31.231,2025-10-15 11:57:31.288,FILLED,1.39,1.16286,,0,
700339,C1031,STD,A,EURUSD,BUY,0.72,2025-10-15 11:57:33.106,1.16285,2025-10-15 11:57:33.153,2025-10-15 11:57:33.155,2025-10-15 11:57:33.156,2025-10-15 11:57:33.310,2025-10-15 11:57:33.312,2025-10-15 11:57:33.373,FILLED,0.72,1.16285,LP_C,1,
700340,C1024,STD,B,XAUUSD,SELL,1.52,2025-10-15 11:57:39.687,4087.93,2025-10-15 11:57:39.754,,,,2025-10-15 11:57:39.757,2025-10-15 11:57:39.814,FILLED,1.52,4087.93,,0,
700341,C1047,STD,A,XAUUSD,SELL,0.29,2025-10-15 11:57:40.210,4087.96,2025-10-15 11:57:40.246,2025-10-15 11:57:40.247,2025-10-15 11:57:40.248,2025-10-15 11:57:40.256,2025-10-15 11:57:40.258,2025-10-15 11:57:40.275,FILLED,0.29,4087.96,LP_A,1,
700342,C1028,STD,A,EURUSD,BUY,1.35,2025-10-15 11:57:55.788,1.16286,2025-10-15 11:57:55.803,2025-10-15 11:57:55.805,2025-10-15 11:57:55.807,2025-10-15 11:57:55.934,2025-10-15 11:57:55.936,2025-10-15 11:57:55.988,FILLED,1.35,1.16287,LP_A,2,
700343,C1010,RAW,A,XAUUSD,SELL,0.57,2025-10-15 11:58:07.337,4088.12,2025-10-15 11:58:07.365,2025-10-15 11:58:07.367,2025-10-15 11:58:07.369,2025-10-15 11:58:07.376,2025-10-15 11:58:07.378,2025-10-15 11:58:07.417,FILLED,0.57,4088.12,LP_A,1,
700344,C1043,STD,A,EURUSD,BUY,0.73,2025-10-15 11:58:13.135,1.16289,2025-10-15 11:58:13.181,2025-10-15 11:58:13.184,2025-10-15 11:58:13.185,2025-10-15 11:58:13.334,2025-10-15 11:58:13.336,2025-10-15 11:58:13.367,FILLED,0.73,1.16289,LP_C,1,
700345,C1058,RAW,B,GBPUSD,BUY,1.84,2025-10-15 11:58:20.468,1.335,2025-10-15 11:58:20.504,,,,2025-10-15 11:58:20.506,2025-10-15 11:58:20.529,FILLED,1.84,1.335,,0,
700346,C1044,STD,A,EURUSD,SELL,1.83,2025-10-15 11:58:24.176,1.16268,2025-10-15 11:58:24.231,2025-10-15 11:58:24.233,2025-10-15 11:58:24.233,2025-10-15 11:58:24.240,2025-10-15 11:58:24.242,2025-10-15 11:58:24.289,FILLED,1.83,1.16268,LP_A,1,
700347,C1016,STD,A,EURUSD,BUY,0.97,2025-10-15 11:58:25.224,1.16288,2025-10-15 11:58:25.293,2025-10-15 11:58:25.294,2025-10-15 11:58:25.296,2025-10-15 11:58:25.402,2025-10-15 11:58:25.404,2025-10-15 11:58:25.456,FILLED,0.97,1.16288,LP_C,1,
700348,C1032,STD,B,XAUUSD,SELL,1.12,2025-10-15 11:58:32.691,4087.97,2025-10-15 11:58:32.755,,,,2025-10-15 11:58:32.757,2025-10-15 11:58:32.776,FILLED,1.12,4087.97,,0,
700349,C1010,RAW,A,GBPUSD,SELL,1.19,2025-10-15 11:58:39.165,1.33493,2025-10-15 11:58:39.224,2025-10-15 11:58:39.227,2025-10-15 11:58:39.228,2025-10-15 11:58:39.236,2025-10-15 11:58:39.238,2025-10-15 11:58:39.291,FILLED,1.19,1.33492,LP_A,1,
700350,C1022,STD,B,XAUUSD,BUY,0.62,2025-10-15 11:58:42.390,4088.51,2025-10-15 11:58:42.421,,,,2025-10-15 11:58:42.422,2025-10-15 11:58:42.479,FILLED,0.62,4088.51,,0,
700351,C1056,RAW,A,EURUSD,SELL,0.25,2025-10-15 11:58:51.438,1.16276,2025-10-15 11:58:51.498,2025-10-15 11:58:51.501,2025-10-15 11:58:51.502,2025-10-15 11:58:51.616,2025-10-15 11:58:51.618,2025-10-15 11:58:51.680,FILLED,0.25,1.16275,LP_A,2,
700352,C1058,RAW,B,XAUUSD,SELL,0.1,2025-10-15 11:59:08.015,4087.74,2025-10-15 11:59:08.062,,,,2025-10-15 11:59:08.064,2025-10-15 11:59:08.092,FILLED,0.1,4087.74,,0,
700353,C1025,STD,B,EURUSD,BUY,0.94,2025-10-15 11:59:16.616,1.16292,2025-10-15 11:59:16.665,,,,2025-10-15 11:59:16.668,2025-10-15 11:59:16.721,FILLED,0.94,1.16292,,0,
700354,C1041,RAW,A,EURUSD,BUY,4.6,2025-10-15 11:59:25.935,1.16282,2025-10-15 11:59:25.962,2025-10-15 11:59:25.965,2025-10-15 11:59:25.966,2025-10-15 11:59:26.090,2025-10-15 11:59:26.092,2025-10-15 11:59:26.149,FILLED,4.6,1.16282,LP_C,1,
700355,C1005,RAW,B,GBPUSD,BUY,1.14,2025-10-15 11:59:41.165,1.33503,2025-10-15 11:59:41.191,,,,2025-10-15 11:59:41.193,2025-10-15 11:59:41.263,FILLED,1.14,1.33503,,0,
700356,C1012,RAW,A,GBPUSD,BUY,0.72,2025-10-15 11:59:43.081,1.33502,2025-10-15 11:59:43.147,2025-10-15 11:59:43.150,2025-10-15 11:59:43.151,2025-10-15 11:59:43.189,2025-10-15 11:59:43.191,2025-10-15 11:59:43.219,FILLED,0.72,1.33502,LP_B,1,
700357,C1017,STD,B,XAUUSD,BUY,0.99,2025-10-15 11:59:46.583,4087.92,2025-10-15 11:59:46.634,,,,2025-10-15 11:59:46.637,2025-10-15 11:59:46.669,FILLED,0.99,4087.96,,0,
700358,C1050,STD,A,EURUSD,SELL,0.71,2025-10-15 11:59:49.520,1.16272,2025-10-15 11:59:49.566,2025-10-15 11:59:49.567,2025-10-15 11:59:49.568,2025-10-15 11:59:49.575,2025-10-15 11:59:49.576,2025-10-15 11:59:49.634,FILLED,0.71,1.16272,LP_A,1,
700359,C1040,STD,A,EURUSD,SELL,0.21,2025-10-15 11:59:50.166,1.16272,2025-10-15 11:59:50.224,2025-10-15 11:59:50.225,2025-10-15 11:59:50.226,2025-10-15 11:59:50.333,2025-10-15 11:59:50.334,2025-10-15 11:59:50.399,FILLED,0.21,1.16272,LP_C,1,
700360,C1013,STD,A,EURUSD,SELL,3.12,2025-10-15 11:59:52.447,1.16272,2025-10-15 11:59:52.491,2025-10-15 11:59:52.494,2025-10-15 11:59:52.495,2025-10-15 11:59:52.649,2025-10-15 11:59:52.650,2025-10-15 11:59:52.674,FILLED,3.12,1.16272,LP_C,1,
700361,C1039,STD,B,GBPUSD,SELL,0.99,2025-10-15 11:59:53.631,1.33488,2025-10-15 11:59:53.671,,,,2025-10-15 11:59:53.673,2025-10-15 11:59:53.725,FILLED,0.99,1.33488,,0,
700362,C1024,STD,B,XAUUSD,SELL,0.86,2025-10-15 12:00:00.694,4087.31,2025-10-15 12:00:00.764,,,,2025-10-15 12:00:00.765,2025-10-15 12:00:00.782,FILLED,0.86,4087.31,,0,
700363,C1050,STD,A,EURUSD,BUY,0.59,2025-10-15 12:00:03.380,1.16288,2025-10-15 12:00:03.398,2025-10-15 12:00:03.400,2025-10-15 12:00:03.402,2025-10-15 12:00:03.544,2025-10-15 12:00:03.545,2025-10-15 12:00:03.568,FILLED,0.59,1.1629,LP_A,2,
700364,C1010,RAW,A,EURUSD,SELL,0.15,2025-10-15 12:00:09.919,1.16278,2025-10-15 12:00:09.940,2025-10-15 12:00:09.943,2025-10-15 12:00:09.944,2025-10-15 12:00:10.079,2025-10-15 12:00:10.082,2025-10-15 12:00:10.104,FILLED,0.15,1.16278,LP_C,1,
700365,C1041,RAW,A,EURUSD,BUY,2.0,2025-10-15 12:00:10.904,1.16282,2025-10-15 12:00:10.954,2025-10-15 12:00:10.956,2025-10-15 12:00:10.957,2025-10-15 12:00:11.068,2025-10-15 12:00:11.069,2025-10-15 12:00:11.138,FILLED,2.0,1.16282,LP_C,1,
700366,C1057,STD,B,XAUUSD,SELL,1.55,2025-10-15 12:00:20.112,4087.47,2025-10-15 12:00:20.176,,,,2025-10-15 12:00:20.177,2025-10-15 12:00:20.237,FILLED,1.55,4087.47,,0,
700367,C1020,STD,B,XAUUSD,BUY,1.28,2025-10-15 12:00:25.466,4088.18,2025-10-15 12:00:25.523,,,,2025-10-15 12:00:25.524,2025-10-15 12:00:25.563,FILLED,1.28,4088.18,,0,
700368,C1009,RAW,B,EURUSD,BUY,4.47,2025-10-15 12:00:30.282,1.16278,2025-10-15 12:00:30.309,,,,2025-10-15 12:00:30.311,2025-10-15 12:00:30.375,FILLED,4.47,1.16278,,0,
700369,C1043,STD,A,GBPUSD,BUY,1.72,2025-10-15 12:00:31.089,1.33523,2025-10-15 12:00:31.122,2025-10-15 12:00:31.125,2025-10-15 12:00:31.126,2025-10-15 12:00:31.162,2025-10-15 12:00:31.165,2025-10-15 12:00:31.230,FILLED,1.72,1.33523,LP_B,1,
700370,C1044,STD,A,EURUSD,BUY,0.4,2025-10-15 12:00:31.796,1.16286,2025-10-15 12:00:31.862,2025-10-15 12:00:31.865,2025-10-15 12:00:31.867,2025-10-15 12:00:31.998,2025-10-15 12:00:31.999,2025-10-15 12:00:32.064,FILLED,0.4,1.16287,LP_A,2,
700371,C1030,STD,A,EURUSD,BUY,8.3,2025-10-15 12:00:38.437,1.16288,2025-10-15 12:00:38.462,2025-10-15 12:00:38.463,2025-10-15 12:00:38.465,2025-10-15 12:00:38.471,2025-10-15 12:00:38.473,2025-10-15 12:00:38.537,FILLED,8.3,1.16288,LP_A,1,
700372,C1033,STD,B,XAUUSD,BUY,6.4,2025-10-15 12:00:41.408,4088.07,2025-10-15 12:00:41.477,,,,2025-10-15 12:00:41.479,2025-10-15 12:00:41.513,FILLED,6.4,4088.07,,0,
700373,C1041,RAW,A,EURUSD,SELL,9.2,2025-10-15 12:00:41.805,1.16276,2025-10-15 12:00:41.853,2025-10-15 12:00:41.854,2025-10-15 12:00:41.855,2025-10-15 12:00:41.861,2025-10-15 12:00:41.864,2025-10-15 12:00:41.887,FILLED,9.2,1.16276,LP_A,1,
700374,C1019,STD,A,EURUSD,SELL,3.26,2025-10-15 12:00:42.657,1.16268,2025-10-15 12:00:42.715,2025-10-15 12:00:42.717,2025-10-15 12:00:42.718,2025-10-15 12:00:42.834,2025-10-15 12:00:42.835,2025-10-15 12:00:42.895,FILLED,3.26,1.16268,LP_C,1,
700375,C1006,STD,B,GBPUSD,SELL,1.07,2025-10-15 12:00:44.356,1.33503,2025-10-15 12:00:44.381,,,,2025-10-15 12:00:44.383,2025-10-15 12:00:44.407,FILLED,1.07,1.33503,,0,
700376,C1055,STD,A,EURUSD,SELL,0.97,2025-10-15 12:00:44.914,1.16267,2025-10-15 12:00:44.973,2025-10-15 12:00:44.975,2025-10-15 12:00:44.976,2025-10-15 12:00:44.982,2025-10-15 12:00:44.984,2025-10-15 12:00:45.007,FILLED,0.97,1.16267,LP_A,1,
700377,C1022,STD,B,XAUUSD,SELL,0.26,2025-10-15 12:00:47.237,4087.59,2025-10-15 12:00:47.305,,,,2025-10-15 12:00:47.306,2025-10-15 12:00:47.357,FILLED,0.26,4087.59,,0,
700378,C1057,STD,B,XAUUSD,BUY,0.26,2025-10-15 12:01:02.542,4088.01,2025-10-15 12:01:02.611,,,,2025-10-15 12:01:02.613,2025-10-15 12:01:02.636,FILLED,0.26,4088.01,,0,
700379,C1034,RAW,B,GBPUSD,BUY,0.81,2025-10-15 12:01:02.776,1.33521,2025-10-15 12:01:02.819,,,,2025-10-15 12:01:02.822,2025-10-15 12:01:02.883,FILLED,0.81,1.33521,,0,
700380,C1023,RAW,B,XAUUSD,BUY,9.9,2025-10-15 12:01:03.516,4087.81,2025-10-15 12:01:03.561,,,,2025-10-15 12:01:03.564,2025-10-15 12:01:03.622,FILLED,9.9,4087.81,,0,
700381,C1041,RAW,A,EURUSD,SELL,8.5,2025-10-15 12:01:05.431,1.16277,2025-10-15 12:01:05.482,2025-10-15 12:01:05.485,2025-10-15 12:01:05.486,2025-10-15 12:01:05.496,2025-10-15 12:01:05.497,2025-10-15 12:01:05.527,FILLED,8.5,1.16277,LP_A,1,
700382,C1012,RAW,A,EURUSD,SELL,0.62,2025-10-15 12:01:07.694,1.16278,2025-10-15 12:01:07.753,2025-10-15 12:01:07.754,2025-10-15 12:01:07.755,2025-10-15 12:01:07.872,2025-10-15 12:01:07.875,2025-10-15 12:01:07.912,FILLED,0.62,1.16278,LP_C,1,
700383,C1005,RAW,B,XAUUSD,BUY,3.78,2025-10-15 12:01:12.416,4087.89,2025-10-15 12:01:12.459,,,,2025-10-15 12:01:12.460,2025-10-15 12:01:12.530,FILLED,3.78,4087.89,,0,
700384,C1049,STD,A,XAUUSD,BUY,0.84,2025-10-15 12:01:23.101,4088.16,2025-10-15 12:01:23.162,2025-10-15 12:01:23.164,2025-10-15 12:01:23.165,2025-10-15 12:01:23.317,2025-10-15 12:01:23.319,2025-10-15 12:01:23.376,FILLED,0.84,4088.16,LP_C,1,
700385,C1028,STD,A,XAUUSD,SELL,1.94,2025-10-15 12:01:35.541,4087.94,2025-10-15 12:01:35.595,2025-10-15 12:01:35.597,2025-10-15 12:01:35.599,2025-10-15 12:01:35.605,2025-10-15 12:01:35.606,2025-10-15 12:01:35.642,FILLED,1.94,4087.94,LP_A,1,
700386,C1031,STD,A,XAUUSD,BUY,2.15,2025-10-15 12:01:45.669,4088.65,2025-10-15 12:01:45.714,2025-10-15 12:01:45.715,2025-10-15 12:01:45.717,2025-10-15 12:01:45.725,2025-10-15 12:01:45.726,2025-10-15 12:01:45.772,FILLED,2.15,4088.67,LP_A,1,
700387,C1025,STD,B,GBPUSD,SELL,1.24,2025-10-15 12:01:47.544,1.335,2025-10-15 12:01:47.564,,,,2025-10-15 12:01:47.566,2025-10-15 12:01:47.613,FILLED,1.24,1.335,,0,
700388,C1057,STD,B,EURUSD,SELL,0.3,2025-10-15 12:01:52.157,1.16273,2025-10-15 12:01:52.217,,,,2025-10-15 12:01:52.220,2025-10-15 12:01:52.275,FILLED,0.3,1.16273,,0,
700389,C1008,STD,A,XAUUSD,SELL,0.92,2025-10-15 12:02:06.965,4088.16,2025-10-15 12:02:07.016,2025-10-15 12:02:07.018,2025-10-15 12:02:07.020,2025-10-15 12:02:07.143,2025-10-15 12:02:07.145,2025-10-15 12:02:07.172,FILLED,0.92,4088.16,LP_C,1,
700390,C1001,RAW,A,XAUUSD,SELL,3.05,2025-10-15 12:02:08.935,4088.51,2025-10-15 12:02:09.001,2025-10-15 12:02:09.003,2025-10-15 12:02:09.004,2025-10-15 12:02:09.010,2025-10-15 12:02:09.013,2025-10-15 12:02:09.075,FILLED,3.05,4088.51,LP_A,1,
700391,C1024,STD,B,XAUUSD,BUY,1.19,2025-10-15 12:02:11.428,4088.81,2025-10-15 12:02:11.476,,,,2025-10-15 12:02:11.478,2025-10-15 12:02:11.540,FILLED,1.19,4088.81,,0,
700392,C1016,STD,A,EURUSD,SELL,0.5,2025-10-15 12:02:13.714,1.16273,2025-10-15 12:02:13.746,2025-10-15 12:02:13.748,2025-10-15 12:02:13.750,2025-10-15 12:02:13.858,2025-10-15 12:02:13.861,2025-10-15 12:02:13.901,FILLED,0.5,1.16273,LP_C,1,
700393,C1007,RAW,B,EURUSD,BUY,2.7,2025-10-15 12:02:19.180,1.16284,2025-10-15 12:02:19.227,,,,2025-10-15 12:02:19.230,2025-10-15 12:02:19.286,FILLED,2.7,1.16284,,0,
700394,C1023,RAW,B,XAUUSD,SELL,5.7,2025-10-15 12:02:21.597,4088.33,2025-10-15 12:02:21.650,,,,2025-10-15 12:02:21.652,2025-10-15 12:02:21.712,FILLED,5.7,4088.33,,0,
700395,C1032,STD,B,XAUUSD,BUY,0.54,2025-10-15 12:02:23.035,4088.78,2025-10-15 12:02:23.071,,,,2025-10-15 12:02:23.073,2025-10-15 12:02:23.104,FILLED,0.54,4088.78,,0,
700396,C1005,RAW,B,XAUUSD,SELL,0.56,2025-10-15 12:02:39.457,4088.16,2025-10-15 12:02:39.486,,,,2025-10-15 12:02:39.488,2025-10-15 12:02:39.537,FILLED,0.56,4088.16,,0,
700397,C1043,STD,A,EURUSD,BUY,0.54,2025-10-15 12:02:40.684,1.16295,2025-10-15 12:02:40.705,2025-10-15 12:02:40.706,2025-10-15 12:02:40.707,2025-10-15 12:02:40.841,2025-10-15 12:02:40.843,2025-10-15 12:02:40.861,FILLED,0.54,1.16295,LP_C,1,
700398,C1034,RAW,B,XAUUSD,SELL,0.12,2025-10-15 12:02:44.504,4088.25,2025-10-15 12:02:44.554,,,,2025-10-15 12:02:44.557,2025-10-15 12:02:44.626,FILLED,0.12,4088.25,,0,
700399,C1034,RAW,B,XAUUSD,SELL,5.83,2025-10-15 12:02:53.345,4088.11,2025-10-15 12:02:53.363,,,,2025-10-15 12:02:53.366,2025-10-15 12:02:53.402,FILLED,5.83,4088.11,,0,
700400,C1046,STD,A,XAUUSD,BUY,1.18,2025-10-15 12:02:53.902,4088.51,2025-10-15 12:02:53.952,2025-10-15 12:02:53.953,2025-10-15 12:02:53.955,2025-10-15 12:02:53.961,2025-10-15 12:02:53.964,2025-10-15 12:02:54.011,FILLED,1.18,4088.51,LP_A,1,
700401,C1012,RAW,A,EURUSD,SELL,0.38,2025-10-15 12:02:54.605,1.16287,2025-10-15 12:02:54.643,2025-10-15 12:02:54.644,2025-10-15 12:02:54.645,2025-10-15 12:02:54.653,2025-10-15 12:02:54.655,2025-10-15 12:02:54.695,FILLED,0.38,1.16287,LP_A,1,
700402,C1035,STD,B,EURUSD,SELL,1.35,2025-10-15 12:02:57.428,1.1628,2025-10-15 12:02:57.447,,,,2025-10-15 12:02:57.449,2025-10-15 12:02:57.504,FILLED,1.35,1.1628,,0,
700403,C1041,RAW,A,EURUSD,SELL,9.1,2025-10-15 12:03:01.677,1.16286,2025-10-15 12:03:01.719,2025-10-15 12:03:01.721,2025-10-15 12:03:01.722,2025-10-15 12:03:01.758,2025-10-15 12:03:01.760,2025-10-15 12:03:01.809,FILLED,9.1,1.16286,LP_B,1,
700404,C1023,RAW,B,EURUSD,SELL,7.5,2025-10-15 12:03:04.631,1.16284,2025-10-15 12:03:04.697,,,,2025-10-15 12:03:04.699,2025-10-15 12:03:04.761,FILLED,7.5,1.16284,,0,
700405,C1017,STD,B,XAUUSD,BUY,0.81,2025-10-15 12:03:12.598,4088.22,2025-10-15 12:03:12.630,,,,2025-10-15 12:03:12.633,2025-10-15 12:03:12.657,FILLED,0.81,4088.22,,0,
700406,C1060,STD,B,XAUUSD,SELL,2.3,2025-10-15 12:03:13.922,4087.68,2025-10-15 12:03:13.991,,,,2025-10-15 12:03:13.992,2025-10-15 12:03:14.016,FILLED,2.3,4087.66,,0,
700407,C1046,STD,A,EURUSD,BUY,8.2,2025-10-15 12:03:17.278,1.16298,2025-10-15 12:03:17.347,2025-10-15 12:03:17.348,2025-10-15 12:03:17.350,2025-10-15 12:03:17.356,2025-10-15 12:03:17.358,2025-10-15 12:03:17.423,FILLED,8.2,1.16298,LP_A,1,
700408,C1004,STD,B,EURUSD,SELL,2.05,2025-10-15 12:03:21.250,1.1628,2025-10-15 12:03:21.294,,,,2025-10-15 12:03:21.296,2025-10-15 12:03:21.315,FILLED,2.05,1.1628,,0,
700409,C1013,STD,A,EURUSD,BUY,0.86,2025-10-15 12:03:21.341,1.16298,2025-10-15 12:03:21.357,2025-10-15 12:03:21.359,2025-10-15 12:03:21.361,2025-10-15 12:03:21.396,2025-10-15 12:03:21.398,2025-10-15 12:03:21.430,FILLED,0.86,1.16298,LP_B,1,
700410,C1019,STD,A,EURUSD,BUY,3.68,2025-10-15 12:03:26.379,1.16297,2025-10-15 12:03:26.410,2025-10-15 12:03:26.412,2025-10-15 12:03:26.413,2025-10-15 12:03:26.539,2025-10-15 12:03:26.541,2025-10-15 12:03:26.579,FILLED,3.68,1.16299,LP_A,2,
700411,C1057,STD,B,XAUUSD,BUY,0.77,2025-10-15 12:03:29.225,4087.86,2025-10-15 12:03:29.248,,,,2025-10-15 12:03:29.250,2025-10-15 12:03:29.302,FILLED,0.77,4087.86,,0,
700412,C1018,RAW,B,XAUUSD,SELL,1.89,2025-10-15 12:03:38.420,4087.15,2025-10-15 12:03:38.439,,,,2025-10-15 12:03:38.441,2025-10-15 12:03:38.500,FILLED,1.89,4087.15,,0,
700413,C1038,RAW,B,EURUSD,SELL,1.02,2025-10-15 12:03:45.458,1.16287,2025-10-15 12:03:45.494,,,,2025-10-15 12:03:45.498,2025-10-15 12:03:45.534,FILLED,1.02,1.16287,,0,
700414,C1014,RAW,B,XAUUSD,BUY,2.46,2025-10-15 12:03:47.234,4087.4,2025-10-15 12:03:47.264,,,,2025-10-15 12:03:47.266,2025-10-15 12:03:47.303,FILLED,2.46,4087.4,,0,
700415,C1043,STD,A,GBPUSD,BUY,1.74,2025-10-15 12:03:57.815,1.33518,2025-10-15 12:03:57.852,2025-10-15 12:03:57.855,2025-10-15 12:03:57.856,2025-10-15 12:03:57.989,2025-10-15 12:03:57.991,2025-10-15 12:03:58.032,FILLED,1.74,1.33518,LP_C,1,
700416,C1057,STD,B,XAUUSD,BUY,0.44,2025-10-15 12:04:03.676,4087.6,2025-10-15 12:04:03.730,,,,2025-10-15 12:04:03.733,2025-10-15 12:04:03.754,FILLED,0.44,4087.6,,0,
700417,C1007,RAW,B,XAUUSD,SELL,7.3,2025-10-15 12:04:06.447,4087.45,2025-10-15 12:04:06.501,,,,2025-10-15 12:04:06.505,2025-10-15 12:04:06.572,FILLED,7.3,4087.45,,0,
700418,C1038,RAW,B,EURUSD,BUY,0.92,2025-10-15 12:04:19.041,1.1629,2025-10-15 12:04:19.094,,,,2025-10-15 12:04:19.097,2025-10-15 12:04:19.156,FILLED,0.92,1.1629,,0,
700419,C1023,RAW,B,XAUUSD,SELL,5.0,2025-10-15 12:04:21.518,4087.57,2025-10-15 12:04:21.539,,,,2025-10-15 12:04:21.541,2025-10-15 12:04:21.610,FILLED,5.0,4087.57,,0,
700420,C1005,RAW,B,GBPUSD,BUY,1.36,2025-10-15 12:04:28.515,1.33514,2025-10-15 12:04:28.575,,,,2025-10-15 12:04:28.577,2025-10-15 12:04:28.596,FILLED,1.36,1.33514,,0,
700421,C1051,STD,A,XAUUSD,BUY,6.8,2025-10-15 12:04:29.130,4087.98,2025-10-15 12:04:29.155,2025-10-15 12:04:29.157,2025-10-15 12:04:29.158,2025-10-15 12:04:29.347,2025-10-15 12:04:29.348,2025-10-15 12:04:29.383,PARTIAL,6.0,4088.0,"LP_C,LP_A,LP_B",3,
700422,C1052,RAW,A,EURUSD,SELL,0.93,2025-10-15 12:04:42.350,1.16291,2025-10-15 12:04:42.370,2025-10-15 12:04:42.371,2025-10-15 12:04:42.373,2025-10-15 12:04:42.481,2025-10-15 12:04:42.482,2025-10-15 12:04:42.526,FILLED,0.93,1.16291,LP_C,1,
700423,C1019,STD,A,XAUUSD,BUY,8.52,2025-10-15 12:05:00.600,4088.48,2025-10-15 12:05:00.633,2025-10-15 12:05:00.635,2025-10-15 12:05:00.635,2025-10-15 12:05:00.826,2025-10-15 12:05:00.828,2025-10-15 12:05:00.878,FILLED,8.52,4088.51,"LP_A,LP_C,LP_B",3,
700424,C1007,RAW,B,XAUUSD,BUY,2.1,2025-10-15 12:05:05.289,4088.4,2025-10-15 12:05:05.351,,,,2025-10-15 12:05:05.355,2025-10-15 12:05:05.410,FILLED,2.1,4088.4,,0,
700425,C1040,STD,A,GBPUSD,BUY,0.68,2025-10-15 12:05:07.276,1.33522,2025-10-15 12:05:07.308,2025-10-15 12:05:07.309,2025-10-15 12:05:07.311,2025-10-15 12:05:07.345,2025-10-15 12:05:07.347,2025-10-15 12:05:07.376,FILLED,0.68,1.33521,LP_B,1,
700426,C1007,RAW,B,XAUUSD,BUY,5.0,2025-10-15 12:05:08.000,4088.4,2025-10-15 12:05:08.056,,,,2025-10-15 12:05:08.059,2025-10-15 12:05:08.119,FILLED,5.0,4088.4,,0,
700427,C1023,RAW,B,XAUUSD,BUY,5.0,2025-10-15 12:05:09.700,4088.4,2025-10-15 12:05:09.747,,,,2025-10-15 12:05:09.749,2025-10-15 12:05:09.815,FILLED,5.0,4088.4,,0,
700428,C1041,RAW,A,XAUUSD,BUY,5.0,2025-10-15 12:05:11.400,4088.4,2025-10-15 12:05:11.437,2025-10-15 12:05:11.438,2025-10-15 12:05:11.440,2025-10-15 12:05:11.636,2025-10-15 12:05:11.493,2025-10-15 12:05:11.555,PARTIAL,4.5,4089.03,LP_A,3,
700429,C1006,STD,B,XAUUSD,SELL,0.16,2025-10-15 12:05:12.497,4088.72,2025-10-15 12:05:12.513,,,,2025-10-15 12:05:12.516,2025-10-15 12:05:12.575,FILLED,0.16,4088.72,,0,
700430,C1001,RAW,A,XAUUSD,BUY,5.59,2025-10-15 12:05:12.917,4088.4,2025-10-15 12:05:12.976,2025-10-15 12:05:12.978,2025-10-15 12:05:12.979,2025-10-15 12:05:13.176,2025-10-15 12:05:13.177,2025-10-15 12:05:13.246,FILLED,5.59,4089.2,LP_A,3,
700431,C1007,RAW,B,XAUUSD,BUY,5.0,2025-10-15 12:05:14.000,4088.4,2025-10-15 12:05:14.017,,,,2025-10-15 12:05:14.019,2025-10-15 12:05:14.066,FILLED,5.0,4088.4,,0,
700432,C1023,RAW,B,XAUUSD,BUY,5.0,2025-10-15 12:05:15.700,4088.4,2025-10-15 12:05:15.721,,,,2025-10-15 12:05:15.724,2025-10-15 12:05:15.762,FILLED,5.0,4088.4,,0,
700433,C1041,RAW,A,XAUUSD,BUY,5.0,2025-10-15 12:05:17.400,4088.4,2025-10-15 12:05:17.424,2025-10-15 12:05:17.425,2025-10-15 12:05:17.427,2025-10-15 12:05:17.635,2025-10-15 12:05:17.638,2025-10-15 12:05:17.694,PARTIAL,4.5,4089.29,"LP_C,LP_A",3,
700434,C1007,RAW,B,XAUUSD,BUY,5.0,2025-10-15 12:05:20.000,4088.4,2025-10-15 12:05:20.034,,,,2025-10-15 12:05:20.037,2025-10-15 12:05:20.091,FILLED,5.0,4088.4,,0,
700435,C1023,RAW,B,XAUUSD,BUY,5.0,2025-10-15 12:05:21.700,4088.4,2025-10-15 12:05:21.732,,,,2025-10-15 12:05:21.733,2025-10-15 12:05:21.776,FILLED,5.0,4088.4,,0,
700436,C1006,STD,B,EURUSD,BUY,0.4,2025-10-15 12:05:23.271,1.16302,2025-10-15 12:05:23.339,,,,2025-10-15 12:05:23.341,2025-10-15 12:05:23.374,FILLED,0.4,1.16302,,0,
700437,C1041,RAW,A,XAUUSD,BUY,5.0,2025-10-15 12:05:23.400,4088.4,2025-10-15 12:05:23.465,2025-10-15 12:05:23.467,2025-10-15 12:05:23.468,2025-10-15 12:05:23.674,2025-10-15 12:05:23.675,2025-10-15 12:05:23.718,FILLED,5.0,4089.64,LP_A,3,
700438,C1007,RAW,B,XAUUSD,BUY,5.0,2025-10-15 12:05:26.000,4088.4,2025-10-15 12:05:26.047,,,,2025-10-15 12:05:26.050,2025-10-15 12:05:26.098,FILLED,5.0,4088.4,,0,
700439,C1025,STD,B,EURUSD,SELL,0.28,2025-10-15 12:05:27.486,1.1628,2025-10-15 12:05:27.542,,,,2025-10-15 12:05:27.545,2025-10-15 12:05:27.574,FILLED,0.28,1.1628,,0,
700440,C1023,RAW,B,XAUUSD,BUY,5.0,2025-10-15 12:05:27.700,4088.4,2025-10-15 12:05:27.716,,,,2025-10-15 12:05:27.720,2025-10-15 12:05:27.760,FILLED,5.0,4088.4,,0,
700441,C1041,RAW,A,XAUUSD,BUY,5.0,2025-10-15 12:05:29.400,4088.4,2025-10-15 12:05:29.452,2025-10-15 12:05:29.455,2025-10-15 12:05:29.456,2025-10-15 12:05:29.630,2025-10-15 12:05:29.633,2025-10-15 12:05:29.687,PARTIAL,3.0,4090.08,LP_A,3,
700442,C1007,RAW,B,XAUUSD,BUY,5.0,2025-10-15 12:05:32.000,4088.4,2025-10-15 12:05:32.048,,,,2025-10-15 12:05:32.049,2025-10-15 12:05:32.065,FILLED,5.0,4088.4,,0,
700443,C1038,RAW,B,EURUSD,BUY,4.94,2025-10-15 12:05:32.040,1.16289,2025-10-15 12:05:32.106,,,,2025-10-15 12:05:32.110,2025-10-15 12:05:32.138,FILLED,4.94,1.16289,,0,
700444,C1023,RAW,B,XAUUSD,BUY,5.0,2025-10-15 12:05:33.700,4088.4,2025-10-15 12:05:33.750,,,,2025-10-15 12:05:33.752,2025-10-15 12:05:33.798,FILLED,5.0,4088.4,,0,
700445,C1015,STD,B,EURUSD,BUY,1.02,2025-10-15 12:05:34.324,1.16295,2025-10-15 12:05:34.378,,,,2025-10-15 12:05:34.380,2025-10-15 12:05:34.439,FILLED,1.02,1.16295,,0,
700446,C1041,RAW,A,XAUUSD,BUY,5.0,2025-10-15 12:05:35.400,4088.4,2025-10-15 12:05:35.431,2025-10-15 12:05:35.433,2025-10-15 12:05:35.434,2025-10-15 12:05:35.606,2025-10-15 12:05:35.609,2025-10-15 12:05:35.677,PARTIAL,3.0,4090.28,LP_A,3,
700447,C1007,RAW,B,XAUUSD,BUY,5.0,2025-10-15 12:05:38.000,4088.4,2025-10-15 12:05:38.022,,,,2025-10-15 12:05:38.024,2025-10-15 12:05:38.087,FILLED,5.0,4088.4,,0,
700448,C1023,RAW,B,XAUUSD,BUY,5.0,2025-10-15 12:05:39.700,4088.4,2025-10-15 12:05:39.763,,,,2025-10-15 12:05:39.766,2025-10-15 12:05:39.821,FILLED,5.0,4088.4,,0,
700449,C1041,RAW,A,XAUUSD,BUY,5.0,2025-10-15 12:05:41.400,4088.4,2025-10-15 12:05:41.434,2025-10-15 12:05:41.435,2025-10-15 12:05:41.436,2025-10-15 12:05:41.607,2025-10-15 12:05:41.486,2025-10-15 12:05:41.542,PARTIAL,4.5,4090.55,LP_A,3,
700450,C1007,RAW,B,XAUUSD,BUY,5.0,2025-10-15 12:05:44.000,4088.4,2025-10-15 12:05:44.041,,,,2025-10-15 12:05:44.044,2025-10-15 12:05:44.107,FILLED,5.0,4088.4,,0,
700451,C1023,RAW,B,XAUUSD,BUY,5.0,2025-10-15 12:05:45.700,4088.4,2025-10-15 12:05:45.765,,,,2025-10-15 12:05:45.769,2025-10-15 12:05:45.818,FILLED,5.0,4088.4,,0,
700452,C1041,RAW,A,XAUUSD,BUY,5.0,2025-10-15 12:05:47.400,4088.4,2025-10-15 12:05:47.425,2025-10-15 12:05:47.427,2025-10-15 12:05:47.427,2025-10-15 12:05:47.624,2025-10-15 12:05:47.477,2025-10-15 12:05:47.521,PARTIAL,4.5,4090.79,LP_A,3,
700453,C1007,RAW,B,XAUUSD,BUY,5.0,2025-10-15 12:05:50.000,4088.4,2025-10-15 12:05:50.062,,,,2025-10-15 12:05:50.064,2025-10-15 12:05:50.110,FILLED,5.0,4088.4,,0,
700454,C1056,RAW,A,XAUUSD,SELL,0.36,2025-10-15 12:05:50.959,4090.75,2025-10-15 12:05:50.982,2025-10-15 12:05:50.983,2025-10-15 12:05:50.984,2025-10-15 12:05:51.145,2025-10-15 12:05:51.147,2025-10-15 12:05:51.209,FILLED,0.36,4090.68,LP_A,2,
700455,C1007,RAW,B,XAUUSD,SELL,8.8,2025-10-15 12:05:51.106,4090.75,2025-10-15 12:05:51.159,,,,2025-10-15 12:05:51.160,2025-10-15 12:05:51.190,FILLED,8.8,4090.75,,0,
700456,C1023,RAW,B,XAUUSD,BUY,5.0,2025-10-15 12:05:51.700,4088.4,2025-10-15 12:05:51.723,,,,2025-10-15 12:05:51.727,2025-10-15 12:05:51.790,FILLED,5.0,4088.4,,0,
700457,C1035,STD,B,XAUUSD,BUY,2.08,2025-10-15 12:05:52.301,4088.6,2025-10-15 12:05:52.345,,,,2025-10-15 12:05:52.347,2025-10-15 12:05:52.407,FILLED,2.08,4088.6,,0,
700458,C1041,RAW,A,XAUUSD,BUY,5.0,2025-10-15 12:05:53.400,4088.4,2025-10-15 12:05:53.453,2025-10-15 12:05:53.454,2025-10-15 12:05:53.456,2025-10-15 12:05:53.662,2025-10-15 12:05:53.664,2025-10-15 12:05:53.679,FILLED,5.0,4091.0,"LP_C,LP_A",3,
700459,C1011,STD,B,XAUUSD,BUY,0.78,2025-10-15 12:05:53.485,4088.6,2025-10-15 12:05:53.539,,,,2025-10-15 12:05:53.541,2025-10-15 12:05:53.573,FILLED,0.78,4088.6,,0,
700460,C1031,STD,A,XAUUSD,BUY,2.23,2025-10-15 12:05:53.870,4088.6,2025-10-15 12:05:53.911,2025-10-15 12:05:53.914,2025-10-15 12:05:53.915,2025-10-15 12:05:54.117,2025-10-15 12:05:54.119,2025-10-15 12:05:54.158,FILLED,2.23,4091.2,"LP_C,LP_A",3,
700461,C1007,RAW,B,XAUUSD,BUY,5.0,2025-10-15 12:05:56.000,4088.4,2025-10-15 12:05:56.070,,,,2025-10-15 12:05:56.073,2025-10-15 12:05:56.119,FILLED,5.0,4088.4,,0,
700462,C1023,RAW,B,XAUUSD,BUY,5.0,2025-10-15 12:05:57.700,4088.4,2025-10-15 12:05:57.757,,,,2025-10-15 12:05:57.758,2025-10-15 12:05:57.824,FILLED,5.0,4088.4,,0,
700463,C1041,RAW,A,XAUUSD,BUY,5.0,2025-10-15 12:05:59.400,4088.4,2025-10-15 12:05:59.441,2025-10-15 12:05:59.443,2025-10-15 12:05:59.445,2025-10-15 12:05:59.630,2025-10-15 12:05:59.632,2025-10-15 12:05:59.683,PARTIAL,4.5,4091.49,LP_A,3,
700464,C1044,STD,A,EURUSD,BUY,1.63,2025-10-15 12:06:00.234,1.16298,2025-10-15 12:06:00.260,2025-10-15 12:06:00.262,2025-10-15 12:06:00.264,2025-10-15 12:06:00.372,2025-10-15 12:06:00.373,2025-10-15 12:06:00.403,FILLED,1.63,1.16298,LP_C,1,
700465,C1050,STD,A,XAUUSD,BUY,2.06,2025-10-15 12:06:00.683,4088.6,2025-10-15 12:06:00.748,2025-10-15 12:06:00.750,2025-10-15 12:06:00.752,2025-10-15 12:06:00.912,2025-10-15 12:06:00.914,2025-10-15 12:06:00.956,FILLED,2.06,4091.83,LP_A,3,
700466,C1007,RAW,B,XAUUSD,BUY,5.0,2025-10-15 12:06:02.000,4088.4,2025-10-15 12:06:02.069,,,,2025-10-15 12:06:02.071,2025-10-15 12:06:02.126,FILLED,5.0,4088.4,,0,
700467,C1023,RAW,B,XAUUSD,BUY,5.0,2025-10-15 12:06:03.700,4088.4,2025-10-15 12:06:03.739,,,,2025-10-15 12:06:03.742,2025-10-15 12:06:03.757,FILLED,5.0,4088.4,,0,
700468,C1041,RAW,A,XAUUSD,BUY,5.0,2025-10-15 12:06:05.400,4088.4,2025-10-15 12:06:05.441,2025-10-15 12:06:05.442,2025-10-15 12:06:05.443,2025-10-15 12:06:05.620,2025-10-15 12:06:05.621,2025-10-15 12:06:05.672,PARTIAL,4.5,4091.91,LP_A,3,
700469,C1007,RAW,B,XAUUSD,BUY,5.0,2025-10-15 12:06:08.000,4088.4,2025-10-15 12:06:08.022,,,,2025-10-15 12:06:08.026,2025-10-15 12:06:08.060,FILLED,5.0,4088.4,,0,
700470,C1023,RAW,B,XAUUSD,BUY,5.0,2025-10-15 12:06:09.700,4088.4,2025-10-15 12:06:09.746,,,,2025-10-15 12:06:09.749,2025-10-15 12:06:09.796,FILLED,5.0,4088.4,,0,
700471,C1041,RAW,A,XAUUSD,BUY,5.0,2025-10-15 12:06:11.400,4088.4,2025-10-15 12:06:11.456,2025-10-15 12:06:11.457,2025-10-15 12:06:11.457,2025-10-15 12:06:11.503,2025-10-15 12:06:11.505,2025-10-15 12:06:11.520,FILLED,5.0,4092.24,LP_A,2,
700472,C1032,STD,B,EURUSD,BUY,2.53,2025-10-15 12:06:11.466,1.16299,2025-10-15 12:06:11.507,,,,2025-10-15 12:06:11.510,2025-10-15 12:06:11.561,FILLED,2.53,1.16299,,0,
700473,C1007,RAW,B,XAUUSD,BUY,5.0,2025-10-15 12:06:14.000,4088.4,2025-10-15 12:06:14.063,,,,2025-10-15 12:06:14.065,2025-10-15 12:06:14.124,FILLED,5.0,4088.4,,0,
700474,C1023,RAW,B,XAUUSD,BUY,5.0,2025-10-15 12:06:15.700,4088.4,2025-10-15 12:06:15.760,,,,2025-10-15 12:06:15.763,2025-10-15 12:06:15.780,FILLED,5.0,4088.4,,0,
700475,C1041,RAW,A,XAUUSD,BUY,5.0,2025-10-15 12:06:17.400,4088.4,2025-10-15 12:06:17.468,2025-10-15 12:06:17.470,2025-10-15 12:06:17.472,2025-10-15 12:06:17.631,2025-10-15 12:06:17.633,2025-10-15 12:06:17.655,PARTIAL,3.0,4092.37,LP_A,3,
700476,C1014,RAW,B,EURUSD,SELL,0.42,2025-10-15 12:06:18.277,1.16289,2025-10-15 12:06:18.314,,,,2025-10-15 12:06:18.317,2025-10-15 12:06:18.346,FILLED,0.42,1.16289,,0,
700477,C1018,RAW,B,EURUSD,BUY,1.7,2025-10-15 12:06:19.404,1.16291,2025-10-15 12:06:19.455,,,,2025-10-15 12:06:19.456,2025-10-15 12:06:19.510,FILLED,1.7,1.16291,,0,
700478,C1007,RAW,B,XAUUSD,BUY,5.0,2025-10-15 12:06:20.000,4088.4,2025-10-15 12:06:20.036,,,,2025-10-15 12:06:20.039,2025-10-15 12:06:20.109,FILLED,5.0,4088.4,,0,
700479,C1023,RAW,B,XAUUSD,BUY,5.0,2025-10-15 12:06:21.700,4088.4,2025-10-15 12:06:21.727,,,,2025-10-15 12:06:21.728,2025-10-15 12:06:21.786,FILLED,5.0,4088.4,,0,
700480,C1041,RAW,A,XAUUSD,BUY,5.0,2025-10-15 12:06:23.400,4088.4,2025-10-15 12:06:23.442,2025-10-15 12:06:23.445,2025-10-15 12:06:23.446,2025-10-15 12:06:23.614,2025-10-15 12:06:23.493,2025-10-15 12:06:23.550,PARTIAL,4.5,4092.78,LP_A,3,
700481,C1022,STD,B,XAUUSD,SELL,0.49,2025-10-15 12:06:23.633,4092.45,2025-10-15 12:06:23.657,,,,2025-10-15 12:06:23.660,2025-10-15 12:06:23.698,FILLED,0.49,4092.45,,0,
700482,C1044,STD,A,EURUSD,SELL,0.65,2025-10-15 12:06:23.921,1.1628,2025-10-15 12:06:23.976,2025-10-15 12:06:23.978,2025-10-15 12:06:23.979,2025-10-15 12:06:23.985,2025-10-15 12:06:23.986,2025-10-15 12:06:24.051,FILLED,0.65,1.1628,LP_A,1,
700483,C1007,RAW,B,XAUUSD,BUY,5.0,2025-10-15 12:06:26.000,4088.4,2025-10-15 12:06:26.042,,,,2025-10-15 12:06:26.046,2025-10-15 12:06:26.089,FILLED,5.0,4088.4,,0,
700484,C1025,STD,B,EURUSD,SELL,0.5,2025-10-15 12:06:26.469,1.16279,2025-10-15 12:06:26.491,,,,2025-10-15 12:06:26.495,2025-10-15 12:06:26.513,FILLED,0.5,1.16279,,0,
700485,C1023,RAW,B,XAUUSD,BUY,5.0,2025-10-15 12:06:27.700,4088.4,2025-10-15 12:06:27.736,,,,2025-10-15 12:06:27.737,2025-10-15 12:06:27.772,FILLED,5.0,4088.4,,0,
700486,C1052,RAW,A,GBPUSD,BUY,3.2,2025-10-15 12:06:39.396,1.33527,2025-10-15 12:06:39.442,2025-10-15 12:06:39.444,2025-10-15 12:06:39.445,2025-10-15 12:06:39.607,2025-10-15 12:06:39.609,2025-10-15 12:06:39.637,FILLED,3.2,1.33529,LP_A,2,
700487,C1001,RAW,A,GBPUSD,SELL,0.33,2025-10-15 12:06:40.799,1.33523,2025-10-15 12:06:40.824,2025-10-15 12:06:40.827,2025-10-15 12:06:40.828,2025-10-15 12:06:40.834,2025-10-15 12:06:40.836,2025-10-15 12:06:40.861,FILLED,0.33,1.33523,LP_A,1,
700488,C1042,STD,A,GBPUSD,BUY,1.39,2025-10-15 12:06:42.210,1.33537,2025-10-15 12:06:42.264,2025-10-15 12:06:42.265,2025-10-15 12:06:42.267,2025-10-15 12:06:42.274,2025-10-15 12:06:42.277,2025-10-15 12:06:42.337,FILLED,1.39,1.33537,LP_A,1,
700489,C1033,STD,B,XAUUSD,SELL,1.33,2025-10-15 12:06:44.135,4092.78,2025-10-15 12:06:44.179,,,,2025-10-15 12:06:44.181,2025-10-15 12:06:44.204,FILLED,1.33,4092.78,,0,
700490,C1060,STD,B,EURUSD,SELL,0.67,2025-10-15 12:06:48.273,1.16278,2025-10-15 12:06:48.288,,,,2025-10-15 12:06:48.291,2025-10-15 12:06:48.313,FILLED,0.67,1.16278,,0,
700491,C1046,STD,A,EURUSD,SELL,0.75,2025-10-15 12:06:53.240,1.1628,2025-10-15 12:06:53.291,2025-10-15 12:06:53.294,2025-10-15 12:06:53.294,2025-10-15 12:06:53.301,2025-10-15 12:06:53.303,2025-10-15 12:06:53.332,FILLED,0.75,1.1628,LP_A,1,
700492,C1056,RAW,A,EURUSD,SELL,0.48,2025-10-15 12:06:55.769,1.1629,2025-10-15 12:06:55.805,2025-10-15 12:06:55.807,2025-10-15 12:06:55.809,2025-10-15 12:06:55.819,2025-10-15 12:06:55.820,2025-10-15 12:06:55.881,FILLED,0.48,1.1629,LP_A,1,
700493,C1054,RAW,A,XAUUSD,BUY,3.83,2025-10-15 12:07:08.238,4093.11,2025-10-15 12:07:08.271,2025-10-15 12:07:08.273,2025-10-15 12:07:08.273,2025-10-15 12:07:08.457,2025-10-15 12:07:08.460,2025-10-15 12:07:08.521,FILLED,3.83,4093.13,"LP_C,LP_B,LP_A",3,
700494,C1007,RAW,B,XAUUSD,BUY,7.5,2025-10-15 12:07:11.509,4093.04,2025-10-15 12:07:11.566,,,,2025-10-15 12:07:11.568,2025-10-15 12:07:11.592,FILLED,7.5,4093.04,,0,
700495,C1041,RAW,A,EURUSD,BUY,9.3,2025-10-15 12:07:15.076,1.16292,2025-10-15 12:07:15.121,2025-10-15 12:07:15.123,2025-10-15 12:07:15.124,2025-10-15 12:07:15.167,2025-10-15 12:07:15.170,2025-10-15 12:07:15.233,FILLED,9.3,1.16292,LP_B,1,
700496,C1028,STD,A,EURUSD,BUY,1.43,2025-10-15 12:07:19.593,1.16302,2025-10-15 12:07:19.618,2025-10-15 12:07:19.621,2025-10-15 12:07:19.623,2025-10-15 12:07:19.629,2025-10-15 12:07:19.632,2025-10-15 12:07:19.697,FILLED,1.43,1.16302,LP_A,1,
700497,C1035,STD,B,EURUSD,BUY,2.21,2025-10-15 12:07:21.432,1.16303,2025-10-15 12:07:21.459,,,,2025-10-15 12:07:21.461,2025-10-15 12:07:21.486,FILLED,2.21,1.16303,,0,
700498,C1052,RAW,A,EURUSD,SELL,0.5,2025-10-15 12:07:27.289,1.16294,2025-10-15 12:07:27.356,2025-10-15 12:07:27.357,2025-10-15 12:07:27.359,2025-10-15 12:07:27.368,2025-10-15 12:07:27.371,2025-10-15 12:07:27.392,FILLED,0.5,1.16294,LP_A,1,
700499,C1005,RAW,B,XAUUSD,BUY,1.77,2025-10-15 12:07:33.394,4093.08,2025-10-15 12:07:33.425,,,,2025-10-15 12:07:33.427,2025-10-15 12:07:33.470,FILLED,1.77,4093.08,,0,
700500,C1059,STD,B,GBPUSD,SELL,0.9,2025-10-15 12:07:40.535,1.33523,2025-10-15 12:07:40.600,,,,2025-10-15 12:07:40.602,2025-10-15 12:07:40.660,FILLED,0.9,1.33522,,0,
700501,C1042,STD,A,GBPUSD,SELL,1.13,2025-10-15 12:07:47.601,1.33523,2025-10-15 12:07:47.633,2025-10-15 12:07:47.636,2025-10-15 12:07:47.637,2025-10-15 12:07:47.644,2025-10-15 12:07:47.645,2025-10-15 12:07:47.684,FILLED,1.13,1.33523,LP_A,1,
700502,C1034,RAW,B,XAUUSD,SELL,0.75,2025-10-15 12:07:50.448,4092.69,2025-10-15 12:07:50.510,,,,2025-10-15 12:07:50.512,2025-10-15 12:07:50.528,FILLED,0.75,4092.69,,0,
700503,C1018,RAW,B,EURUSD,SELL,0.76,2025-10-15 12:08:20.618,1.16292,2025-10-15 12:08:20.641,,,,2025-10-15 12:08:20.644,2025-10-15 12:08:20.704,FILLED,0.76,1.16292,,0,
700504,C1021,STD,B,XAUUSD,SELL,1.71,2025-10-15 12:08:26.094,4092.01,2025-10-15 12:08:26.146,,,,2025-10-15 12:08:26.148,2025-10-15 12:08:26.191,FILLED,1.71,4092.01,,0,
700505,C1014,RAW,B,EURUSD,SELL,5.55,2025-10-15 12:08:26.157,1.16291,2025-10-15 12:08:26.184,,,,2025-10-15 12:08:26.188,2025-10-15 12:08:26.204,FILLED,5.55,1.1629,,0,
700506,C1023,RAW,B,EURUSD,BUY,2.3,2025-10-15 12:08:30.406,1.16293,2025-10-15 12:08:30.460,,,,2025-10-15 12:08:30.462,2025-10-15 12:08:30.526,FILLED,2.3,1.16293,,0,
700507,C1038,RAW,B,XAUUSD,SELL,1.16,2025-10-15 12:08:33.506,4091.88,2025-10-15 12:08:33.558,,,,2025-10-15 12:08:33.561,2025-10-15 12:08:33.590,FILLED,1.16,4091.88,,0,
700508,C1004,STD,B,XAUUSD,BUY,1.05,2025-10-15 12:08:40.266,4092.01,2025-10-15 12:08:40.331,,,,2025-10-15 12:08:40.335,2025-10-15 12:08:40.370,FILLED,1.05,4092.01,,0,
700509,C1051,STD,A,GBPUSD,SELL,1.86,2025-10-15 12:08:40.302,1.33529,2025-10-15 12:08:40.353,2025-10-15 12:08:40.355,2025-10-15 12:08:40.356,2025-10-15 12:08:40.364,2025-10-15 12:08:40.367,2025-10-15 12:08:40.409,FILLED,1.86,1.33529,LP_A,1,
700510,C1019,STD,A,EURUSD,BUY,2.14,2025-10-15 12:08:45.685,1.163,2025-10-15 12:08:45.727,2025-10-15 12:08:45.729,2025-10-15 12:08:45.731,2025-10-15 12:08:45.881,2025-10-15 12:08:45.883,2025-10-15 12:08:45.902,FILLED,2.14,1.163,LP_C,1,
700511,C1008,STD,A,EURUSD,SELL,3.87,2025-10-15 12:09:02.632,1.16285,2025-10-15 12:09:02.683,2025-10-15 12:09:02.686,2025-10-15 12:09:02.687,2025-10-15 12:09:02.840,2025-10-15 12:09:02.843,2025-10-15 12:09:02.900,FILLED,3.87,1.16285,LP_C,1,
700512,C1025,STD,B,XAUUSD,SELL,4.7,2025-10-15 12:09:02.903,4091.38,2025-10-15 12:09:02.964,,,,2025-10-15 12:09:02.966,2025-10-15 12:09:03.011,FILLED,4.7,4091.38,,0,
700513,C1012,RAW,A,GBPUSD,SELL,1.19,2025-10-15 12:09:15.119,1.33541,2025-10-15 12:09:15.148,2025-10-15 12:09:15.151,2025-10-15 12:09:15.152,2025-10-15 12:09:15.160,2025-10-15 12:09:15.162,2025-10-15 12:09:15.213,FILLED,1.19,1.33541,LP_A,1,
700514,C1048,STD,B,EURUSD,SELL,0.68,2025-10-15 12:09:20.559,1.16287,2025-10-15 12:09:20.589,,,,2025-10-15 12:09:20.590,2025-10-15 12:09:20.650,FILLED,0.68,1.16287,,0,
700515,C1047,STD,A,EURUSD,SELL,0.21,2025-10-15 12:09:20.980,1.16285,2025-10-15 12:09:21.038,2025-10-15 12:09:21.040,2025-10-15 12:09:21.041,2025-10-15 12:09:21.168,2025-10-15 12:09:21.170,2025-10-15 12:09:21.214,FILLED,0.21,1.16285,LP_C,1,
700516,C1041,RAW,A,XAUUSD,BUY,4.0,2025-10-15 12:09:22.868,4091.65,2025-10-15 12:09:22.901,2025-10-15 12:09:22.902,2025-10-15 12:09:22.903,2025-10-15 12:09:22.909,2025-10-15 12:09:22.912,2025-10-15 12:09:22.979,FILLED,4.0,4091.65,LP_A,1,
700517,C1014,RAW,B,EURUSD,SELL,0.56,2025-10-15 12:09:26.595,1.16293,2025-10-15 12:09:26.615,,,,2025-10-15 12:09:26.618,2025-10-15 12:09:26.681,FILLED,0.56,1.16293,,0,
700518,C1056,RAW,A,XAUUSD,SELL,0.11,2025-10-15 12:09:33.868,4091.56,2025-10-15 12:09:33.911,2025-10-15 12:09:33.914,2025-10-15 12:09:33.914,2025-10-15 12:09:34.020,2025-10-15 12:09:34.023,2025-10-15 12:09:34.041,FILLED,0.11,4091.56,LP_C,1,
700519,C1013,STD,A,EURUSD,SELL,0.85,2025-10-15 12:09:39.519,1.16286,2025-10-15 12:09:39.538,2025-10-15 12:09:39.541,2025-10-15 12:09:39.543,2025-10-15 12:09:39.551,2025-10-15 12:09:39.553,2025-10-15 12:09:39.585,FILLED,0.85,1.16286,LP_A,1,
700520,C1036,STD,B,XAUUSD,SELL,0.8,2025-10-15 12:09:44.995,4091.4,2025-10-15 12:09:45.035,,,,2025-10-15 12:09:45.037,2025-10-15 12:09:45.072,FILLED,0.8,4091.4,,0,
700521,C1030,STD,A,GBPUSD,SELL,0.55,2025-10-15 12:09:47.029,1.33531,2025-10-15 12:09:47.050,2025-10-15 12:09:47.052,2025-10-15 12:09:47.053,2025-10-15 12:09:47.209,2025-10-15 12:09:47.212,2025-10-15 12:09:47.275,FILLED,0.55,1.33531,LP_C,1,
700522,C1023,RAW,B,XAUUSD,BUY,9.2,2025-10-15 12:09:47.880,4091.71,2025-10-15 12:09:47.897,,,,2025-10-15 12:09:47.899,2025-10-15 12:09:47.966,FILLED,9.2,4091.71,,0,
700523,C1049,STD,A,EURUSD,SELL,0.23,2025-10-15 12:09:52.434,1.16286,2025-10-15 12:09:52.462,2025-10-15 12:09:52.464,2025-10-15 12:09:52.465,2025-10-15 12:09:52.501,2025-10-15 12:09:52.502,2025-10-15 12:09:52.523,FILLED,0.23,1.16286,LP_B,1,
700524,C1059,STD,B,EURUSD,BUY,1.57,2025-10-15 12:09:55.355,1.16303,2025-10-15 12:09:55.380,,,,2025-10-15 12:09:55.383,2025-10-15 12:09:55.412,FILLED,1.57,1.16303,,0,
700525,C1004,STD,B,XAUUSD,BUY,0.16,2025-10-15 12:09:56.684,4092.02,2025-10-15 12:09:56.715,,,,2025-10-15 12:09:56.719,2025-10-15 12:09:56.773,FILLED,0.16,4092.02,,0,
700526,C1031,STD,A,XAUUSD,SELL,1.33,2025-10-15 12:09:59.015,4091.66,2025-10-15 12:09:59.077,2025-10-15 12:09:59.078,2025-10-15 12:09:59.080,2025-10-15 12:09:59.086,2025-10-15 12:09:59.088,2025-10-15 12:09:59.136,FILLED,1.33,4091.66,LP_A,1,
700527,C1041,RAW,A,XAUUSD,BUY,3.4,2025-10-15 12:09:59.791,4092.05,2025-10-15 12:09:59.812,2025-10-15 12:09:59.814,2025-10-15 12:09:59.815,2025-10-15 12:09:59.982,2025-10-15 12:09:59.984,2025-10-15 12:10:00.012,FILLED,3.4,4092.05,"LP_A,LP_C",2,
700528,C1059,STD,B,XAUUSD,SELL,1.25,2025-10-15 12:10:00.809,4091.7,2025-10-15 12:10:00.839,,,,2025-10-15 12:10:00.842,2025-10-15 12:10:00.896,FILLED,1.25,4091.7,,0,
700529,C1024,STD,B,XAUUSD,BUY,4.72,2025-10-15 12:10:03.953,4092.2,2025-10-15 12:10:04.015,,,,2025-10-15 12:10:04.018,2025-10-15 12:10:04.058,FILLED,4.72,4092.2,,0,
700530,C1053,STD,B,EURUSD,BUY,2.36,2025-10-15 12:10:08.658,1.16304,2025-10-15 12:10:08.692,,,,2025-10-15 12:10:08.693,2025-10-15 12:10:08.715,FILLED,2.36,1.16304,,0,
700531,C1013,STD,A,EURUSD,SELL,0.23,2025-10-15 12:10:09.881,1.16284,2025-10-15 12:10:09.911,2025-10-15 12:10:09.912,2025-10-15 12:10:09.914,2025-10-15 12:10:09.922,2025-10-15 12:10:09.923,2025-10-15 12:10:09.940,FILLED,0.23,1.16284,LP_A,1,
700532,C1041,RAW,A,XAUUSD,SELL,4.3,2025-10-15 12:10:11.984,4091.82,2025-10-15 12:10:12.026,2025-10-15 12:10:12.028,2025-10-15 12:10:12.029,2025-10-15 12:10:12.233,2025-10-15 12:10:12.236,2025-10-15 12:10:12.277,FILLED,4.3,4091.66,"LP_A,LP_B",3,
700533,C1050,STD,A,EURUSD,BUY,4.95,2025-10-15 12:10:13.241,1.16303,2025-10-15 12:10:13.267,2025-10-15 12:10:13.268,2025-10-15 12:10:13.270,2025-10-15 12:10:13.276,2025-10-15 12:10:13.277,2025-10-15 12:10:13.334,FILLED,4.95,1.16303,LP_A,1,
700534,C1032,STD,B,GBPUSD,SELL,2.56,2025-10-15 12:10:13.553,1.3353,2025-10-15 12:10:13.590,,,,2025-10-15 12:10:13.592,2025-10-15 12:10:13.638,FILLED,2.56,1.3353,,0,
700535,C1042,STD,A,XAUUSD,BUY,3.59,2025-10-15 12:10:17.368,4092.1,2025-10-15 12:10:17.413,2025-10-15 12:10:17.415,2025-10-15 12:10:17.416,2025-10-15 12:10:17.581,2025-10-15 12:10:17.584,2025-10-15 12:10:17.601,FILLED,3.59,4092.14,"LP_C,LP_A",2,
700536,C1007,RAW,B,EURUSD,SELL,6.3,2025-10-15 12:10:17.735,1.16291,2025-10-15 12:10:17.754,,,,2025-10-15 12:10:17.757,2025-10-15 12:10:17.795,FILLED,6.3,1.16291,,0,
700537,C1022,STD,B,EURUSD,BUY,0.45,2025-10-15 12:10:27.125,1.16305,2025-10-15 12:10:27.169,,,,2025-10-15 12:10:27.171,2025-10-15 12:10:27.225,FILLED,0.45,1.16305,,0,
700538,C1014,RAW,B,EURUSD,BUY,3.98,2025-10-15 12:10:32.707,1.16295,2025-10-15 12:10:32.767,,,,2025-10-15 12:10:32.769,2025-10-15 12:10:32.787,FILLED,3.98,1.16295,,0,
700539,C1023,RAW,B,XAUUSD,SELL,3.5,2025-10-15 12:10:35.130,4091.93,2025-10-15 12:10:35.165,,,,2025-10-15 12:10:35.168,2025-10-15 12:10:35.213,FILLED,3.5,4091.93,,0,
700540,C1021,STD,B,EURUSD,SELL,0.54,2025-10-15 12:10:36.280,1.16284,2025-10-15 12:10:36.298,,,,2025-10-15 12:10:36.299,2025-10-15 12:10:36.317,FILLED,0.54,1.16284,,0,
700541,C1047,STD,A,GBPUSD,SELL,0.17,2025-10-15 12:10:44.386,1.33528,2025-10-15 12:10:44.437,2025-10-15 12:10:44.440,2025-10-15 12:10:44.441,2025-10-15 12:10:44.447,2025-10-15 12:10:44.448,2025-10-15 12:10:44.486,FILLED,0.17,1.33528,LP_A,1,
700542,C1049,STD,A,EURUSD,BUY,0.27,2025-10-15 12:10:45.130,1.16305,2025-10-15 12:10:45.173,2025-10-15 12:10:45.175,2025-10-15 12:10:45.176,2025-10-15 12:10:45.329,2025-10-15 12:10:45.330,2025-10-15 12:10:45.382,FILLED,0.27,1.16307,LP_A,2,
700543,C1011,STD,B,XAUUSD,BUY,0.54,2025-10-15 12:10:47.727,4092.44,2025-10-15 12:10:47.747,,,,2025-10-15 12:10:47.750,2025-10-15 12:10:47.768,FILLED,0.54,4092.44,,0,
700544,C1002,STD,B,XAUUSD,SELL,0.8,2025-10-15 12:11:01.859,4092.07,2025-10-15 12:11:01.926,,,,2025-10-15 12:11:01.928,2025-10-15 12:11:01.950,FILLED,0.8,4092.06,,0,
700545,C1020,STD,B,EURUSD,SELL,0.7,2025-10-15 12:11:04.343,1.16292,2025-10-15 12:11:04.378,,,,2025-10-15 12:11:04.379,2025-10-15 12:11:04.422,FILLED,0.7,1.16291,,0,
700546,C1057,STD,B,XAUUSD,BUY,2.08,2025-10-15 12:11:08.105,4092.4,2025-10-15 12:11:08.151,,,,2025-10-15 12:11:08.154,2025-10-15 12:11:08.211,FILLED,2.08,4092.4,,0,
700547,C1047,STD,A,EURUSD,BUY,2.62,2025-10-15 12:11:20.934,1.16314,2025-10-15 12:11:20.989,2025-10-15 12:11:20.991,2025-10-15 12:11:20.992,2025-10-15 12:11:21.151,2025-10-15 12:11:21.153,2025-10-15 12:11:21.194,FILLED,2.62,1.16314,LP_C,1,
700548,C1003,STD,A,EURUSD,BUY,0.3,2025-10-15 12:11:22.740,1.16315,2025-10-15 12:11:22.797,2025-10-15 12:11:22.798,2025-10-15 12:11:22.799,2025-10-15 12:11:22.806,2025-10-15 12:11:22.807,2025-10-15 12:11:22.869,FILLED,0.3,1.16315,LP_A,1,
700549,C1018,RAW,B,EURUSD,SELL,0.33,2025-10-15 12:11:29.242,1.16304,2025-10-15 12:11:29.304,,,,2025-10-15 12:11:29.307,2025-10-15 12:11:29.341,FILLED,0.33,1.16304,,0,
700550,C1011,STD,B,XAUUSD,SELL,2.21,2025-10-15 12:11:36.705,4091.39,2025-10-15 12:11:36.732,,,,2025-10-15 12:11:36.734,2025-10-15 12:11:36.780,FILLED,2.21,4091.39,,0,
700551,C1055,STD,A,XAUUSD,SELL,1.74,2025-10-15 12:11:38.265,4091.38,2025-10-15 12:11:38.330,2025-10-15 12:11:38.331,2025-10-15 12:11:38.333,2025-10-15 12:11:38.477,2025-10-15 12:11:38.479,2025-10-15 12:11:38.514,FILLED,1.74,4091.38,LP_C,1,
700552,C1006,STD,B,XAUUSD,BUY,3.38,2025-10-15 12:12:04.100,4092.63,2025-10-15 12:12:04.156,,,,2025-10-15 12:12:04.158,2025-10-15 12:12:04.225,FILLED,3.38,4092.63,,0,
700553,C1031,STD,A,XAUUSD,BUY,0.88,2025-10-15 12:12:08.704,4092.52,2025-10-15 12:12:08.761,2025-10-15 12:12:08.762,2025-10-15 12:12:08.764,2025-10-15 12:12:08.901,2025-10-15 12:12:08.903,2025-10-15 12:12:08.971,FILLED,0.88,4092.52,LP_C,1,
700554,C1023,RAW,B,XAUUSD,SELL,3.8,2025-10-15 12:12:09.344,4092.17,2025-10-15 12:12:09.389,,,,2025-10-15 12:12:09.391,2025-10-15 12:12:09.447,FILLED,3.8,4092.17,,0,
700555,C1040,STD,A,XAUUSD,SELL,2.25,2025-10-15 12:12:10.919,4091.97,2025-10-15 12:12:10.958,2025-10-15 12:12:10.960,2025-10-15 12:12:10.961,2025-10-15 12:12:10.968,2025-10-15 12:12:10.970,2025-10-15 12:12:11.003,FILLED,2.25,4091.97,LP_A,1,
700556,C1041,RAW,A,EURUSD,BUY,2.3,2025-10-15 12:12:11.201,1.16308,2025-10-15 12:12:11.266,2025-10-15 12:12:11.268,2025-10-15 12:12:11.269,2025-10-15 12:12:11.399,2025-10-15 12:12:11.401,2025-10-15 12:12:11.432,FILLED,2.3,1.16308,LP_C,1,
700557,C1046,STD,A,EURUSD,SELL,0.79,2025-10-15 12:12:11.999,1.16296,2025-10-15 12:12:12.046,2025-10-15 12:12:12.047,2025-10-15 12:12:12.049,2025-10-15 12:12:12.055,2025-10-15 12:12:12.057,2025-10-15 12:12:12.113,FILLED,0.79,1.16296,LP_A,1,
700558,C1003,STD,A,EURUSD,SELL,0.39,2025-10-15 12:12:13.757,1.16296,2025-10-15 12:12:13.785,2025-10-15 12:12:13.787,2025-10-15 12:12:13.788,2025-10-15 12:12:13.800,2025-10-15 12:12:13.803,2025-10-15 12:12:13.852,FILLED,0.39,1.16296,LP_A,1,
700559,C1023,RAW,B,XAUUSD,BUY,2.1,2025-10-15 12:12:14.820,4092.31,2025-10-15 12:12:14.838,,,,2025-10-15 12:12:14.842,2025-10-15 12:12:14.884,FILLED,2.1,4092.31,,0,
700560,C1041,RAW,A,EURUSD,SELL,3.7,2025-10-15 12:12:14.867,1.16304,2025-10-15 12:12:14.921,2025-10-15 12:12:14.923,2025-10-15 12:12:14.924,2025-10-15 12:12:14.931,2025-10-15 12:12:14.934,2025-10-15 12:12:14.954,FILLED,3.7,1.16305,LP_A,1,
700561,C1013,STD,A,EURUSD,SELL,0.24,2025-10-15 12:12:19.446,1.16298,2025-10-15 12:12:19.470,2025-10-15 12:12:19.472,2025-10-15 12:12:19.474,2025-10-15 12:12:19.586,2025-10-15 12:12:19.587,2025-10-15 12:12:19.602,FILLED,0.24,1.16298,LP_C,1,
700562,C1046,STD,A,EURUSD,BUY,0.62,2025-10-15 12:12:19.774,1.16318,2025-10-15 12:12:19.814,2025-10-15 12:12:19.816,2025-10-15 12:12:19.818,2025-10-15 12:12:19.824,2025-10-15 12:12:19.826,2025-10-15 12:12:19.875,FILLED,0.62,1.16318,LP_A,1,
700563,C1008,STD,A,GBPUSD,SELL,1.91,2025-10-15 12:12:27.900,1.33514,2025-10-15 12:12:27.955,2025-10-15 12:12:27.958,2025-10-15 12:12:27.959,2025-10-15 12:12:27.966,2025-10-15 12:12:27.969,2025-10-15 12:12:28.000,FILLED,1.91,1.33514,LP_A,1,
700564,C1037,STD,A,XAUUSD,BUY,2.12,2025-10-15 12:12:37.381,4092.61,2025-10-15 12:12:37.437,2025-10-15 12:12:37.440,2025-10-15 12:12:37.440,2025-10-15 12:12:37.447,2025-10-15 12:12:37.449,2025-10-15 12:12:37.467,FILLED,2.12,4092.63,LP_A,1,
700565,C1005,RAW,B,XAUUSD,SELL,0.66,2025-10-15 12:12:41.618,4092.16,2025-10-15 12:12:41.678,,,,2025-10-15 12:12:41.681,2025-10-15 12:12:41.749,FILLED,0.66,4092.16,,0,
700566,C1003,STD,A,XAUUSD,SELL,0.44,2025-10-15 12:13:06.421,4091.98,2025-10-15 12:13:06.476,2025-10-15 12:13:06.478,2025-10-15 12:13:06.480,2025-10-15 12:13:06.669,2025-10-15 12:13:06.671,2025-10-15 12:13:06.710,FILLED,0.44,4091.94,LP_B,2,
700567,C1031,STD,A,EURUSD,SELL,0.99,2025-10-15 12:13:08.102,1.16294,2025-10-15 12:13:08.142,2025-10-15 12:13:08.144,2025-10-15 12:13:08.145,2025-10-15 12:13:08.151,2025-10-15 12:13:08.154,2025-10-15 12:13:08.173,FILLED,0.99,1.16294,LP_A,1,
700568,C1035,STD,B,GBPUSD,BUY,2.04,2025-10-15 12:13:10.753,1.33548,2025-10-15 12:13:10.802,,,,2025-10-15 12:13:10.805,2025-10-15 12:13:10.821,FILLED,2.04,1.33548,,0,
700569,C1045,RAW,B,XAUUSD,BUY,1.49,2025-10-15 12:13:21.450,4092.52,2025-10-15 12:13:21.515,,,,2025-10-15 12:13:21.517,2025-10-15 12:13:21.585,FILLED,1.49,4092.52,,0,
700570,C1035,STD,B,EURUSD,SELL,4.39,2025-10-15 12:13:29.048,1.16301,2025-10-15 12:13:29.078,,,,2025-10-15 12:13:29.080,2025-10-15 12:13:29.112,FILLED,4.39,1.16301,,0,
700571,C1051,STD,A,EURUSD,SELL,0.22,2025-10-15 12:13:29.606,1.16301,2025-10-15 12:13:29.651,2025-10-15 12:13:29.654,2025-10-15 12:13:29.655,2025-10-15 12:13:29.762,2025-10-15 12:13:29.765,2025-10-15 12:13:29.808,FILLED,0.22,1.16301,LP_C,1,
700572,C1023,RAW,B,EURUSD,SELL,2.6,2025-10-15 12:13:31.619,1.16309,2025-10-15 12:13:31.651,,,,2025-10-15 12:13:31.652,2025-10-15 12:13:31.683,FILLED,2.6,1.16309,,0,
700573,C1057,STD,B,EURUSD,BUY,0.5,2025-10-15 12:13:34.591,1.16322,2025-10-15 12:13:34.658,,,,2025-10-15 12:13:34.660,2025-10-15 12:13:34.683,FILLED,0.5,1.16322,,0,
700574,C1017,STD,B,GBPUSD,BUY,1.81,2025-10-15 12:13:38.287,1.33551,2025-10-15 12:13:38.329,,,,2025-10-15 12:13:38.332,2025-10-15 12:13:38.398,FILLED,1.81,1.33551,,0,
700575,C1014,RAW,B,EURUSD,SELL,0.15,2025-10-15 12:13:49.516,1.16314,2025-10-15 12:13:49.574,,,,2025-10-15 12:13:49.577,2025-10-15 12:13:49.596,FILLED,0.15,1.16314,,0,
700576,C1037,STD,A,GBPUSD,SELL,2.16,2025-10-15 12:13:51.440,1.33525,2025-10-15 12:13:51.491,2025-10-15 12:13:51.494,2025-10-15 12:13:51.494,2025-10-15 12:13:51.528,2025-10-15 12:13:51.530,2025-10-15 12:13:51.568,FILLED,2.16,1.33525,LP_B,1,
700577,C1043,STD,A,XAUUSD,BUY,1.0,2025-10-15 12:14:10.386,4092.48,2025-10-15 12:14:10.444,2025-10-15 12:14:10.447,2025-10-15 12:14:10.447,2025-10-15 12:14:10.568,2025-10-15 12:14:10.571,2025-10-15 12:14:10.628,FILLED,1.0,4092.48,LP_C,1,
700578,C1004,STD,B,XAUUSD,BUY,3.25,2025-10-15 12:14:12.966,4092.4,2025-10-15 12:14:12.992,,,,2025-10-15 12:14:12.995,2025-10-15 12:14:13.023,FILLED,3.25,4092.4,,0,
700579,C1050,STD,A,GBPUSD,SELL,0.48,2025-10-15 12:14:14.477,1.33522,2025-10-15 12:14:14.498,2025-10-15 12:14:14.501,2025-10-15 12:14:14.502,2025-10-15 12:14:14.510,2025-10-15 12:14:14.512,2025-10-15 12:14:14.546,FILLED,0.48,1.33522,LP_A,1,
700580,C1016,STD,A,EURUSD,SELL,0.27,2025-10-15 12:14:21.090,1.16304,2025-10-15 12:14:21.125,2025-10-15 12:14:21.127,2025-10-15 12:14:21.129,2025-10-15 12:14:21.135,2025-10-15 12:14:21.136,2025-10-15 12:14:21.172,FILLED,0.27,1.16304,LP_A,1,
700581,C1002,STD,B,XAUUSD,BUY,0.67,2025-10-15 12:14:23.775,4092.57,2025-10-15 12:14:23.794,,,,2025-10-15 12:14:23.795,2025-10-15 12:14:23.851,FILLED,0.67,4092.57,,0,
700582,C1049,STD,A,EURUSD,BUY,3.67,2025-10-15 12:14:27.062,1.16324,2025-10-15 12:14:27.082,2025-10-15 12:14:27.084,2025-10-15 12:14:27.086,2025-10-15 12:14:27.244,2025-10-15 12:14:27.247,2025-10-15 12:14:27.281,FILLED,3.67,1.16324,LP_C,1,
700583,C1045,RAW,B,XAUUSD,BUY,1.56,2025-10-15 12:14:36.015,4092.24,2025-10-15 12:14:36.070,,,,2025-10-15 12:14:36.072,2025-10-15 12:14:36.118,FILLED,1.56,4092.24,,0,
700584,C1007,RAW,B,EURUSD,SELL,3.1,2025-10-15 12:14:36.447,1.16311,2025-10-15 12:14:36.504,,,,2025-10-15 12:14:36.505,2025-10-15 12:14:36.572,FILLED,3.1,1.16311,,0,
700585,C1035,STD,B,XAUUSD,BUY,0.24,2025-10-15 12:14:36.612,4092.48,2025-10-15 12:14:36.662,,,,2025-10-15 12:14:36.666,2025-10-15 12:14:36.690,FILLED,0.24,4092.48,,0,
700586,C1015,STD,B,EURUSD,SELL,2.27,2025-10-15 12:14:40.901,1.163,2025-10-15 12:14:40.921,,,,2025-10-15 12:14:40.924,2025-10-15 12:14:40.956,FILLED,2.27,1.163,,0,
700587,C1040,STD,A,EURUSD,SELL,0.88,2025-10-15 12:14:49.004,1.16296,2025-10-15 12:14:49.066,2025-10-15 12:14:49.067,2025-10-15 12:14:49.068,2025-10-15 12:14:49.208,2025-10-15 12:14:49.210,2025-10-15 12:14:49.228,FILLED,0.88,1.16296,LP_C,1,
700588,C1049,STD,A,GBPUSD,BUY,1.39,2025-10-15 12:15:03.196,1.33549,2025-10-15 12:15:03.260,2025-10-15 12:15:03.261,2025-10-15 12:15:03.263,2025-10-15 12:15:03.396,2025-10-15 12:15:03.397,2025-10-15 12:15:03.441,FILLED,1.39,1.33548,LP_C,1,
700589,C1055,STD,A,EURUSD,BUY,0.14,2025-10-15 12:15:04.125,1.16316,2025-10-15 12:15:04.155,2025-10-15 12:15:04.156,2025-10-15 12:15:04.158,2025-10-15 12:15:04.306,2025-10-15 12:15:04.309,2025-10-15 12:15:04.332,FILLED,0.14,1.16316,LP_C,1,
700590,C1017,STD,B,EURUSD,BUY,5.38,2025-10-15 12:15:14.850,1.16317,2025-10-15 12:15:14.872,,,,2025-10-15 12:15:14.874,2025-10-15 12:15:14.920,FILLED,5.38,1.16317,,0,
700591,C1009,RAW,B,XAUUSD,BUY,0.41,2025-10-15 12:15:17.980,4091.66,2025-10-15 12:15:18.044,,,,2025-10-15 12:15:18.047,2025-10-15 12:15:18.080,FILLED,0.41,4091.66,,0,
700592,C1027,STD,B,XAUUSD,SELL,1.02,2025-10-15 12:15:25.940,4091.29,2025-10-15 12:15:26.008,,,,2025-10-15 12:15:26.012,2025-10-15 12:15:26.066,FILLED,1.02,4091.29,,0,
700593,C1038,RAW,B,XAUUSD,BUY,1.01,2025-10-15 12:15:27.007,4091.7,2025-10-15 12:15:27.042,,,,2025-10-15 12:15:27.045,2025-10-15 12:15:27.062,FILLED,1.01,4091.7,,0,
700594,C1059,STD,B,XAUUSD,SELL,0.68,2025-10-15 12:15:32.465,4091.24,2025-10-15 12:15:32.504,,,,2025-10-15 12:15:32.505,2025-10-15 12:15:32.545,FILLED,0.68,4091.24,,0,
700595,C1004,STD,B,XAUUSD,SELL,0.6,2025-10-15 12:15:40.791,4091.24,2025-10-15 12:15:40.834,,,,2025-10-15 12:15:40.835,2025-10-15 12:15:40.874,FILLED,0.6,4091.24,,0,
700596,C1010,RAW,A,XAUUSD,SELL,1.28,2025-10-15 12:15:45.438,4091.25,2025-10-15 12:15:45.462,2025-10-15 12:15:45.465,2025-10-15 12:15:45.466,2025-10-15 12:15:45.633,2025-10-15 12:15:45.635,2025-10-15 12:15:45.670,FILLED,1.28,4091.16,LP_A,2,
700597,C1020,STD,B,GBPUSD,BUY,0.18,2025-10-15 12:15:53.346,1.33542,2025-10-15 12:15:53.406,,,,2025-10-15 12:15:53.408,2025-10-15 12:15:53.457,FILLED,0.18,1.33542,,0,
700598,C1006,STD,B,EURUSD,SELL,5.5,2025-10-15 12:15:54.728,1.16305,2025-10-15 12:15:54.748,,,,2025-10-15 12:15:54.749,2025-10-15 12:15:54.776,FILLED,5.5,1.16305,,0,
700599,C1060,STD,B,EURUSD,BUY,0.99,2025-10-15 12:15:58.274,1.16329,2025-10-15 12:15:58.335,,,,2025-10-15 12:15:58.338,2025-10-15 12:15:58.362,FILLED,0.99,1.16329,,0,
700600,C1013,STD,A,XAUUSD,SELL,0.67,2025-10-15 12:16:04.289,4091.04,2025-10-15 12:16:04.346,2025-10-15 12:16:04.348,2025-10-15 12:16:04.349,2025-10-15 12:16:04.356,2025-10-15 12:16:04.357,2025-10-15 12:16:04.426,FILLED,0.67,4091.04,LP_A,1,
700601,C1008,STD,A,GBPUSD,SELL,3.34,2025-10-15 12:16:08.656,1.33524,2025-10-15 12:16:08.712,2025-10-15 12:16:08.713,2025-10-15 12:16:08.715,2025-10-15 12:16:08.723,2025-10-15 12:16:08.724,2025-10-15 12:16:08.744,FILLED,3.34,1.33524,LP_A,1,
700602,C1043,STD,A,GBPUSD,SELL,4.48,2025-10-15 12:16:13.118,1.33523,2025-10-15 12:16:13.138,2025-10-15 12:16:13.139,2025-10-15 12:16:13.141,2025-10-15 12:16:13.148,2025-10-15 12:16:13.151,2025-10-15 12:16:13.192,FILLED,4.48,1.33523,LP_A,1,
700603,C1048,STD,B,EURUSD,SELL,2.82,2025-10-15 12:16:14.303,1.16309,2025-10-15 12:16:14.330,,,,2025-10-15 12:16:14.331,2025-10-15 12:16:14.367,FILLED,2.82,1.16309,,0,
700604,C1059,STD,B,XAUUSD,BUY,0.81,2025-10-15 12:16:15.870,4091.51,2025-10-15 12:16:15.890,,,,2025-10-15 12:16:15.893,2025-10-15 12:16:15.913,FILLED,0.81,4091.51,,0,
700605,C1023,RAW,B,XAUUSD,SELL,7.8,2025-10-15 12:16:15.958,4091.19,2025-10-15 12:16:16.008,,,,2025-10-15 12:16:16.012,2025-10-15 12:16:16.074,FILLED,7.8,4091.19,,0,
700606,C1010,RAW,A,EURUSD,SELL,5.62,2025-10-15 12:16:24.966,1.16318,2025-10-15 12:16:24.997,2025-10-15 12:16:24.999,2025-10-15 12:16:24.999,2025-10-15 12:16:25.006,2025-10-15 12:16:25.008,2025-10-15 12:16:25.059,FILLED,5.62,1.16318,LP_A,1,
700607,C1032,STD,B,XAUUSD,BUY,0.62,2025-10-15 12:16:31.075,4091.13,2025-10-15 12:16:31.103,,,,2025-10-15 12:16:31.104,2025-10-15 12:16:31.165,FILLED,0.62,4091.13,,0,
700608,C1059,STD,B,XAUUSD,SELL,0.81,2025-10-15 12:16:45.841,4090.59,2025-10-15 12:16:45.895,,,,2025-10-15 12:16:45.896,2025-10-15 12:16:45.935,FILLED,0.81,4090.59,,0,
700609,C1052,RAW,A,EURUSD,SELL,1.11,2025-10-15 12:16:56.604,1.16318,2025-10-15 12:16:56.629,2025-10-15 12:16:56.631,2025-10-15 12:16:56.633,2025-10-15 12:16:56.641,2025-10-15 12:16:56.642,2025-10-15 12:16:56.704,FILLED,1.11,1.16318,LP_A,1,
700610,C1010,RAW,A,XAUUSD,BUY,1.08,2025-10-15 12:17:01.633,4090.62,2025-10-15 12:17:01.692,2025-10-15 12:17:01.694,2025-10-15 12:17:01.696,2025-10-15 12:17:01.802,2025-10-15 12:17:01.803,2025-10-15 12:17:01.822,FILLED,1.08,4090.62,LP_C,1,
700611,C1007,RAW,B,EURUSD,BUY,3.4,2025-10-15 12:17:04.454,1.16317,2025-10-15 12:17:04.507,,,,2025-10-15 12:17:04.510,2025-10-15 12:17:04.533,FILLED,3.4,1.16317,,0,
700612,C1034,RAW,B,XAUUSD,SELL,7.75,2025-10-15 12:17:04.478,4090.45,2025-10-15 12:17:04.516,,,,2025-10-15 12:17:04.518,2025-10-15 12:17:04.542,FILLED,7.75,4090.45,,0,
700613,C1023,RAW,B,XAUUSD,SELL,4.3,2025-10-15 12:17:13.548,4090.42,2025-10-15 12:17:13.592,,,,2025-10-15 12:17:13.595,2025-10-15 12:17:13.621,FILLED,4.3,4090.42,,0,
700614,C1050,STD,A,EURUSD,BUY,0.07,2025-10-15 12:17:16.367,1.16329,2025-10-15 12:17:16.431,2025-10-15 12:17:16.433,2025-10-15 12:17:16.434,2025-10-15 12:17:16.441,2025-10-15 12:17:16.442,2025-10-15 12:17:16.512,FILLED,0.07,1.16329,LP_A,1,
700615,C1047,STD,A,EURUSD,SELL,4.25,2025-10-15 12:17:17.406,1.1631,2025-10-15 12:17:17.446,2025-10-15 12:17:17.448,2025-10-15 12:17:17.449,2025-10-15 12:17:17.488,2025-10-15 12:17:17.491,2025-10-15 12:17:17.513,FILLED,4.25,1.1631,LP_B,1,
700616,C1041,RAW,A,EURUSD,SELL,3.0,2025-10-15 12:17:18.592,1.16318,2025-10-15 12:17:18.643,2025-10-15 12:17:18.646,2025-10-15 12:17:18.647,2025-10-15 12:17:18.794,2025-10-15 12:17:18.796,2025-10-15 12:17:18.841,FILLED,3.0,1.16316,LP_A,2,
700617,C1046,STD,A,XAUUSD,BUY,0.81,2025-10-15 12:17:26.353,4090.97,2025-10-15 12:17:26.423,2025-10-15 12:17:26.424,2025-10-15 12:17:26.425,2025-10-15 12:17:26.569,2025-10-15 12:17:26.571,2025-10-15 12:17:26.616,FILLED,0.81,4090.99,LP_A,2,
700618,C1049,STD,A,XAUUSD,SELL,2.12,2025-10-15 12:17:35.214,4090.58,2025-10-15 12:17:35.280,2025-10-15 12:17:35.281,2025-10-15 12:17:35.282,2025-10-15 12:17:35.290,2025-10-15 12:17:35.291,2025-10-15 12:17:35.328,FILLED,2.12,4090.58,LP_A,1,
700619,C1007,RAW,B,XAUUSD,SELL,5.8,2025-10-15 12:17:35.636,4090.77,2025-10-15 12:17:35.664,,,,2025-10-15 12:17:35.667,2025-10-15 12:17:35.701,FILLED,5.8,4090.77,,0,
700620,C1030,STD,A,EURUSD,BUY,0.64,2025-10-15 12:17:40.757,1.16325,2025-10-15 12:17:40.788,2025-10-15 12:17:40.791,2025-10-15 12:17:40.792,2025-10-15 12:17:40.799,2025-10-15 12:17:40.800,2025-10-15 12:17:40.849,FILLED,0.64,1.16325,LP_A,1,
700621,C1032,STD,B,GBPUSD,BUY,4.31,2025-10-15 12:17:44.532,1.3354,2025-10-15 12:17:44.591,,,,2025-10-15 12:17:44.593,2025-10-15 12:17:44.615,FILLED,4.31,1.3354,,0,
700622,C1056,RAW,A,EURUSD,SELL,1.2,2025-10-15 12:17:53.464,1.16314,2025-10-15 12:17:53.487,2025-10-15 12:17:53.489,2025-10-15 12:17:53.490,2025-10-15 12:17:53.497,2025-10-15 12:17:53.498,2025-10-15 12:17:53.514,FILLED,1.2,1.16314,LP_A,1,
700623,C1012,RAW,A,EURUSD,SELL,1.63,2025-10-15 12:17:56.688,1.16316,2025-10-15 12:17:56.755,2025-10-15 12:17:56.758,2025-10-15 12:17:56.759,2025-10-15 12:17:56.906,2025-10-15 12:17:56.907,2025-10-15 12:17:56.959,FILLED,1.63,1.16316,LP_C,1,
700624,C1007,RAW,B,XAUUSD,BUY,8.8,2025-10-15 12:17:56.983,4090.88,2025-10-15 12:17:57.026,,,,2025-10-15 12:17:57.029,2025-10-15 12:17:57.056,FILLED,8.8,4090.88,,0,
700625,C1041,RAW,A,XAUUSD,BUY,2.9,2025-10-15 12:18:03.057,4090.99,2025-10-15 12:18:03.079,2025-10-15 12:18:03.081,2025-10-15 12:18:03.082,2025-10-15 12:18:03.219,2025-10-15 12:18:03.220,2025-10-15 12:18:03.268,FILLED,2.9,4091.02,"LP_C,LP_A",2,
700626,C1038,RAW,B,EURUSD,SELL,0.59,2025-10-15 12:18:04.578,1.16313,2025-10-15 12:18:04.636,,,,2025-10-15 12:18:04.639,2025-10-15 12:18:04.660,FILLED,0.59,1.16313,,0,
700627,C1032,STD,B,EURUSD,SELL,3.57,2025-10-15 12:18:10.024,1.16306,2025-10-15 12:18:10.047,,,,2025-10-15 12:18:10.050,2025-10-15 12:18:10.118,FILLED,3.57,1.16306,,0,
700628,C1032,STD,B,GBPUSD,BUY,1.64,2025-10-15 12:18:16.518,1.33546,2025-10-15 12:18:16.555,,,,2025-10-15 12:18:16.556,2025-10-15 12:18:16.615,FILLED,1.64,1.33546,,0,
700629,C1006,STD,B,EURUSD,SELL,0.64,2025-10-15 12:18:18.445,1.16306,2025-10-15 12:18:18.494,,,,2025-10-15 12:18:18.497,2025-10-15 12:18:18.561,FILLED,0.64,1.16306,,0,
700630,C1001,RAW,A,EURUSD,BUY,0.86,2025-10-15 12:18:44.015,1.16317,2025-10-15 12:18:44.037,2025-10-15 12:18:44.039,2025-10-15 12:18:44.040,2025-10-15 12:18:44.195,2025-10-15 12:18:44.196,2025-10-15 12:18:44.244,FILLED,0.86,1.16317,LP_C,1,
700631,C1023,RAW,B,XAUUSD,BUY,5.6,2025-10-15 12:18:48.062,4090.72,2025-10-15 12:18:48.124,,,,2025-10-15 12:18:48.126,2025-10-15 12:18:48.152,FILLED,5.6,4090.72,,0,
700632,C1027,STD,B,EURUSD,BUY,0.8,2025-10-15 12:18:48.670,1.16325,2025-10-15 12:18:48.722,,,,2025-10-15 12:18:48.725,2025-10-15 12:18:48.763,FILLED,0.8,1.16325,,0,
700633,C1047,STD,A,GBPUSD,BUY,1.07,2025-10-15 12:18:52.563,1.33541,2025-10-15 12:18:52.586,2025-10-15 12:18:52.588,2025-10-15 12:18:52.589,2025-10-15 12:18:52.595,2025-10-15 12:18:52.596,2025-10-15 12:18:52.630,FILLED,1.07,1.33541,LP_A,1,
700634,C1049,STD,A,GBPUSD,SELL,0.29,2025-10-15 12:18:52.628,1.33519,2025-10-15 12:18:52.695,2025-10-15 12:18:52.696,2025-10-15 12:18:52.697,2025-10-15 12:18:52.732,2025-10-15 12:18:52.733,2025-10-15 12:18:52.792,FILLED,0.29,1.33519,LP_B,1,
700635,C1023,RAW,B,EURUSD,SELL,6.0,2025-10-15 12:19:01.975,1.16313,2025-10-15 12:19:02.002,,,,2025-10-15 12:19:02.005,2025-10-15 12:19:02.034,FILLED,6.0,1.16313,,0,
700636,C1041,RAW,A,XAUUSD,SELL,5.9,2025-10-15 12:19:06.844,4090.64,2025-10-15 12:19:06.891,2025-10-15 12:19:06.894,2025-10-15 12:19:06.896,2025-10-15 12:19:07.059,2025-10-15 12:19:07.060,2025-10-15 12:19:07.115,FILLED,5.9,4090.63,"LP_C,LP_A,LP_B",3,
700637,C1029,STD,B,EURUSD,BUY,1.38,2025-10-15 12:19:22.969,1.16328,2025-10-15 12:19:23.020,,,,2025-10-15 12:19:23.024,2025-10-15 12:19:23.063,FILLED,1.38,1.16328,,0,
700638,C1021,STD,B,EURUSD,SELL,0.81,2025-10-15 12:19:23.044,1.16309,2025-10-15 12:19:23.091,,,,2025-10-15 12:19:23.094,2025-10-15 12:19:23.147,FILLED,0.81,1.16309,,0,
700639,C1037,STD,A,EURUSD,BUY,0.06,2025-10-15 12:19:52.820,1.16321,2025-10-15 12:19:52.844,2025-10-15 12:19:52.845,2025-10-15 12:19:52.846,2025-10-15 12:19:52.882,2025-10-15 12:19:52.884,2025-10-15 12:19:52.949,FILLED,0.06,1.16321,LP_B,1,
700640,C1038,RAW,B,XAUUSD,SELL,0.67,2025-10-15 12:20:00.364,4090.53,2025-10-15 12:20:00.408,,,,2025-10-15 12:20:00.409,2025-10-15 12:20:00.458,FILLED,0.67,4090.53,,0,
700641,C1024,STD,B,GBPUSD,BUY,0.98,2025-10-15 12:20:07.308,1.33553,2025-10-15 12:20:07.374,,,,2025-10-15 12:20:07.376,2025-10-15 12:20:07.431,FILLED,0.98,1.33553,,0,
700642,C1021,STD,B,GBPUSD,SELL,0.17,2025-10-15 12:20:10.258,1.33529,2025-10-15 12:20:10.308,,,,2025-10-15 12:20:10.312,2025-10-15 12:20:10.349,FILLED,0.17,1.33529,,0,
700643,C1046,STD,A,EURUSD,BUY,7.29,2025-10-15 12:20:11.820,1.16319,2025-10-15 12:20:11.849,2025-10-15 12:20:11.850,2025-10-15 12:20:11.851,2025-10-15 12:20:11.958,2025-10-15 12:20:11.961,2025-10-15 12:20:12.009,FILLED,7.29,1.16319,LP_C,1,
700644,C1035,STD,B,EURUSD,SELL,0.51,2025-10-15 12:20:19.602,1.16303,2025-10-15 12:20:19.631,,,,2025-10-15 12:20:19.633,2025-10-15 12:20:19.685,FILLED,0.51,1.16303,,0,
700645,C1014,RAW,B,XAUUSD,BUY,0.13,2025-10-15 12:20:36.332,4090.84,2025-10-15 12:20:36.392,,,,2025-10-15 12:20:36.394,2025-10-15 12:20:36.416,FILLED,0.13,4090.84,,0,
700646,C1019,STD,A,GBPUSD,BUY,2.85,2025-10-15 12:20:47.915,1.33542,2025-10-15 12:20:47.946,2025-10-15 12:20:47.949,2025-10-15 12:20:47.950,2025-10-15 12:20:48.086,2025-10-15 12:20:48.089,2025-10-15 12:20:48.149,FILLED,2.85,1.33542,LP_C,1,
700647,C1030,STD,A,GBPUSD,BUY,1.4,2025-10-15 12:21:00.781,1.33541,2025-10-15 12:21:00.830,2025-10-15 12:21:00.832,2025-10-15 12:21:00.833,2025-10-15 12:21:00.840,2025-10-15 12:21:00.843,2025-10-15 12:21:00.865,FILLED,1.4,1.33541,LP_A,1,
700648,C1007,RAW,B,EURUSD,BUY,6.2,2025-10-15 12:21:11.885,1.1631,2025-10-15 12:21:11.936,,,,2025-10-15 12:21:11.938,2025-10-15 12:21:11.982,FILLED,6.2,1.1631,,0,
700649,C1045,RAW,B,XAUUSD,SELL,0.62,2025-10-15 12:21:16.427,4090.4,2025-10-15 12:21:16.462,,,,2025-10-15 12:21:16.466,2025-10-15 12:21:16.512,FILLED,0.62,4090.4,,0,
700650,C1041,RAW,A,EURUSD,SELL,5.4,2025-10-15 12:21:21.779,1.16309,2025-10-15 12:21:21.826,2025-10-15 12:21:21.828,2025-10-15 12:21:21.829,2025-10-15 12:21:21.837,2025-10-15 12:21:21.839,2025-10-15 12:21:21.894,FILLED,5.4,1.16309,LP_A,1,
700651,C1053,STD,B,EURUSD,BUY,0.38,2025-10-15 12:21:23.899,1.16318,2025-10-15 12:21:23.923,,,,2025-10-15 12:21:23.927,2025-10-15 12:21:23.960,FILLED,0.38,1.16318,,0,
700652,C1046,STD,A,XAUUSD,BUY,0.98,2025-10-15 12:21:24.708,4090.45,2025-10-15 12:21:24.765,2025-10-15 12:21:24.767,2025-10-15 12:21:24.768,2025-10-15 12:21:24.777,2025-10-15 12:21:24.778,2025-10-15 12:21:24.822,FILLED,0.98,4090.45,LP_A,1,
700653,C1010,RAW,A,EURUSD,BUY,1.35,2025-10-15 12:21:26.528,1.1631,2025-10-15 12:21:26.552,2025-10-15 12:21:26.554,2025-10-15 12:21:26.555,2025-10-15 12:21:26.686,2025-10-15 12:21:26.689,2025-10-15 12:21:26.730,FILLED,1.35,1.1631,LP_C,1,
700654,C1051,STD,A,EURUSD,SELL,0.6,2025-10-15 12:21:29.574,1.16298,2025-10-15 12:21:29.641,2025-10-15 12:21:29.643,2025-10-15 12:21:29.643,2025-10-15 12:21:29.650,2025-10-15 12:21:29.652,2025-10-15 12:21:29.678,FILLED,0.6,1.16298,LP_A,1,
700655,C1007,RAW,B,EURUSD,SELL,3.5,2025-10-15 12:21:31.024,1.16307,2025-10-15 12:21:31.041,,,,2025-10-15 12:21:31.045,2025-10-15 12:21:31.102,FILLED,3.5,1.16307,,0,
700656,C1048,STD,B,EURUSD,BUY,1.7,2025-10-15 12:21:36.729,1.1632,2025-10-15 12:21:36.766,,,,2025-10-15 12:21:36.768,2025-10-15 12:21:36.830,FILLED,1.7,1.1632,,0,
700657,C1009,RAW,B,GBPUSD,SELL,2.08,2025-10-15 12:21:40.408,1.33515,2025-10-15 12:21:40.441,,,,2025-10-15 12:21:40.442,2025-10-15 12:21:40.507,FILLED,2.08,1.33513,,0,
700658,C1003,STD,A,XAUUSD,SELL,0.82,2025-10-15 12:21:53.592,4089.64,2025-10-15 12:21:53.628,2025-10-15 12:21:53.630,2025-10-15 12:21:53.631,2025-10-15 12:21:53.668,2025-10-15 12:21:53.669,2025-10-15 12:21:53.728,FILLED,0.82,4089.64,LP_B,1,
700659,C1006,STD,B,EURUSD,SELL,0.14,2025-10-15 12:21:59.798,1.16303,2025-10-15 12:21:59.864,,,,2025-10-15 12:21:59.865,2025-10-15 12:21:59.908,FILLED,0.14,1.16303,,0,
700660,C1023,RAW,B,EURUSD,SELL,6.7,2025-10-15 12:22:00.405,1.16311,2025-10-15 12:22:00.437,,,,2025-10-15 12:22:00.440,2025-10-15 12:22:00.488,FILLED,6.7,1.16311,,0,
700661,C1018,RAW,B,XAUUSD,BUY,0.95,2025-10-15 12:22:03.832,4090.08,2025-10-15 12:22:03.851,,,,2025-10-15 12:22:03.854,2025-10-15 12:22:03.889,FILLED,0.95,4090.08,,0,
700662,C1022,STD,B,EURUSD,BUY,1.06,2025-10-15 12:22:06.710,1.16322,2025-10-15 12:22:06.765,,,,2025-10-15 12:22:06.768,2025-10-15 12:22:06.828,FILLED,1.06,1.16322,,0,
700663,C1038,RAW,B,EURUSD,BUY,0.82,2025-10-15 12:22:24.310,1.1631,2025-10-15 12:22:24.366,,,,2025-10-15 12:22:24.370,2025-10-15 12:22:24.393,FILLED,0.82,1.1631,,0,
700664,C1050,STD,A,XAUUSD,SELL,1.24,2025-10-15 12:22:25.243,4089.75,2025-10-15 12:22:25.281,2025-10-15 12:22:25.283,2025-10-15 12:22:25.285,2025-10-15 12:22:25.292,2025-10-15 12:22:25.294,2025-10-15 12:22:25.346,FILLED,1.24,4089.73,LP_A,1,
700665,C1052,RAW,A,XAUUSD,SELL,0.47,2025-10-15 12:22:25.917,4089.94,2025-10-15 12:22:25.974,2025-10-15 12:22:25.976,2025-10-15 12:22:25.976,2025-10-15 12:22:26.091,2025-10-15 12:22:26.093,2025-10-15 12:22:26.143,FILLED,0.47,4089.94,LP_C,1,
700666,C1021,STD,B,XAUUSD,SELL,0.65,2025-10-15 12:22:30.199,4089.79,2025-10-15 12:22:30.232,,,,2025-10-15 12:22:30.233,2025-10-15 12:22:30.298,FILLED,0.65,4089.79,,0,
700667,C1015,STD,B,EURUSD,BUY,0.56,2025-10-15 12:22:34.177,1.16322,2025-10-15 12:22:34.227,,,,2025-10-15 12:22:34.230,2025-10-15 12:22:34.272,FILLED,0.56,1.16322,,0,
700668,C1046,STD,A,XAUUSD,BUY,1.05,2025-10-15 12:22:37.337,4090.25,2025-10-15 12:22:37.373,2025-10-15 12:22:37.375,2025-10-15 12:22:37.375,2025-10-15 12:22:37.506,2025-10-15 12:22:37.507,2025-10-15 12:22:37.563,FILLED,1.05,4090.25,"LP_C,LP_A",2,
700669,C1038,RAW,B,EURUSD,BUY,0.57,2025-10-15 12:22:37.472,1.16314,2025-10-15 12:22:37.516,,,,2025-10-15 12:22:37.518,2025-10-15 12:22:37.550,FILLED,0.57,1.16314,,0,
700670,C1046,STD,A,EURUSD,SELL,0.45,2025-10-15 12:22:42.119,1.16304,2025-10-15 12:22:42.157,2025-10-15 12:22:42.158,2025-10-15 12:22:42.160,2025-10-15 12:22:42.168,2025-10-15 12:22:42.171,2025-10-15 12:22:42.222,FILLED,0.45,1.16304,LP_A,1,
700671,C1007,RAW,B,EURUSD,SELL,5.7,2025-10-15 12:22:55.123,1.16316,2025-10-15 12:22:55.188,,,,2025-10-15 12:22:55.192,2025-10-15 12:22:55.215,FILLED,5.7,1.16316,,0,
700672,C1056,RAW,A,GBPUSD,BUY,0.69,2025-10-15 12:22:56.352,1.3353,2025-10-15 12:22:56.418,2025-10-15 12:22:56.421,2025-10-15 12:22:56.423,2025-10-15 12:22:56.429,2025-10-15 12:22:56.432,2025-10-15 12:22:56.454,FILLED,0.69,1.3353,LP_A,1,
700673,C1052,RAW,A,EURUSD,BUY,3.71,2025-10-15 12:22:59.412,1.16318,2025-10-15 12:22:59.469,2025-10-15 12:22:59.472,2025-10-15 12:22:59.473,2025-10-15 12:22:59.584,2025-10-15 12:22:59.586,2025-10-15 12:22:59.648,FILLED,3.71,1.16318,LP_C,1,
700674,C1030,STD,A,GBPUSD,SELL,0.4,2025-10-15 12:23:01.534,1.33515,2025-10-15 12:23:01.566,2025-10-15 12:23:01.569,2025-10-15 12:23:01.570,2025-10-15 12:23:01.577,2025-10-15 12:23:01.580,2025-10-15 12:23:01.619,FILLED,0.4,1.33515,LP_A,1,
700675,C1032,STD,B,EURUSD,BUY,1.49,2025-10-15 12:23:02.810,1.16327,2025-10-15 12:23:02.852,,,,2025-10-15 12:23:02.856,2025-10-15 12:23:02.873,FILLED,1.49,1.16327,,0,
700676,C1058,RAW,B,GBPUSD,BUY,4.8,2025-10-15 12:23:06.039,1.33532,2025-10-15 12:23:06.065,,,,2025-10-15 12:23:06.066,2025-10-15 12:23:06.091,FILLED,4.8,1.33532,,0,
700677,C1023,RAW,B,EURUSD,SELL,3.3,2025-10-15 12:23:09.146,1.16317,2025-10-15 12:23:09.193,,,,2025-10-15 12:23:09.196,2025-10-15 12:23:09.230,FILLED,3.3,1.16317,,0,
700678,C1059,STD,B,GBPUSD,SELL,0.46,2025-10-15 12:23:09.704,1.3352,2025-10-15 12:23:09.764,,,,2025-10-15 12:23:09.766,2025-10-15 12:23:09.803,FILLED,0.46,1.3352,,0,
700679,C1041,RAW,A,XAUUSD,SELL,3.9,2025-10-15 12:23:11.190,4089.39,2025-10-15 12:23:11.207,2025-10-15 12:23:11.210,2025-10-15 12:23:11.210,2025-10-15 12:23:11.405,2025-10-15 12:23:11.406,2025-10-15 12:23:11.466,FILLED,3.9,4089.36,"LP_A,LP_B",3,
700680,C1046,STD,A,EURUSD,BUY,4.27,2025-10-15 12:23:17.096,1.16327,2025-10-15 12:23:17.145,2025-10-15 12:23:17.147,2025-10-15 12:23:17.148,2025-10-15 12:23:17.287,2025-10-15 12:23:17.289,2025-10-15 12:23:17.326,FILLED,4.27,1.16327,LP_C,1,
700681,C1054,RAW,A,XAUUSD,SELL,3.62,2025-10-15 12:23:27.311,4089.39,2025-10-15 12:23:27.336,2025-10-15 12:23:27.338,2025-10-15 12:23:27.339,2025-10-15 12:23:27.347,2025-10-15 12:23:27.349,2025-10-15 12:23:27.408,FILLED,3.62,4089.39,LP_A,1,
700682,C1039,STD,B,XAUUSD,BUY,3.38,2025-10-15 12:23:41.768,4089.65,2025-10-15 12:23:41.810,,,,2025-10-15 12:23:41.812,2025-10-15 12:23:41.833,FILLED,3.38,4089.65,,0,
700683,C1013,STD,A,EURUSD,SELL,1.14,2025-10-15 12:23:50.051,1.16312,2025-10-15 12:23:50.118,2025-10-15 12:23:50.120,2025-10-15 12:23:50.121,2025-10-15 12:23:50.129,2025-10-15 12:23:50.131,2025-10-15 12:23:50.191,FILLED,1.14,1.16312,LP_A,1,
700684,C1001,RAW,A,XAUUSD,BUY,0.97,2025-10-15 12:23:58.269,4089.42,2025-10-15 12:23:58.306,2025-10-15 12:23:58.309,2025-10-15 12:23:58.309,2025-10-15 12:23:58.441,2025-10-15 12:23:58.443,2025-10-15 12:23:58.459,FILLED,0.97,4089.44,LP_C,1,
700685,C1036,STD,B,EURUSD,SELL,1.07,2025-10-15 12:24:21.559,1.16311,2025-10-15 12:24:21.611,,,,2025-10-15 12:24:21.613,2025-10-15 12:24:21.681,FILLED,1.07,1.16311,,0,
700686,C1024,STD,B,XAUUSD,SELL,1.32,2025-10-15 12:24:32.491,4089.33,2025-10-15 12:24:32.511,,,,2025-10-15 12:24:32.513,2025-10-15 12:24:32.530,FILLED,1.32,4089.33,,0,
700687,C1009,RAW,B,XAUUSD,BUY,1.0,2025-10-15 12:24:34.499,4089.91,2025-10-15 12:24:34.550,,,,2025-10-15 12:24:34.551,2025-10-15 12:24:34.585,FILLED,1.0,4089.91,,0,
700688,C1010,RAW,A,EURUSD,BUY,3.13,2025-10-15 12:24:40.729,1.16328,2025-10-15 12:24:40.785,2025-10-15 12:24:40.787,2025-10-15 12:24:40.787,2025-10-15 12:24:40.915,2025-10-15 12:24:40.917,2025-10-15 12:24:40.962,FILLED,3.13,1.16328,LP_C,1,
700689,C1041,RAW,A,EURUSD,BUY,2.8,2025-10-15 12:24:42.817,1.16328,2025-10-15 12:24:42.839,2025-10-15 12:24:42.842,2025-10-15 12:24:42.844,2025-10-15 12:24:42.850,2025-10-15 12:24:42.853,2025-10-15 12:24:42.919,FILLED,2.8,1.16328,LP_A,1,
700690,C1033,STD,B,XAUUSD,SELL,0.63,2025-10-15 12:24:45.944,4089.77,2025-10-15 12:24:45.978,,,,2025-10-15 12:24:45.979,2025-10-15 12:24:46.046,FILLED,0.63,4089.77,,0,
700691,C1024,STD,B,XAUUSD,BUY,0.21,2025-10-15 12:24:58.306,4090.28,2025-10-15 12:24:58.374,,,,2025-10-15 12:24:58.377,2025-10-15 12:24:58.413,FILLED,0.21,4090.28,,0,
700692,C1017,STD,B,EURUSD,SELL,0.4,2025-10-15 12:25:04.167,1.16319,2025-10-15 12:25:04.192,,,,2025-10-15 12:25:04.195,2025-10-15 12:25:04.256,FILLED,0.4,1.16319,,0,
700693,C1056,RAW,A,GBPUSD,BUY,2.78,2025-10-15 12:25:10.958,1.33535,2025-10-15 12:25:10.977,2025-10-15 12:25:10.980,2025-10-15 12:25:10.980,2025-10-15 12:25:10.988,2025-10-15 12:25:10.991,2025-10-15 12:25:11.055,FILLED,2.78,1.33535,LP_A,1,
700694,C1022,STD,B,EURUSD,SELL,1.82,2025-10-15 12:25:13.238,1.16316,2025-10-15 12:25:13.265,,,,2025-10-15 12:25:13.269,2025-10-15 12:25:13.303,FILLED,1.82,1.16316,,0,
700695,C1010,RAW,A,XAUUSD,BUY,1.32,2025-10-15 12:25:24.841,4090.14,2025-10-15 12:25:24.901,2025-10-15 12:25:24.903,2025-10-15 12:25:24.905,2025-10-15 12:25:24.912,2025-10-15 12:25:24.913,2025-10-15 12:25:24.962,FILLED,1.32,4090.14,LP_A,1,
700696,C1036,STD,B,GBPUSD,SELL,0.68,2025-10-15 12:25:25.225,1.33513,2025-10-15 12:25:25.286,,,,2025-10-15 12:25:25.290,2025-10-15 12:25:25.352,FILLED,0.68,1.33513,,0,
700697,C1055,STD,A,EURUSD,BUY,4.26,2025-10-15 12:25:38.221,1.16327,2025-10-15 12:25:38.265,2025-10-15 12:25:38.266,2025-10-15 12:25:38.268,2025-10-15 12:25:38.415,2025-10-15 12:25:38.417,2025-10-15 12:25:38.467,FILLED,4.26,1.16327,LP_C,1,
700698,C1008,STD,A,GBPUSD,SELL,2.76,2025-10-15 12:25:38.259,1.33513,2025-10-15 12:25:38.284,2025-10-15 12:25:38.285,2025-10-15 12:25:38.286,2025-10-15 12:25:38.409,2025-10-15 12:25:38.412,2025-10-15 12:25:38.454,FILLED,2.76,1.33513,LP_C,1,
700699,C1007,RAW,B,XAUUSD,SELL,9.0,2025-10-15 12:25:38.503,4089.88,2025-10-15 12:25:38.545,,,,2025-10-15 12:25:38.547,2025-10-15 12:25:38.589,FILLED,9.0,4089.88,,0,
700700,C1041,RAW,A,XAUUSD,BUY,4.5,2025-10-15 12:26:00.756,4090.16,2025-10-15 12:26:00.775,2025-10-15 12:26:00.778,2025-10-15 12:26:00.779,2025-10-15 12:26:00.952,2025-10-15 12:26:00.954,2025-10-15 12:26:01.023,FILLED,4.5,4090.19,"LP_C,LP_A,LP_B",3,
700701,C1010,RAW,A,GBPUSD,SELL,0.25,2025-10-15 12:26:11.938,1.33522,2025-10-15 12:26:11.974,2025-10-15 12:26:11.977,2025-10-15 12:26:11.978,2025-10-15 12:26:12.084,2025-10-15 12:26:12.086,2025-10-15 12:26:12.155,FILLED,0.25,1.33522,LP_C,1,
700702,C1018,RAW,B,EURUSD,BUY,0.5,2025-10-15 12:26:23.492,1.16321,2025-10-15 12:26:23.543,,,,2025-10-15 12:26:23.546,2025-10-15 12:26:23.596,FILLED,0.5,1.16321,,0,
700703,C1031,STD,A,XAUUSD,BUY,2.71,2025-10-15 12:26:30.475,4090.14,2025-10-15 12:26:30.542,2025-10-15 12:26:30.545,2025-10-15 12:26:30.547,2025-10-15 12:26:30.556,2025-10-15 12:26:30.557,2025-10-15 12:26:30.608,FILLED,2.71,4090.07,LP_A,1,
700704,C1015,STD,B,XAUUSD,SELL,0.29,2025-10-15 12:26:36.929,4089.5,2025-10-15 12:26:36.968,,,,2025-10-15 12:26:36.971,2025-10-15 12:26:37.023,FILLED,0.29,4089.5,,0,
700705,C1007,RAW,B,XAUUSD,BUY,5.8,2025-10-15 12:26:37.856,4089.82,2025-10-15 12:26:37.893,,,,2025-10-15 12:26:37.895,2025-10-15 12:26:37.911,FILLED,5.8,4089.82,,0,
700706,C1002,STD,B,GBPUSD,BUY,0.91,2025-10-15 12:26:38.842,1.33536,2025-10-15 12:26:38.860,,,,2025-10-15 12:26:38.863,2025-10-15 12:26:38.904,FILLED,0.91,1.33536,,0,
700707,C1002,STD,B,EURUSD,SELL,0.92,2025-10-15 12:26:40.857,1.1631,2025-10-15 12:26:40.924,,,,2025-10-15 12:26:40.927,2025-10-15 12:26:40.990,FILLED,0.92,1.1631,,0,
700708,C1038,RAW,B,EURUSD,BUY,4.96,2025-10-15 12:26:45.326,1.16321,2025-10-15 12:26:45.362,,,,2025-10-15 12:26:45.363,2025-10-15 12:26:45.404,FILLED,4.96,1.16321,,0,
700709,C1017,STD,B,XAUUSD,SELL,0.62,2025-10-15 12:26:49.599,4089.52,2025-10-15 12:26:49.660,,,,2025-10-15 12:26:49.663,2025-10-15 12:26:49.711,FILLED,0.62,4089.52,,0,
700710,C1019,STD,A,XAUUSD,SELL,0.53,2025-10-15 12:26:52.679,4089.5,2025-10-15 12:26:52.713,2025-10-15 12:26:52.716,2025-10-15 12:26:52.718,2025-10-15 12:26:52.840,2025-10-15 12:26:52.842,2025-10-15 12:26:52.884,FILLED,0.53,4089.5,LP_C,1,
700711,C1025,STD,B,EURUSD,SELL,7.16,2025-10-15 12:26:58.972,1.16312,2025-10-15 12:26:58.995,,,,2025-10-15 12:26:58.997,2025-10-15 12:26:59.064,FILLED,7.16,1.16312,,0,
700712,C1051,STD,A,GBPUSD,BUY,0.46,2025-10-15 12:27:21.246,1.33526,2025-10-15 12:27:21.270,2025-10-15 12:27:21.273,2025-10-15 12:27:21.274,2025-10-15 12:27:21.285,2025-10-15 12:27:21.287,2025-10-15 12:27:21.309,FILLED,0.46,1.33526,LP_A,1,
700713,C1037,STD,A,GBPUSD,SELL,1.2,2025-10-15 12:27:37.090,1.3351,2025-10-15 12:27:37.130,2025-10-15 12:27:37.133,2025-10-15 12:27:37.134,2025-10-15 12:27:37.281,2025-10-15 12:27:37.283,2025-10-15 12:27:37.306,FILLED,1.2,1.3351,LP_C,1,
700714,C1011,STD,B,GBPUSD,SELL,0.44,2025-10-15 12:27:40.184,1.33511,2025-10-15 12:27:40.252,,,,2025-10-15 12:27:40.255,2025-10-15 12:27:40.294,FILLED,0.44,1.33511,,0,
700715,C1050,STD,A,GBPUSD,BUY,3.12,2025-10-15 12:27:41.292,1.33533,2025-10-15 12:27:41.361,2025-10-15 12:27:41.362,2025-10-15 12:27:41.364,2025-10-15 12:27:41.370,2025-10-15 12:27:41.371,2025-10-15 12:27:41.414,FILLED,3.12,1.33533,LP_A,1,
700716,C1041,RAW,A,XAUUSD,BUY,9.0,2025-10-15 12:28:00.489,4090.35,2025-10-15 12:28:00.542,2025-10-15 12:28:00.545,2025-10-15 12:28:00.545,2025-10-15 12:28:00.702,2025-10-15 12:28:00.704,2025-10-15 12:28:00.734,PARTIAL,8.5,4090.36,"LP_B,LP_C,LP_A",3,
700717,C1018,RAW,B,GBPUSD,BUY,0.7,2025-10-15 12:28:00.996,1.3353,2025-10-15 12:28:01.064,,,,2025-10-15 12:28:01.066,2025-10-15 12:28:01.108,FILLED,0.7,1.3353,,0,
700718,C1054,RAW,A,XAUUSD,BUY,1.33,2025-10-15 12:28:04.863,4090.3,2025-10-15 12:28:04.894,2025-10-15 12:28:04.896,2025-10-15 12:28:04.896,2025-10-15 12:28:05.019,2025-10-15 12:28:05.021,2025-10-15 12:28:05.083,FILLED,1.33,4090.3,LP_C,1,
700719,C1028,STD,A,XAUUSD,BUY,0.87,2025-10-15 12:28:07.216,4090.39,2025-10-15 12:28:07.254,2025-10-15 12:28:07.256,2025-10-15 12:28:07.258,2025-10-15 12:28:07.405,2025-10-15 12:28:07.406,2025-10-15 12:28:07.448,FILLED,0.87,4090.39,LP_C,1,
700720,C1002,STD,B,EURUSD,BUY,0.34,2025-10-15 12:28:08.988,1.16331,2025-10-15 12:28:09.013,,,,2025-10-15 12:28:09.015,2025-10-15 12:28:09.032,FILLED,0.34,1.16331,,0,
700721,C1027,STD,B,EURUSD,BUY,3.88,2025-10-15 12:28:14.020,1.16332,2025-10-15 12:28:14.078,,,,2025-10-15 12:28:14.082,2025-10-15 12:28:14.140,FILLED,3.88,1.16332,,0,
700722,C1026,RAW,B,EURUSD,BUY,1.25,2025-10-15 12:28:24.911,1.16324,2025-10-15 12:28:24.932,,,,2025-10-15 12:28:24.935,2025-10-15 12:28:25.004,FILLED,1.25,1.16324,,0,
700723,C1027,STD,B,GBPUSD,SELL,0.16,2025-10-15 12:28:25.695,1.33517,2025-10-15 12:28:25.749,,,,2025-10-15 12:28:25.752,2025-10-15 12:28:25.818,FILLED,0.16,1.33517,,0,
700724,C1016,STD,A,EURUSD,SELL,1.65,2025-10-15 12:28:27.729,1.16313,2025-10-15 12:28:27.784,2025-10-15 12:28:27.785,2025-10-15 12:28:27.787,2025-10-15 12:28:27.927,2025-10-15 12:28:27.930,2025-10-15 12:28:27.966,FILLED,1.65,1.16312,LP_A,2,
700725,C1002,STD,B,GBPUSD,SELL,0.16,2025-10-15 12:28:28.154,1.33518,2025-10-15 12:28:28.205,,,,2025-10-15 12:28:28.208,2025-10-15 12:28:28.228,FILLED,0.16,1.33518,,0,
700726,C1009,RAW,B,GBPUSD,BUY,0.48,2025-10-15 12:28:30.736,1.33532,2025-10-15 12:28:30.794,,,,2025-10-15 12:28:30.797,2025-10-15 12:28:30.850,FILLED,0.48,1.33532,,0,
700727,C1015,STD,B,GBPUSD,BUY,2.0,2025-10-15 12:28:33.156,1.33539,2025-10-15 12:28:33.206,,,,2025-10-15 12:28:33.207,2025-10-15 12:28:33.237,FILLED,2.0,1.33539,,0,
700728,C1013,STD,A,EURUSD,SELL,0.15,2025-10-15 12:28:33.839,1.16314,2025-10-15 12:28:33.893,2025-10-15 12:28:33.894,2025-10-15 12:28:33.895,2025-10-15 12:28:33.902,2025-10-15 12:28:33.903,2025-10-15 12:28:33.931,FILLED,0.15,1.16314,LP_A,1,
700729,C1030,STD,A,EURUSD,SELL,2.67,2025-10-15 12:28:44.143,1.16308,2025-10-15 12:28:44.172,2025-10-15 12:28:44.175,2025-10-15 12:28:44.177,2025-10-15 12:28:44.289,2025-10-15 12:28:44.290,2025-10-15 12:28:44.319,FILLED,2.67,1.16308,LP_C,1,
700730,C1037,STD,A,EURUSD,SELL,0.82,2025-10-15 12:28:50.297,1.16307,2025-10-15 12:28:50.355,2025-10-15 12:28:50.356,2025-10-15 12:28:50.358,2025-10-15 12:28:50.511,2025-10-15 12:28:50.513,2025-10-15 12:28:50.564,FILLED,0.82,1.16307,LP_C,1,
700731,C1019,STD,A,EURUSD,SELL,2.61,2025-10-15 12:28:53.900,1.16307,2025-10-15 12:28:53.962,2025-10-15 12:28:53.963,2025-10-15 12:28:53.965,2025-10-15 12:28:54.001,2025-10-15 12:28:54.004,2025-10-15 12:28:54.035,FILLED,2.61,1.16307,LP_B,1,
700732,C1007,RAW,B,XAUUSD,SELL,4.1,2025-10-15 12:29:08.556,4089.69,2025-10-15 12:29:08.583,,,,2025-10-15 12:29:08.586,2025-10-15 12:29:08.622,FILLED,4.1,4089.69,,0,
700733,C1007,RAW,B,EURUSD,BUY,3.2,2025-10-15 12:29:13.237,1.1632,2025-10-15 12:29:13.253,,,,2025-10-15 12:29:13.255,2025-10-15 12:29:13.323,FILLED,3.2,1.1632,,0,
700734,C1047,STD,A,EURUSD,BUY,1.29,2025-10-15 12:29:13.900,1.16328,2025-10-15 12:29:13.943,2025-10-15 12:29:13.945,2025-10-15 12:29:13.946,2025-10-15 12:29:13.952,2025-10-15 12:29:13.953,2025-10-15 12:29:13.972,FILLED,1.29,1.16328,LP_A,1,
700735,C1040,STD,A,EURUSD,BUY,2.44,2025-10-15 12:29:23.810,1.16328,2025-10-15 12:29:23.833,2025-10-15 12:29:23.834,2025-10-15 12:29:23.836,2025-10-15 12:29:23.843,2025-10-15 12:29:23.846,2025-10-15 12:29:23.878,FILLED,2.44,1.16328,LP_A,1,
700736,C1032,STD,B,XAUUSD,BUY,2.4,2025-10-15 12:29:44.571,4089.96,2025-10-15 12:29:44.618,,,,2025-10-15 12:29:44.621,2025-10-15 12:29:44.648,FILLED,2.4,4089.96,,0,
700737,C1007,RAW,B,EURUSD,BUY,6.3,2025-10-15 12:29:45.383,1.16326,2025-10-15 12:29:45.431,,,,2025-10-15 12:29:45.435,2025-10-15 12:29:45.491,FILLED,6.3,1.16326,,0,
700738,C1020,STD,B,XAUUSD,BUY,1.34,2025-10-15 12:29:52.280,4089.76,2025-10-15 12:29:52.323,,,,2025-10-15 12:29:52.326,2025-10-15 12:29:52.388,FILLED,1.34,4089.76,,0,
700739,C1022,STD,B,EURUSD,SELL,1.67,2025-10-15 12:29:54.492,1.16313,2025-10-15 12:29:54.526,,,,2025-10-15 12:29:54.530,2025-10-15 12:29:54.594,FILLED,1.67,1.16313,,0,
700740,C1023,RAW,B,XAUUSD,BUY,6.8,2025-10-15 12:29:57.150,4089.54,2025-10-15 12:29:57.165,,,,2025-10-15 12:29:57.169,2025-10-15 12:29:57.232,FILLED,6.8,4089.54,,0,
700741,C1032,STD,B,GBPUSD,BUY,0.95,2025-10-15 12:30:01.956,1.33715,2025-10-15 12:30:01.976,,,,2025-10-15 12:30:01.978,2025-10-15 12:30:02.036,FILLED,0.95,1.33715,,0,
700742,C1034,RAW,B,EURUSD,BUY,3.95,2025-10-15 12:30:03.302,1.16541,2025-10-15 12:30:03.369,,,,2025-10-15 12:30:03.372,2025-10-15 12:30:03.436,FILLED,3.95,1.16541,,0,
700743,C1043,STD,A,XAUUSD,BUY,2.27,2025-10-15 12:30:03.951,4095.78,2025-10-15 12:30:03.977,2025-10-15 12:30:03.979,2025-10-15 12:30:04.082,2025-10-15 12:30:04.245,2025-10-15 12:30:04.207,2025-10-15 12:30:04.244,PARTIAL,1.92,4095.93,"LP_C,LP_A",3,
700744,C1058,RAW,B,EURUSD,SELL,2.91,2025-10-15 12:30:05.275,1.16522,2025-10-15 12:30:05.297,,,,2025-10-15 12:30:05.299,2025-10-15 12:30:05.319,FILLED,2.91,1.16521,,0,
700745,C1053,STD,B,XAUUSD,BUY,0.9,2025-10-15 12:30:06.059,4095.43,2025-10-15 12:30:06.105,,,,2025-10-15 12:30:06.108,2025-10-15 12:30:06.167,FILLED,0.9,4095.46,,0,
700746,C1048,STD,B,GBPUSD,BUY,1.31,2025-10-15 12:30:06.767,1.33735,2025-10-15 12:30:06.832,,,,2025-10-15 12:30:06.836,2025-10-15 12:30:06.861,FILLED,1.31,1.33735,,0,
700747,C1003,STD,A,XAUUSD,BUY,1.86,2025-10-15 12:30:07.713,4095.68,2025-10-15 12:30:07.753,2025-10-15 12:30:07.755,2025-10-15 12:30:07.858,2025-10-15 12:30:08.001,2025-10-15 12:30:08.002,2025-10-15 12:30:08.070,FILLED,1.86,4095.51,"LP_C,LP_A",2,
700748,C1007,RAW,B,XAUUSD,BUY,7.0,2025-10-15 12:30:08.047,4095.3,2025-10-15 12:30:08.065,,,,2025-10-15 12:30:08.068,2025-10-15 12:30:08.094,FILLED,7.0,4095.3,,0,
700749,C1030,STD,A,XAUUSD,SELL,0.7,2025-10-15 12:30:08.836,4094.1,2025-10-15 12:30:08.855,2025-10-15 12:30:08.857,2025-10-15 12:30:09.078,2025-10-15 12:30:09.214,2025-10-15 12:30:09.217,2025-10-15 12:30:09.283,FILLED,0.7,4094.11,"LP_C,LP_A",2,
700750,C1021,STD,B,XAUUSD,BUY,1.1,2025-10-15 12:30:09.497,4095.61,2025-10-15 12:30:09.519,,,,2025-10-15 12:30:09.522,2025-10-15 12:30:09.564,FILLED,1.1,4095.61,,0,
700751,C1010,RAW,A,XAUUSD,BUY,0.64,2025-10-15 12:30:09.819,4095.44,2025-10-15 12:30:09.878,2025-10-15 12:30:09.880,2025-10-15 12:30:10.013,2025-10-15 12:30:10.053,2025-10-15 12:30:10.056,2025-10-15 12:30:10.088,FILLED,0.64,4095.44,LP_B,1,
700752,C1005,RAW,B,XAUUSD,SELL,0.48,2025-10-15 12:30:09.853,4094.44,2025-10-15 12:30:09.876,,,,2025-10-15 12:30:09.877,2025-10-15 12:30:09.931,FILLED,0.48,4094.44,,0,
700753,C1033,STD,B,XAUUSD,BUY,4.51,2025-10-15 12:30:10.069,4095.64,2025-10-15 12:30:10.112,,,,2025-10-15 12:30:10.116,2025-10-15 12:30:10.166,FILLED,4.51,4095.64,,0,
700754,C1046,STD,A,XAUUSD,BUY,0.4,2025-10-15 12:30:10.768,4095.46,2025-10-15 12:30:10.810,2025-10-15 12:30:10.811,2025-10-15 12:30:11.032,2025-10-15 12:30:11.234,2025-10-15 12:30:11.237,2025-10-15 12:30:11.253,FILLED,0.4,4095.53,LP_A,3,
700755,C1033,STD,B,EURUSD,SELL,1.15,2025-10-15 12:30:11.300,1.16517,2025-10-15 12:30:11.322,,,,2025-10-15 12:30:11.324,2025-10-15 12:30:11.391,FILLED,1.15,1.16517,,0,
700756,C1043,STD,A,GBPUSD,SELL,1.31,2025-10-15 12:30:11.415,1.33703,2025-10-15 12:30:11.431,2025-10-15 12:30:11.434,2025-10-15 12:30:11.594,2025-10-15 12:30:11.748,2025-10-15 12:30:11.749,2025-10-15 12:30:11.813,FILLED,1.31,1.33701,LP_C,1,
700757,C1028,STD,A,GBPUSD,BUY,12.18,2025-10-15 12:30:11.427,1.33746,2025-10-15 12:30:11.483,2025-10-15 12:30:11.484,2025-10-15 12:30:11.628,2025-10-15 12:30:11.818,2025-10-15 12:30:11.780,2025-10-15 12:30:11.849,PARTIAL,10.5,1.3375,LP_A,3,
700758,C1022,STD,B,XAUUSD,BUY,2.3,2025-10-15 12:30:11.541,4095.41,2025-10-15 12:30:11.591,,,,2025-10-15 12:30:11.594,2025-10-15 12:30:11.664,FILLED,2.3,4095.41,,0,
700759,C1045,RAW,B,GBPUSD,SELL,0.35,2025-10-15 12:30:11.654,1.33709,2025-10-15 12:30:11.711,,,,2025-10-15 12:30:11.713,2025-10-15 12:30:11.767,FILLED,0.35,1.33709,,0,
700760,C1052,RAW,A,XAUUSD,SELL,1.51,2025-10-15 12:30:13.677,4094.04,2025-10-15 12:30:13.745,2025-10-15 12:30:13.747,2025-10-15 12:30:13.933,2025-10-15 12:30:14.125,2025-10-15 12:30:14.127,2025-10-15 12:30:14.175,FILLED,1.51,4094.04,"LP_C,LP_B,LP_A",3,
700761,C1018,RAW,B,EURUSD,SELL,1.43,2025-10-15 12:30:13.867,1.16523,2025-10-15 12:30:13.889,,,,2025-10-15 12:30:13.893,2025-10-15 12:30:13.932,FILLED,1.43,1.16523,,0,
700762,C1048,STD,B,XAUUSD,BUY,3.33,2025-10-15 12:30:14.851,4095.44,2025-10-15 12:30:14.886,,,,2025-10-15 12:30:14.889,2025-10-15 12:30:14.946,FILLED,3.33,4095.58,,0,
700763,C1016,STD,A,XAUUSD,BUY,0.22,2025-10-15 12:30:19.214,4095.02,2025-10-15 12:30:19.266,2025-10-15 12:30:19.268,2025-10-15 12:30:19.513,2025-10-15 12:30:19.622,2025-10-15 12:30:19.623,2025-10-15 12:30:19.684,FILLED,0.22,4095.33,LP_C,1,
700764,C1044,STD,A,GBPUSD,BUY,0.2,2025-10-15 12:30:21.943,1.33756,2025-10-15 12:30:21.972,2025-10-15 12:30:21.973,2025-10-15 12:30:22.215,2025-10-15 12:30:22.222,2025-10-15 12:30:22.223,2025-10-15 12:30:22.261,FILLED,0.2,1.33755,LP_A,1,
700765,C1006,STD,B,EURUSD,BUY,0.54,2025-10-15 12:30:23.281,1.16545,2025-10-15 12:30:23.304,,,,2025-10-15 12:30:23.305,2025-10-15 12:30:23.333,FILLED,0.54,1.16545,,0,
700766,C1058,RAW,B,GBPUSD,SELL,2.07,2025-10-15 12:30:27.992,1.33725,2025-10-15 12:30:28.031,,,,2025-10-15 12:30:28.033,2025-10-15 12:30:28.060,FILLED,2.07,1.33725,,0,
700767,C1055,STD,A,XAUUSD,SELL,0.33,2025-10-15 12:30:28.706,4094.9,2025-10-15 12:30:28.736,2025-10-15 12:30:28.738,2025-10-15 12:30:28.840,2025-10-15 12:30:28.956,2025-10-15 12:30:28.958,2025-10-15 12:30:29.002,FILLED,0.33,4094.83,LP_C,1,
700768,C1038,RAW,B,GBPUSD,BUY,2.08,2025-10-15 12:30:29.202,1.33754,2025-10-15 12:30:29.262,,,,2025-10-15 12:30:29.266,2025-10-15 12:30:29.285,FILLED,2.08,1.33754,,0,
700769,C1022,STD,B,GBPUSD,SELL,0.68,2025-10-15 12:30:31.529,1.33721,2025-10-15 12:30:31.585,,,,2025-10-15 12:30:31.588,2025-10-15 12:30:31.609,FILLED,0.68,1.33721,,0,
700770,C1049,STD,A,EURUSD,SELL,0.62,2025-10-15 12:30:31.578,1.16524,2025-10-15 12:30:31.618,2025-10-15 12:30:31.620,2025-10-15 12:30:31.621,2025-10-15 12:30:31.763,2025-10-15 12:30:31.765,2025-10-15 12:30:31.828,FILLED,0.62,1.16523,LP_A,2,
700771,C1043,STD,A,EURUSD,BUY,7.21,2025-10-15 12:30:32.034,1.16552,2025-10-15 12:30:32.055,2025-10-15 12:30:32.058,2025-10-15 12:30:32.060,2025-10-15 12:30:32.206,2025-10-15 12:30:32.208,2025-10-15 12:30:32.260,FILLED,7.21,1.16552,"LP_C,LP_A",2,
700772,C1014,RAW,B,XAUUSD,BUY,0.63,2025-10-15 12:30:33.583,4095.82,2025-10-15 12:30:33.625,,,,2025-10-15 12:30:33.629,2025-10-15 12:30:33.672,FILLED,0.63,4095.84,,0,
700773,C1031,STD,A,EURUSD,BUY,0.34,2025-10-15 12:30:34.770,1.16545,2025-10-15 12:30:34.830,2025-10-15 12:30:34.831,2025-10-15 12:30:34.832,2025-10-15 12:30:34.987,2025-10-15 12:30:34.990,2025-10-15 12:30:35.033,FILLED,0.34,1.16545,LP_C,1,
700774,C1046,STD,A,XAUUSD,BUY,3.71,2025-10-15 12:30:35.048,4095.85,2025-10-15 12:30:35.090,2025-10-15 12:30:35.093,2025-10-15 12:30:35.095,2025-10-15 12:30:35.292,2025-10-15 12:30:35.294,2025-10-15 12:30:35.334,PARTIAL,2.45,4096.33,"LP_A,LP_B",3,
700775,C1022,STD,B,EURUSD,BUY,3.68,2025-10-15 12:30:35.107,1.16544,2025-10-15 12:30:35.126,,,,2025-10-15 12:30:35.129,2025-10-15 12:30:35.158,FILLED,3.68,1.16544,,0,
700776,C1013,STD,A,XAUUSD,SELL,1.67,2025-10-15 12:30:35.621,4095.16,2025-10-15 12:30:35.646,2025-10-15 12:30:35.649,2025-10-15 12:30:35.649,2025-10-15 12:30:35.697,2025-10-15 12:30:35.698,2025-10-15 12:30:35.724,FILLED,1.67,4095.14,"LP_A,LP_B",2,
700777,C1016,STD,A,XAUUSD,BUY,0.66,2025-10-15 12:30:36.931,4096.11,2025-10-15 12:30:36.998,2025-10-15 12:30:36.999,2025-10-15 12:30:37.000,2025-10-15 12:30:37.143,2025-10-15 12:30:37.145,2025-10-15 12:30:37.213,FILLED,0.66,4096.12,"LP_C,LP_A",2,
700778,C1041,RAW,A,XAUUSD,SELL,9.1,2025-10-15 12:30:37.683,4095.44,2025-10-15 12:30:37.712,2025-10-15 12:30:37.714,2025-10-15 12:30:37.715,2025-10-15 12:30:37.911,2025-10-15 12:30:37.913,2025-10-15 12:30:37.953,PARTIAL,2.1,4095.33,"LP_C,LP_A,LP_B",3,
700779,C1033,STD,B,GBPUSD,SELL,2.27,2025-10-15 12:30:39.585,1.33738,2025-10-15 12:30:39.611,,,,2025-10-15 12:30:39.615,2025-10-15 12:30:39.643,FILLED,2.27,1.33738,,0,
700780,C1003,STD,A,XAUUSD,SELL,1.24,2025-10-15 12:30:40.623,4095.42,2025-10-15 12:30:40.645,2025-10-15 12:30:40.648,2025-10-15 12:30:40.650,2025-10-15 12:30:40.773,2025-10-15 12:30:40.776,2025-10-15 12:30:40.832,FILLED,1.24,4095.37,"LP_C,LP_A",2,
700781,C1033,STD,B,EURUSD,SELL,0.95,2025-10-15 12:30:40.942,1.16512,2025-10-15 12:30:40.969,,,,2025-10-15 12:30:40.972,2025-10-15 12:30:41.028,FILLED,0.95,1.16512,,0,
700782,C1060,STD,B,EURUSD,SELL,1.12,2025-10-15 12:30:40.951,1.16512,2025-10-15 12:30:41.001,,,,2025-10-15 12:30:41.003,2025-10-15 12:30:41.026,FILLED,1.12,1.16512,,0,
700783,C1004,STD,B,EURUSD,BUY,2.3,2025-10-15 12:30:42.711,1.16543,2025-10-15 12:30:42.763,,,,2025-10-15 12:30:42.765,2025-10-15 12:30:42.821,FILLED,2.3,1.16543,,0,
700784,C1013,STD,A,EURUSD,SELL,5.13,2025-10-15 12:30:42.877,1.16519,2025-10-15 12:30:42.916,2025-10-15 12:30:42.918,2025-10-15 12:30:42.920,2025-10-15 12:30:43.078,2025-10-15 12:30:43.081,2025-10-15 12:30:43.096,FILLED,5.13,1.16519,LP_C,1,
700785,C1056,RAW,A,XAUUSD,BUY,0.84,2025-10-15 12:30:44.875,4095.99,2025-10-15 12:30:44.919,2025-10-15 12:30:44.920,2025-10-15 12:30:44.922,2025-10-15 12:30:44.930,2025-10-15 12:30:44.932,2025-10-15 12:30:44.970,FILLED,0.84,4095.99,LP_A,1,
700786,C1027,STD,B,EURUSD,SELL,3.17,2025-10-15 12:30:45.346,1.16521,2025-10-15 12:30:45.410,,,,2025-10-15 12:30:45.412,2025-10-15 12:30:45.462,FILLED,3.17,1.16521,,0,
700787,C1031,STD,A,XAUUSD,BUY,0.64,2025-10-15 12:30:45.913,4096.35,2025-10-15 12:30:45.975,2025-10-15 12:30:45.977,2025-10-15 12:30:45.978,2025-10-15 12:30:46.132,2025-10-15 12:30:46.135,2025-10-15 12:30:46.194,FILLED,0.64,4096.45,LP_A,2,
700788,C1019,STD,A,XAUUSD,SELL,1.31,2025-10-15 12:30:47.459,4095.27,2025-10-15 12:30:47.526,2025-10-15 12:30:47.528,2025-10-15 12:30:47.529,2025-10-15 12:30:47.694,2025-10-15 12:30:47.696,2025-10-15 12:30:47.751,FILLED,1.31,4095.26,"LP_C,LP_A",2,
700789,C1019,STD,A,EURUSD,SELL,1.27,2025-10-15 12:30:47.740,1.16523,2025-10-15 12:30:47.773,2025-10-15 12:30:47.774,2025-10-15 12:30:47.775,2025-10-15 12:30:47.783,2025-10-15 12:30:47.785,2025-10-15 12:30:47.811,FILLED,1.27,1.16523,LP_A,1,
700790,C1022,STD,B,XAUUSD,SELL,0.77,2025-10-15 12:30:49.385,4095.3,2025-10-15 12:30:49.423,,,,2025-10-15 12:30:49.426,2025-10-15 12:30:49.470,FILLED,0.77,4095.2,,0,
700791,C1056,RAW,A,XAUUSD,SELL,1.88,2025-10-15 12:30:49.528,4095.4,2025-10-15 12:30:49.556,2025-10-15 12:30:49.558,2025-10-15 12:30:49.560,2025-10-15 12:30:49.756,2025-10-15 12:30:49.758,2025-10-15 12:30:49.806,FILLED,1.88,4095.35,"LP_C,LP_A,LP_B",3,
700792,C1047,STD,A,XAUUSD,BUY,0.62,2025-10-15 12:30:49.890,4096.1,2025-10-15 12:30:49.948,2025-10-15 12:30:49.950,2025-10-15 12:30:49.951,2025-10-15 12:30:49.961,2025-10-15 12:30:49.963,2025-10-15 12:30:49.997,FILLED,0.62,4096.14,LP_A,1,
700793,C1021,STD,B,EURUSD,SELL,0.33,2025-10-15 12:30:50.649,1.1652,2025-10-15 12:30:50.698,,,,2025-10-15 12:30:50.700,2025-10-15 12:30:50.769,FILLED,0.33,1.1652,,0,
700794,C1009,RAW,B,EURUSD,SELL,0.94,2025-10-15 12:30:51.973,1.16525,2025-10-15 12:30:52.007,,,,2025-10-15 12:30:52.008,2025-10-15 12:30:52.076,FILLED,0.94,1.16524,,0,
700795,C1010,RAW,A,XAUUSD,BUY,0.95,2025-10-15 12:30:52.211,4095.78,2025-10-15 12:30:52.250,2025-10-15 12:30:52.252,2025-10-15 12:30:52.254,2025-10-15 12:30:52.416,2025-10-15 12:30:52.419,2025-10-15 12:30:52.459,FILLED,0.95,4095.79,"LP_C,LP_A",2,
700796,C1012,RAW,A,XAUUSD,SELL,1.26,2025-10-15 12:30:53.505,4095.25,2025-10-15 12:30:53.550,2025-10-15 12:30:53.552,2025-10-15 12:30:53.554,2025-10-15 12:30:53.673,2025-10-15 12:30:53.674,2025-10-15 12:30:53.716,FILLED,1.26,4095.2,"LP_C,LP_A",2,
700797,C1009,RAW,B,EURUSD,BUY,1.37,2025-10-15 12:30:57.115,1.16526,2025-10-15 12:30:57.176,,,,2025-10-15 12:30:57.178,2025-10-15 12:30:57.221,FILLED,1.37,1.16526,,0,
700798,C1020,STD,B,GBPUSD,BUY,0.73,2025-10-15 12:30:57.973,1.33762,2025-10-15 12:30:58.025,,,,2025-10-15 12:30:58.028,2025-10-15 12:30:58.085,FILLED,0.73,1.33762,,0,
700799,C1020,STD,B,XAUUSD,SELL,0.53,2025-10-15 12:30:59.143,4095.11,2025-10-15 12:30:59.198,,,,2025-10-15 12:30:59.202,2025-10-15 12:30:59.221,FILLED,0.53,4094.81,,0,
700800,C1060,STD,B,EURUSD,BUY,0.7,2025-10-15 12:31:01.287,1.16534,2025-10-15 12:31:01.311,,,,2025-10-15 12:31:01.314,2025-10-15 12:31:01.384,FILLED,0.7,1.16534,,0,
700801,C1056,RAW,A,XAUUSD,BUY,2.12,2025-10-15 12:31:10.162,4094.79,2025-10-15 12:31:10.226,2025-10-15 12:31:10.229,2025-10-15 12:31:10.230,2025-10-15 12:31:10.394,2025-10-15 12:31:10.395,2025-10-15 12:31:10.446,PARTIAL,1.75,4094.93,"LP_B,LP_A",3,
700802,C1018,RAW,B,EURUSD,BUY,4.33,2025-10-15 12:31:11.011,1.16525,2025-10-15 12:31:11.058,,,,2025-10-15 12:31:11.060,2025-10-15 12:31:11.112,FILLED,4.33,1.16525,,0,
700803,C1027,STD,B,EURUSD,SELL,0.49,2025-10-15 12:31:11.123,1.16512,2025-10-15 12:31:11.151,,,,2025-10-15 12:31:11.155,2025-10-15 12:31:11.218,FILLED,0.49,1.16512,,0,
700804,C1029,STD,B,XAUUSD,BUY,2.86,2025-10-15 12:31:24.694,4095.08,2025-10-15 12:31:24.762,,,,2025-10-15 12:31:24.763,2025-10-15 12:31:24.811,FILLED,2.86,4095.08,,0,
700805,C1041,RAW,A,XAUUSD,SELL,7.4,2025-10-15 12:31:25.490,4094.62,2025-10-15 12:31:25.506,2025-10-15 12:31:25.508,2025-10-15 12:31:25.509,2025-10-15 12:31:25.672,2025-10-15 12:31:25.675,2025-10-15 12:31:25.742,PARTIAL,2.8,4094.42,"LP_A,LP_B",3,
700806,C1049,STD,A,EURUSD,BUY,0.43,2025-10-15 12:31:36.736,1.16532,2025-10-15 12:31:36.777,2025-10-15 12:31:36.780,2025-10-15 12:31:36.781,2025-10-15 12:31:36.974,2025-10-15 12:31:36.975,2025-10-15 12:31:37.005,FILLED,0.43,1.16536,LP_B,2,
700807,C1060,STD,B,XAUUSD,SELL,1.5,2025-10-15 12:31:40.709,4094.24,2025-10-15 12:31:40.726,,,,2025-10-15 12:31:40.727,2025-10-15 12:31:40.757,FILLED,1.5,4094.24,,0,
700808,C1039,STD,B,EURUSD,BUY,1.64,2025-10-15 12:31:47.068,1.16527,2025-10-15 12:31:47.117,,,,2025-10-15 12:31:47.118,2025-10-15 12:31:47.140,FILLED,1.64,1.16527,,0,
700809,C1045,RAW,B,EURUSD,SELL,1.69,2025-10-15 12:31:54.229,1.1651,2025-10-15 12:31:54.279,,,,2025-10-15 12:31:54.281,2025-10-15 12:31:54.342,FILLED,1.69,1.1651,,0,
700810,C1032,STD,B,EURUSD,BUY,2.25,2025-10-15 12:31:59.183,1.16526,2025-10-15 12:31:59.225,,,,2025-10-15 12:31:59.228,2025-10-15 12:31:59.274,FILLED,2.25,1.16527,,0,
700811,C1012,RAW,A,XAUUSD,BUY,0.45,2025-10-15 12:31:59.886,4094.52,2025-10-15 12:31:59.934,2025-10-15 12:31:59.936,2025-10-15 12:31:59.937,2025-10-15 12:32:00.081,2025-10-15 12:32:00.083,2025-10-15 12:32:00.110,FILLED,0.45,4094.54,LP_A,2,
700812,C1021,STD,B,EURUSD,BUY,1.02,2025-10-15 12:32:02.429,1.16527,2025-10-15 12:32:02.485,,,,2025-10-15 12:32:02.489,2025-10-15 12:32:02.520,FILLED,1.02,1.16527,,0,
700813,C1006,STD,B,GBPUSD,BUY,1.53,2025-10-15 12:32:19.678,1.33775,2025-10-15 12:32:19.728,,,,2025-10-15 12:32:19.731,2025-10-15 12:32:19.748,FILLED,1.53,1.33775,,0,
700814,C1039,STD,B,EURUSD,BUY,1.0,2025-10-15 12:32:20.759,1.1652,2025-10-15 12:32:20.796,,,,2025-10-15 12:32:20.798,2025-10-15 12:32:20.867,FILLED,1.0,1.1652,,0,
700815,C1017,STD,B,XAUUSD,SELL,2.26,2025-10-15 12:32:22.213,4094.47,2025-10-15 12:32:22.228,,,,2025-10-15 12:32:22.231,2025-10-15 12:32:22.256,FILLED,2.26,4094.47,,0,
700816,C1016,STD,A,EURUSD,SELL,0.17,2025-10-15 12:32:23.165,1.16497,2025-10-15 12:32:23.191,2025-10-15 12:32:23.193,2025-10-15 12:32:23.195,2025-10-15 12:32:23.312,2025-10-15 12:32:23.315,2025-10-15 12:32:23.380,FILLED,0.17,1.16497,LP_C,1,
700817,C1009,RAW,B,EURUSD,SELL,0.51,2025-10-15 12:32:24.446,1.16504,2025-10-15 12:32:24.493,,,,2025-10-15 12:32:24.495,2025-10-15 12:32:24.544,FILLED,0.51,1.16504,,0,
700818,C1049,STD,A,XAUUSD,BUY,2.59,2025-10-15 12:32:31.269,4095.14,2025-10-15 12:32:31.300,2025-10-15 12:32:31.303,2025-10-15 12:32:31.303,2025-10-15 12:32:31.310,2025-10-15 12:32:31.311,2025-10-15 12:32:31.357,FILLED,2.59,4095.15,LP_A,1,
700819,C1054,RAW,A,EURUSD,SELL,0.21,2025-10-15 12:32:31.470,1.16501,2025-10-15 12:32:31.509,2025-10-15 12:32:31.510,2025-10-15 12:32:31.511,2025-10-15 12:32:31.620,2025-10-15 12:32:31.622,2025-10-15 12:32:31.648,FILLED,0.21,1.16501,LP_C,1,
700820,C1027,STD,B,EURUSD,SELL,0.42,2025-10-15 12:32:38.650,1.16493,2025-10-15 12:32:38.670,,,,2025-10-15 12:32:38.672,2025-10-15 12:32:38.719,FILLED,0.42,1.16493,,0,
700821,C1002,STD,B,GBPUSD,BUY,4.89,2025-10-15 12:32:44.044,1.33785,2025-10-15 12:32:44.083,,,,2025-10-15 12:32:44.086,2025-10-15 12:32:44.143,FILLED,4.89,1.33785,,0,
700822,C1053,STD,B,XAUUSD,SELL,5.71,2025-10-15 12:32:45.364,4095.02,2025-10-15 12:32:45.382,,,,2025-10-15 12:32:45.386,2025-10-15 12:32:45.417,FILLED,5.71,4095.02,,0,
700823,C1019,STD,A,EURUSD,SELL,0.29,2025-10-15 12:32:53.894,1.16492,2025-10-15 12:32:53.933,2025-10-15 12:32:53.935,2025-10-15 12:32:53.936,2025-10-15 12:32:54.080,2025-10-15 12:32:54.081,2025-10-15 12:32:54.114,FILLED,0.29,1.16492,LP_C,1,
700824,C1020,STD,B,EURUSD,BUY,1.52,2025-10-15 12:32:56.543,1.1651,2025-10-15 12:32:56.612,,,,2025-10-15 12:32:56.614,2025-10-15 12:32:56.659,FILLED,1.52,1.1651,,0,
700825,C1048,STD,B,GBPUSD,SELL,0.68,2025-10-15 12:33:08.403,1.33762,2025-10-15 12:33:08.421,,,,2025-10-15 12:33:08.423,2025-10-15 12:33:08.446,FILLED,0.68,1.33762,,0,
700826,C1043,STD,A,XAUUSD,SELL,1.84,2025-10-15 12:33:12.239,4095.55,2025-10-15 12:33:12.274,2025-10-15 12:33:12.275,2025-10-15 12:33:12.277,2025-10-15 12:33:12.436,2025-10-15 12:33:12.439,2025-10-15 12:33:12.490,FILLED,1.84,4095.55,LP_C,1,
700827,C1015,STD,B,EURUSD,BUY,0.39,2025-10-15 12:33:16.018,1.1651,2025-10-15 12:33:16.069,,,,2025-10-15 12:33:16.071,2025-10-15 12:33:16.113,FILLED,0.39,1.1651,,0,
700828,C1023,RAW,B,EURUSD,BUY,7.6,2025-10-15 12:33:16.342,1.16502,2025-10-15 12:33:16.407,,,,2025-10-15 12:33:16.409,2025-10-15 12:33:16.470,FILLED,7.6,1.16502,,0,
700829,C1026,RAW,B,EURUSD,BUY,1.22,2025-10-15 12:33:17.016,1.16504,2025-10-15 12:33:17.082,,,,2025-10-15 12:33:17.084,2025-10-15 12:33:17.133,FILLED,1.22,1.16504,,0,
700830,C1047,STD,A,XAUUSD,BUY,3.33,2025-10-15 12:33:22.478,4095.99,2025-10-15 12:33:22.500,2025-10-15 12:33:22.502,2025-10-15 12:33:22.503,2025-10-15 12:33:22.555,2025-10-15 12:33:22.558,2025-10-15 12:33:22.577,FILLED,3.33,4095.99,"LP_B,LP_A",2,
700831,C1032,STD,B,EURUSD,SELL,0.75,2025-10-15 12:33:32.144,1.16492,2025-10-15 12:33:32.184,,,,2025-10-15 12:33:32.186,2025-10-15 12:33:32.217,FILLED,0.75,1.16492,,0,
700832,C1051,STD,A,EURUSD,SELL,0.81,2025-10-15 12:33:34.985,1.1649,2025-10-15 12:33:35.011,2025-10-15 12:33:35.012,2025-10-15 12:33:35.014,2025-10-15 12:33:35.049,2025-10-15 12:33:35.052,2025-10-15 12:33:35.074,FILLED,0.81,1.1649,LP_B,1,
700833,C1059,STD,B,XAUUSD,SELL,0.21,2025-10-15 12:33:48.163,4095.02,2025-10-15 12:33:48.191,,,,2025-10-15 12:33:48.195,2025-10-15 12:33:48.245,FILLED,0.21,4095.02,,0,
700834,C1032,STD,B,GBPUSD,SELL,3.41,2025-10-15 12:34:13.426,1.33773,2025-10-15 12:34:13.453,,,,2025-10-15 12:34:13.457,2025-10-15 12:34:13.501,FILLED,3.41,1.33773,,0,
700835,C1023,RAW,B,XAUUSD,BUY,9.8,2025-10-15 12:34:21.341,4096.04,2025-10-15 12:34:21.361,,,,2025-10-15 12:34:21.364,2025-10-15 12:34:21.421,FILLED,9.8,4096.04,,0,
700836,C1046,STD,A,EURUSD,BUY,0.49,2025-10-15 12:34:36.017,1.1652,2025-10-15 12:34:36.046,2025-10-15 12:34:36.048,2025-10-15 12:34:36.049,2025-10-15 12:34:36.058,2025-10-15 12:34:36.060,2025-10-15 12:34:36.129,FILLED,0.49,1.1652,LP_A,1,
700837,C1045,RAW,B,EURUSD,SELL,0.91,2025-10-15 12:34:37.404,1.16509,2025-10-15 12:34:37.466,,,,2025-10-15 12:34:37.468,2025-10-15 12:34:37.491,FILLED,0.91,1.16509,,0,
700838,C1014,RAW,B,GBPUSD,SELL,0.73,2025-10-15 12:34:44.205,1.33778,2025-10-15 12:34:44.222,,,,2025-10-15 12:34:44.223,2025-10-15 12:34:44.243,FILLED,0.73,1.33778,,0,
700839,C1041,RAW,A,EURUSD,BUY,8.9,2025-10-15 12:34:44.989,1.16508,2025-10-15 12:34:45.047,2025-10-15 12:34:45.048,2025-10-15 12:34:45.049,2025-10-15 12:34:45.188,2025-10-15 12:34:45.191,2025-10-15 12:34:45.258,FILLED,8.9,1.16509,LP_A,2,
700840,C1048,STD,B,EURUSD,BUY,1.83,2025-10-15 12:34:50.017,1.16517,2025-10-15 12:34:50.032,,,,2025-10-15 12:34:50.034,2025-10-15 12:34:50.072,FILLED,1.83,1.16517,,0,
700841,C1023,RAW,B,EURUSD,BUY,6.0,2025-10-15 12:34:51.062,1.16509,2025-10-15 12:34:51.123,,,,2025-10-15 12:34:51.125,2025-10-15 12:34:51.173,FILLED,6.0,1.16509,,0,
700842,C1036,STD,B,EURUSD,SELL,4.13,2025-10-15 12:34:56.535,1.16498,2025-10-15 12:34:56.554,,,,2025-10-15 12:34:56.556,2025-10-15 12:34:56.616,FILLED,4.13,1.16498,,0,
700843,C1010,RAW,A,XAUUSD,BUY,2.87,2025-10-15 12:34:56.542,4096.08,2025-10-15 12:34:56.591,2025-10-15 12:34:56.593,2025-10-15 12:34:56.594,2025-10-15 12:34:56.744,2025-10-15 12:34:56.747,2025-10-15 12:34:56.770,FILLED,2.87,4096.08,"LP_C,LP_A",2,
700844,C1054,RAW,A,XAUUSD,SELL,1.79,2025-10-15 12:34:57.716,4095.9,2025-10-15 12:34:57.735,2025-10-15 12:34:57.738,2025-10-15 12:34:57.739,2025-10-15 12:34:57.924,2025-10-15 12:34:57.925,2025-10-15 12:34:57.955,FILLED,1.79,4095.88,LP_B,2,
700845,C1002,STD,B,XAUUSD,SELL,0.52,2025-10-15 12:34:59.968,4095.56,2025-10-15 12:35:00.014,,,,2025-10-15 12:35:00.017,2025-10-15 12:35:00.066,FILLED,0.52,4095.56,,0,
700846,C1027,STD,B,GBPUSD,SELL,0.1,2025-10-15 12:35:05.033,1.33772,2025-10-15 12:35:05.053,,,,2025-10-15 12:35:05.057,2025-10-15 12:35:05.080,FILLED,0.1,1.33772,,0,
700847,C1036,STD,B,EURUSD,SELL,0.36,2025-10-15 12:35:18.219,1.16495,2025-10-15 12:35:18.239,,,,2025-10-15 12:35:18.242,2025-10-15 12:35:18.261,FILLED,0.36,1.16495,,0,
700848,C1039,STD,B,XAUUSD,BUY,7.36,2025-10-15 12:35:24.396,4095.99,2025-10-15 12:35:24.441,,,,2025-10-15 12:35:24.444,2025-10-15 12:35:24.474,FILLED,7.36,4095.99,,0,
700849,C1035,STD,B,EURUSD,SELL,0.9,2025-10-15 12:35:27.439,1.16495,2025-10-15 12:35:27.505,,,,2025-10-15 12:35:27.509,2025-10-15 12:35:27.555,FILLED,0.9,1.16495,,0,
700850,C1033,STD,B,EURUSD,SELL,0.85,2025-10-15 12:35:27.493,1.16495,2025-10-15 12:35:27.553,,,,2025-10-15 12:35:27.555,2025-10-15 12:35:27.580,FILLED,0.85,1.16495,,0,
700851,C1019,STD,A,XAUUSD,SELL,3.36,2025-10-15 12:35:34.040,4095.35,2025-10-15 12:35:34.074,2025-10-15 12:35:34.077,2025-10-15 12:35:34.078,2025-10-15 12:35:34.088,2025-10-15 12:35:34.091,2025-10-15 12:35:34.126,FILLED,3.36,4095.35,LP_A,1,
700852,C1050,STD,A,EURUSD,BUY,0.36,2025-10-15 12:35:42.455,1.16516,2025-10-15 12:35:42.524,2025-10-15 12:35:42.525,2025-10-15 12:35:42.526,2025-10-15 12:35:42.532,2025-10-15 12:35:42.533,2025-10-15 12:35:42.601,FILLED,0.36,1.16516,LP_A,1,
700853,C1055,STD,A,EURUSD,SELL,0.55,2025-10-15 12:35:58.818,1.16498,2025-10-15 12:35:58.882,2025-10-15 12:35:58.883,2025-10-15 12:35:58.885,2025-10-15 12:35:58.892,2025-10-15 12:35:58.893,2025-10-15 12:35:58.955,FILLED,0.55,1.16497,LP_A,1,
700854,C1007,RAW,B,XAUUSD,SELL,9.1,2025-10-15 12:35:59.547,4095.21,2025-10-15 12:35:59.563,,,,2025-10-15 12:35:59.565,2025-10-15 12:35:59.611,FILLED,9.1,4095.21,,0,
700855,C1019,STD,A,GBPUSD,SELL,0.54,2025-10-15 12:36:02.015,1.33775,2025-10-15 12:36:02.051,2025-10-15 12:36:02.053,2025-10-15 12:36:02.054,2025-10-15 12:36:02.065,2025-10-15 12:36:02.066,2025-10-15 12:36:02.093,FILLED,0.54,1.33775,LP_A,1,
700856,C1052,RAW,A,XAUUSD,BUY,0.62,2025-10-15 12:36:09.652,4095.39,2025-10-15 12:36:09.684,2025-10-15 12:36:09.685,2025-10-15 12:36:09.687,2025-10-15 12:36:09.800,2025-10-15 12:36:09.802,2025-10-15 12:36:09.859,FILLED,0.62,4095.47,LP_C,1,
700857,C1023,RAW,B,EURUSD,SELL,2.2,2025-10-15 12:36:14.590,1.16506,2025-10-15 12:36:14.629,,,,2025-10-15 12:36:14.631,2025-10-15 12:36:14.691,FILLED,2.2,1.16506,,0,
700858,C1003,STD,A,EURUSD,SELL,0.9,2025-10-15 12:36:21.032,1.16497,2025-10-15 12:36:21.064,2025-10-15 12:36:21.067,2025-10-15 12:36:21.068,2025-10-15 12:36:21.077,2025-10-15 12:36:21.079,2025-10-15 12:36:21.108,FILLED,0.9,1.16497,LP_A,1,
700859,C1056,RAW,A,EURUSD,BUY,1.59,2025-10-15 12:36:22.958,1.16508,2025-10-15 12:36:23.010,2025-10-15 12:36:23.013,2025-10-15 12:36:23.014,2025-10-15 12:36:23.022,2025-10-15 12:36:23.023,2025-10-15 12:36:23.062,FILLED,1.59,1.16508,LP_A,1,
700860,C1021,STD,B,XAUUSD,SELL,0.38,2025-10-15 12:36:26.339,4095.41,2025-10-15 12:36:26.380,,,,2025-10-15 12:36:26.384,2025-10-15 12:36:26.416,FILLED,0.38,4095.41,,0,
700861,C1057,STD,B,GBPUSD,BUY,1.48,2025-10-15 12:36:29.251,1.33797,2025-10-15 12:36:29.279,,,,2025-10-15 12:36:29.282,2025-10-15 12:36:29.321,FILLED,1.48,1.33797,,0,
700862,C1052,RAW,A,XAUUSD,SELL,0.53,2025-10-15 12:36:33.167,4095.27,2025-10-15 12:36:33.208,2025-10-15 12:36:33.210,2025-10-15 12:36:33.211,2025-10-15 12:36:33.362,2025-10-15 12:36:33.365,2025-10-15 12:36:33.408,FILLED,0.53,4095.27,LP_C,1,
700863,C1050,STD,A,EURUSD,SELL,0.61,2025-10-15 12:36:35.301,1.16499,2025-10-15 12:36:35.362,2025-10-15 12:36:35.363,2025-10-15 12:36:35.365,2025-10-15 12:36:35.513,2025-10-15 12:36:35.516,2025-10-15 12:36:35.541,FILLED,0.61,1.16499,LP_C,1,
700864,C1009,RAW,B,EURUSD,BUY,0.13,2025-10-15 12:36:37.576,1.16509,2025-10-15 12:36:37.613,,,,2025-10-15 12:36:37.615,2025-10-15 12:36:37.660,FILLED,0.13,1.16509,,0,
700865,C1049,STD,A,EURUSD,SELL,0.57,2025-10-15 12:36:41.635,1.16498,2025-10-15 12:36:41.665,2025-10-15 12:36:41.667,2025-10-15 12:36:41.668,2025-10-15 12:36:41.675,2025-10-15 12:36:41.676,2025-10-15 12:36:41.705,FILLED,0.57,1.16498,LP_A,1,
700866,C1031,STD,A,GBPUSD,SELL,2.23,2025-10-15 12:36:42.355,1.3377,2025-10-15 12:36:42.390,2025-10-15 12:36:42.392,2025-10-15 12:36:42.392,2025-10-15 12:36:42.432,2025-10-15 12:36:42.433,2025-10-15 12:36:42.502,FILLED,2.23,1.3377,LP_B,1,
700867,C1036,STD,B,EURUSD,SELL,2.56,2025-10-15 12:36:43.142,1.16499,2025-10-15 12:36:43.177,,,,2025-10-15 12:36:43.178,2025-10-15 12:36:43.223,FILLED,2.56,1.16499,,0,
700868,C1009,RAW,B,EURUSD,BUY,0.28,2025-10-15 12:36:43.742,1.1651,2025-10-15 12:36:43.798,,,,2025-10-15 12:36:43.800,2025-10-15 12:36:43.859,FILLED,0.28,1.1651,,0,
700869,C1031,STD,A,GBPUSD,BUY,0.43,2025-10-15 12:36:49.911,1.33796,2025-10-15 12:36:49.927,2025-10-15 12:36:49.929,2025-10-15 12:36:49.930,2025-10-15 12:36:50.060,2025-10-15 12:36:50.063,2025-10-15 12:36:50.125,FILLED,0.43,1.33796,LP_C,1,
700870,C1020,STD,B,EURUSD,BUY,1.34,2025-10-15 12:36:57.351,1.16519,2025-10-15 12:36:57.393,,,,2025-10-15 12:36:57.396,2025-10-15 12:36:57.458,FILLED,1.34,1.16519,,0,
700871,C1056,RAW,A,GBPUSD,BUY,2.61,2025-10-15 12:36:58.835,1.33788,2025-10-15 12:36:58.887,2025-10-15 12:36:58.889,2025-10-15 12:36:58.890,2025-10-15 12:36:58.997,2025-10-15 12:36:59.000,2025-10-15 12:36:59.019,FILLED,2.61,1.33788,LP_C,1,
700872,C1040,STD,A,GBPUSD,BUY,0.65,2025-10-15 12:37:10.217,1.33787,2025-10-15 12:37:10.260,2025-10-15 12:37:10.262,2025-10-15 12:37:10.263,2025-10-15 12:37:10.270,2025-10-15 12:37:10.272,2025-10-15 12:37:10.331,FILLED,0.65,1.33787,LP_A,1,
700873,C1014,RAW,B,XAUUSD,BUY,4.51,2025-10-15 12:37:13.495,4095.75,2025-10-15 12:37:13.541,,,,2025-10-15 12:37:13.542,2025-10-15 12:37:13.586,FILLED,4.51,4095.75,,0,
700874,C1056,RAW,A,EURUSD,SELL,0.33,2025-10-15 12:37:25.583,1.16509,2025-10-15 12:37:25.636,2025-10-15 12:37:25.637,2025-10-15 12:37:25.638,2025-10-15 12:37:25.644,2025-10-15 12:37:25.645,2025-10-15 12:37:25.667,FILLED,0.33,1.16509,LP_A,1,
700875,C1059,STD,B,XAUUSD,SELL,9.34,2025-10-15 12:37:38.338,4095.51,2025-10-15 12:37:38.378,,,,2025-10-15 12:37:38.380,2025-10-15 12:37:38.412,FILLED,9.34,4095.51,,0,
700876,C1018,RAW,B,EURUSD,SELL,0.31,2025-10-15 12:37:38.997,1.16506,2025-10-15 12:37:39.052,,,,2025-10-15 12:37:39.055,2025-10-15 12:37:39.114,FILLED,0.31,1.16506,,0,
700877,C1013,STD,A,XAUUSD,SELL,3.22,2025-10-15 12:37:39.997,4095.47,2025-10-15 12:37:40.039,2025-10-15 12:37:40.042,2025-10-15 12:37:40.044,2025-10-15 12:37:40.194,2025-10-15 12:37:40.196,2025-10-15 12:37:40.231,FILLED,3.22,4095.46,LP_A,2,
700878,C1050,STD,A,EURUSD,SELL,1.0,2025-10-15 12:37:40.715,1.165,2025-10-15 12:37:40.758,2025-10-15 12:37:40.760,2025-10-15 12:37:40.762,2025-10-15 12:37:40.771,2025-10-15 12:37:40.773,2025-10-15 12:37:40.838,FILLED,1.0,1.165,LP_A,1,
700879,C1015,STD,B,GBPUSD,BUY,7.97,2025-10-15 12:37:45.627,1.33799,2025-10-15 12:37:45.655,,,,2025-10-15 12:37:45.656,2025-10-15 12:37:45.697,FILLED,7.97,1.33799,,0,
700880,C1026,RAW,B,GBPUSD,BUY,2.39,2025-10-15 12:37:46.528,1.3379,2025-10-15 12:37:46.576,,,,2025-10-15 12:37:46.578,2025-10-15 12:37:46.601,FILLED,2.39,1.3379,,0,
700881,C1019,STD,A,EURUSD,BUY,0.29,2025-10-15 12:37:52.984,1.16514,2025-10-15 12:37:53.035,2025-10-15 12:37:53.036,2025-10-15 12:37:53.038,2025-10-15 12:37:53.043,2025-10-15 12:37:53.045,2025-10-15 12:37:53.083,FILLED,0.29,1.16514,LP_A,1,
700882,C1023,RAW,B,XAUUSD,BUY,4.2,2025-10-15 12:37:56.933,4095.63,2025-10-15 12:37:56.994,,,,2025-10-15 12:37:56.996,2025-10-15 12:37:57.025,FILLED,4.2,4095.63,,0,
700883,C1008,STD,A,GBPUSD,SELL,2.35,2025-10-15 12:38:10.291,1.33777,2025-10-15 12:38:10.354,2025-10-15 12:38:10.356,2025-10-15 12:38:10.357,2025-10-15 12:38:10.367,2025-10-15 12:38:10.369,2025-10-15 12:38:10.386,FILLED,2.35,1.33777,LP_A,1,
700884,C1042,STD,A,XAUUSD,SELL,0.35,2025-10-15 12:38:10.377,4095.45,2025-10-15 12:38:10.423,2025-10-15 12:38:10.425,2025-10-15 12:38:10.426,2025-10-15 12:38:10.533,2025-10-15 12:38:10.535,2025-10-15 12:38:10.591,FILLED,0.35,4095.45,LP_C,1,
700885,C1029,STD,B,EURUSD,BUY,1.86,2025-10-15 12:38:29.719,1.16512,2025-10-15 12:38:29.777,,,,2025-10-15 12:38:29.778,2025-10-15 12:38:29.822,FILLED,1.86,1.16512,,0,
700886,C1019,STD,A,EURUSD,BUY,0.18,2025-10-15 12:38:34.869,1.16511,2025-10-15 12:38:34.927,2025-10-15 12:38:34.929,2025-10-15 12:38:34.930,2025-10-15 12:38:35.067,2025-10-15 12:38:35.068,2025-10-15 12:38:35.104,FILLED,0.18,1.16512,LP_A,2,
700887,C1055,STD,A,EURUSD,SELL,0.29,2025-10-15 12:38:37.885,1.16494,2025-10-15 12:38:37.933,2025-10-15 12:38:37.935,2025-10-15 12:38:37.936,2025-10-15 12:38:38.080,2025-10-15 12:38:38.083,2025-10-15 12:38:38.138,FILLED,0.29,1.16494,LP_C,1,
700888,C1060,STD,B,EURUSD,BUY,1.56,2025-10-15 12:38:38.726,1.16514,2025-10-15 12:38:38.755,,,,2025-10-15 12:38:38.757,2025-10-15 12:38:38.776,FILLED,1.56,1.16514,,0,
700889,C1006,STD,B,EURUSD,SELL,1.7,2025-10-15 12:38:39.777,1.16496,2025-10-15 12:38:39.824,,,,2025-10-15 12:38:39.827,2025-10-15 12:38:39.855,FILLED,1.7,1.16496,,0,
700890,C1023,RAW,B,XAUUSD,SELL,9.6,2025-10-15 12:38:46.181,4095.59,2025-10-15 12:38:46.223,,,,2025-10-15 12:38:46.224,2025-10-15 12:38:46.246,FILLED,9.6,4095.59,,0,
700891,C1014,RAW,B,GBPUSD,BUY,0.76,2025-10-15 12:38:51.409,1.33789,2025-10-15 12:38:51.474,,,,2025-10-15 12:38:51.475,2025-10-15 12:38:51.542,FILLED,0.76,1.33789,,0,
700892,C1031,STD,A,EURUSD,SELL,2.15,2025-10-15 12:38:57.507,1.16498,2025-10-15 12:38:57.532,2025-10-15 12:38:57.533,2025-10-15 12:38:57.535,2025-10-15 12:38:57.652,2025-10-15 12:38:57.653,2025-10-15 12:38:57.690,FILLED,2.15,1.16497,LP_C,1,
700893,C1009,RAW,B,GBPUSD,SELL,1.96,2025-10-15 12:39:02.971,1.33783,2025-10-15 12:39:03.019,,,,2025-10-15 12:39:03.020,2025-10-15 12:39:03.039,FILLED,1.96,1.33783,,0,
700894,C1002,STD,B,EURUSD,SELL,1.27,2025-10-15 12:39:04.266,1.16497,2025-10-15 12:39:04.325,,,,2025-10-15 12:39:04.327,2025-10-15 12:39:04.352,FILLED,1.27,1.16497,,0,
700895,C1052,RAW,A,GBPUSD,SELL,2.7,2025-10-15 12:39:09.613,1.33784,2025-10-15 12:39:09.673,2025-10-15 12:39:09.675,2025-10-15 12:39:09.676,2025-10-15 12:39:09.814,2025-10-15 12:39:09.816,2025-10-15 12:39:09.845,FILLED,2.7,1.33785,LP_C,1,
700896,C1042,STD,A,GBPUSD,SELL,0.89,2025-10-15 12:39:21.620,1.33778,2025-10-15 12:39:21.638,2025-10-15 12:39:21.639,2025-10-15 12:39:21.641,2025-10-15 12:39:21.647,2025-10-15 12:39:21.649,2025-10-15 12:39:21.689,FILLED,0.89,1.33778,LP_A,1,
700897,C1012,RAW,A,GBPUSD,BUY,1.9,2025-10-15 12:39:24.064,1.3379,2025-10-15 12:39:24.107,2025-10-15 12:39:24.109,2025-10-15 12:39:24.110,2025-10-15 12:39:24.117,2025-10-15 12:39:24.119,2025-10-15 12:39:24.167,FILLED,1.9,1.3379,LP_A,1,
700898,C1023,RAW,B,XAUUSD,SELL,3.8,2025-10-15 12:39:24.716,4095.82,2025-10-15 12:39:24.781,,,,2025-10-15 12:39:24.784,2025-10-15 12:39:24.831,FILLED,3.8,4095.82,,0,
700899,C1050,STD,A,XAUUSD,SELL,0.77,2025-10-15 12:39:28.855,4095.65,2025-10-15 12:39:28.893,2025-10-15 12:39:28.895,2025-10-15 12:39:28.895,2025-10-15 12:39:29.042,2025-10-15 12:39:29.044,2025-10-15 12:39:29.086,FILLED,0.77,4095.62,LP_A,2,
700900,C1045,RAW,B,XAUUSD,BUY,0.48,2025-10-15 12:39:28.863,4096.02,2025-10-15 12:39:28.906,,,,2025-10-15 12:39:28.908,2025-10-15 12:39:28.925,FILLED,0.48,4096.02,,0,
700901,C1005,RAW,B,XAUUSD,BUY,0.09,2025-10-15 12:39:51.317,4095.71,2025-10-15 12:39:51.368,,,,2025-10-15 12:39:51.371,2025-10-15 12:39:51.437,FILLED,0.09,4095.71,,0,
700902,C1020,STD,B,EURUSD,SELL,5.54,2025-10-15 12:39:51.911,1.16497,2025-10-15 12:39:51.935,,,,2025-10-15 12:39:51.936,2025-10-15 12:39:51.973,FILLED,5.54,1.16497,,0,
700903,C1059,STD,B,EURUSD,SELL,1.01,2025-10-15 12:40:00.993,1.16497,2025-10-15 12:40:01.030,,,,2025-10-15 12:40:01.032,2025-10-15 12:40:01.073,FILLED,1.01,1.16497,,0,
700904,C1044,STD,A,EURUSD,BUY,1.88,2025-10-15 12:40:07.229,1.16511,2025-10-15 12:40:07.285,2025-10-15 12:40:07.287,2025-10-15 12:40:07.289,2025-10-15 12:40:07.299,2025-10-15 12:40:07.301,2025-10-15 12:40:07.366,FILLED,1.88,1.16511,LP_A,1,
700905,C1046,STD,A,XAUUSD,BUY,0.88,2025-10-15 12:40:17.019,4095.7,2025-10-15 12:40:17.058,2025-10-15 12:40:17.060,2025-10-15 12:40:17.061,2025-10-15 12:40:17.102,2025-10-15 12:40:17.104,2025-10-15 12:40:17.146,FILLED,0.88,4095.68,LP_B,1,
700906,C1004,STD,B,EURUSD,BUY,0.71,2025-10-15 12:40:28.143,1.16507,2025-10-15 12:40:28.191,,,,2025-10-15 12:40:28.194,2025-10-15 12:40:28.241,FILLED,0.71,1.16507,,0,
700907,C1023,RAW,B,EURUSD,BUY,5.7,2025-10-15 12:40:28.667,1.16499,2025-10-15 12:40:28.725,,,,2025-10-15 12:40:28.726,2025-10-15 12:40:28.752,FILLED,5.7,1.16499,,0,
700908,C1013,STD,A,XAUUSD,SELL,4.71,2025-10-15 12:40:29.454,4095.04,2025-10-15 12:40:29.505,2025-10-15 12:40:29.507,2025-10-15 12:40:29.508,2025-10-15 12:40:29.672,2025-10-15 12:40:29.674,2025-10-15 12:40:29.718,FILLED,4.71,4095.01,"LP_C,LP_B,LP_A",3,
700909,C1058,RAW,B,XAUUSD,BUY,1.25,2025-10-15 12:40:29.929,4095.38,2025-10-15 12:40:29.972,,,,2025-10-15 12:40:29.975,2025-10-15 12:40:30.006,FILLED,1.25,4095.38,,0,
700910,C1021,STD,B,EURUSD,BUY,1.43,2025-10-15 12:40:33.322,1.16511,2025-10-15 12:40:33.342,,,,2025-10-15 12:40:33.345,2025-10-15 12:40:33.391,FILLED,1.43,1.16511,,0,
700911,C1014,RAW,B,EURUSD,BUY,0.82,2025-10-15 12:40:36.233,1.16501,2025-10-15 12:40:36.293,,,,2025-10-15 12:40:36.295,2025-10-15 12:40:36.329,FILLED,0.82,1.16501,,0,
700912,C1023,RAW,B,XAUUSD,SELL,6.9,2025-10-15 12:40:39.822,4095.58,2025-10-15 12:40:39.892,,,,2025-10-15 12:40:39.895,2025-10-15 12:40:39.931,FILLED,6.9,4095.51,,0,
700913,C1027,STD,B,EURUSD,BUY,0.7,2025-10-15 12:40:40.714,1.16506,2025-10-15 12:40:40.732,,,,2025-10-15 12:40:40.734,2025-10-15 12:40:40.785,FILLED,0.7,1.16506,,0,
700914,C1023,RAW,B,XAUUSD,SELL,8.6,2025-10-15 12:40:43.710,4095.46,2025-10-15 12:40:43.766,,,,2025-10-15 12:40:43.768,2025-10-15 12:40:43.807,FILLED,8.6,4095.46,,0,
700915,C1019,STD,A,EURUSD,SELL,1.5,2025-10-15 12:40:46.629,1.16486,2025-10-15 12:40:46.644,2025-10-15 12:40:46.646,2025-10-15 12:40:46.648,2025-10-15 12:40:46.796,2025-10-15 12:40:46.798,2025-10-15 12:40:46.814,FILLED,1.5,1.16486,LP_C,1,
700916,C1041,RAW,A,XAUUSD,SELL,6.4,2025-10-15 12:40:54.793,4095.56,2025-10-15 12:40:54.824,2025-10-15 12:40:54.826,2025-10-15 12:40:54.827,2025-10-15 12:40:55.020,2025-10-15 12:40:55.023,2025-10-15 12:40:55.047,FILLED,6.4,4095.52,"LP_C,LP_A,LP_B",3,
700917,C1042,STD,A,EURUSD,BUY,3.44,2025-10-15 12:41:07.563,1.16505,2025-10-15 12:41:07.618,2025-10-15 12:41:07.620,2025-10-15 12:41:07.621,2025-10-15 12:41:07.627,2025-10-15 12:41:07.630,2025-10-15 12:41:07.663,FILLED,3.44,1.16505,LP_A,1,
700918,C1004,STD,B,EURUSD,SELL,2.85,2025-10-15 12:41:13.012,1.16484,2025-10-15 12:41:13.076,,,,2025-10-15 12:41:13.078,2025-10-15 12:41:13.111,FILLED,2.85,1.16484,,0,
700919,C1030,STD,A,EURUSD,BUY,6.2,2025-10-15 12:41:26.419,1.16503,2025-10-15 12:41:26.435,2025-10-15 12:41:26.438,2025-10-15 12:41:26.439,2025-10-15 12:41:26.446,2025-10-15 12:41:26.448,2025-10-15 12:41:26.501,FILLED,6.2,1.16503,LP_A,1,
700920,C1016,STD,A,XAUUSD,SELL,8.86,2025-10-15 12:41:30.063,4095.36,2025-10-15 12:41:30.093,2025-10-15 12:41:30.095,2025-10-15 12:41:30.097,2025-10-15 12:41:30.254,2025-10-15 12:41:30.256,2025-10-15 12:41:30.273,PARTIAL,7.0,4095.22,"LP_A,LP_B",3,
700921,C1045,RAW,B,EURUSD,BUY,0.53,2025-10-15 12:41:32.333,1.16495,2025-10-15 12:41:32.391,,,,2025-10-15 12:41:32.393,2025-10-15 12:41:32.447,FILLED,0.53,1.16495,,0,
700922,C1008,STD,A,EURUSD,BUY,0.89,2025-10-15 12:41:43.176,1.16503,2025-10-15 12:41:43.193,2025-10-15 12:41:43.195,2025-10-15 12:41:43.196,2025-10-15 12:41:43.203,2025-10-15 12:41:43.205,2025-10-15 12:41:43.241,FILLED,0.89,1.16503,LP_A,1,
700923,C1008,STD,A,GBPUSD,SELL,0.44,2025-10-15 12:41:43.965,1.33714,2025-10-15 12:41:43.994,2025-10-15 12:41:43.997,2025-10-15 12:41:43.998,2025-10-15 12:41:44.031,2025-10-15 12:41:44.033,2025-10-15 12:41:44.087,FILLED,0.44,1.33715,LP_B,1,
700924,C1016,STD,A,EURUSD,BUY,0.25,2025-10-15 12:41:45.697,1.16504,2025-10-15 12:41:45.762,2025-10-15 12:41:45.763,2025-10-15 12:41:45.764,2025-10-15 12:41:45.807,2025-10-15 12:41:45.808,2025-10-15 12:41:45.830,FILLED,0.25,1.16504,LP_B,1,
700925,C1025,STD,B,XAUUSD,BUY,0.27,2025-10-15 12:41:48.188,4095.95,2025-10-15 12:41:48.240,,,,2025-10-15 12:41:48.242,2025-10-15 12:41:48.271,FILLED,0.27,4095.95,,0,
700926,C1017,STD,B,EURUSD,SELL,2.59,2025-10-15 12:41:49.389,1.16489,2025-10-15 12:41:49.424,,,,2025-10-15 12:41:49.426,2025-10-15 12:41:49.443,FILLED,2.59,1.16489,,0,
700927,C1041,RAW,A,XAUUSD,SELL,9.3,2025-10-15 12:41:57.654,4095.69,2025-10-15 12:41:57.710,2025-10-15 12:41:57.712,2025-10-15 12:41:57.714,2025-10-15 12:41:57.890,2025-10-15 12:41:57.893,2025-10-15 12:41:57.949,PARTIAL,6.0,4095.66,"LP_A,LP_C,LP_B",3,
700928,C1056,RAW,A,EURUSD,BUY,0.42,2025-10-15 12:42:04.816,1.16499,2025-10-15 12:42:04.869,2025-10-15 12:42:04.871,2025-10-15 12:42:04.872,2025-10-15 12:42:04.880,2025-10-15 12:42:04.881,2025-10-15 12:42:04.900,FILLED,0.42,1.16499,LP_A,1,
700929,C1023,RAW,B,EURUSD,SELL,8.9,2025-10-15 12:42:11.221,1.16494,2025-10-15 12:42:11.248,,,,2025-10-15 12:42:11.250,2025-10-15 12:42:11.310,FILLED,8.9,1.16494,,0,
700930,C1033,STD,B,GBPUSD,BUY,0.62,2025-10-15 12:42:12.236,1.33884,2025-10-15 12:42:12.293,,,,2025-10-15 12:42:12.296,2025-10-15 12:42:12.320,FILLED,0.62,1.33884,,0,
700931,C1020,STD,B,XAUUSD,BUY,2.68,2025-10-15 12:42:13.116,4095.91,2025-10-15 12:42:13.177,,,,2025-10-15 12:42:13.178,2025-10-15 12:42:13.204,FILLED,2.68,4095.91,,0,
700932,C1022,STD,B,XAUUSD,BUY,2.37,2025-10-15 12:42:20.623,4095.98,2025-10-15 12:42:20.682,,,,2025-10-15 12:42:20.685,2025-10-15 12:42:20.745,FILLED,2.37,4095.98,,0,
700933,C1040,STD,A,GBPUSD,BUY,0.78,2025-10-15 12:42:20.826,1.33884,2025-10-15 12:42:20.859,2025-10-15 12:42:20.860,2025-10-15 12:42:20.861,2025-10-15 12:42:21.009,2025-10-15 12:42:21.010,2025-10-15 12:42:21.077,FILLED,0.78,1.33884,LP_C,1,
700934,C1014,RAW,B,EURUSD,SELL,0.24,2025-10-15 12:42:23.714,1.16491,2025-10-15 12:42:23.731,,,,2025-10-15 12:42:23.734,2025-10-15 12:42:23.786,FILLED,0.24,1.16491,,0,
700935,C1003,STD,A,GBPUSD,SELL,1.73,2025-10-15 12:42:23.961,1.33719,2025-10-15 12:42:24.029,2025-10-15 12:42:24.030,2025-10-15 12:42:24.031,2025-10-15 12:42:24.156,2025-10-15 12:42:24.158,2025-10-15 12:42:24.225,FILLED,1.73,1.33719,LP_C,1,
700936,C1013,STD,A,XAUUSD,SELL,1.24,2025-10-15 12:42:27.107,4095.44,2025-10-15 12:42:27.173,2025-10-15 12:42:27.175,2025-10-15 12:42:27.176,2025-10-15 12:42:27.181,2025-10-15 12:42:27.182,2025-10-15 12:42:27.250,FILLED,1.24,4095.44,LP_A,1,
700937,C1057,STD,B,EURUSD,SELL,0.31,2025-10-15 12:42:41.104,1.16481,2025-10-15 12:42:41.160,,,,2025-10-15 12:42:41.161,2025-10-15 12:42:41.228,FILLED,0.31,1.16481,,0,
700938,C1060,STD,B,EURUSD,SELL,0.06,2025-10-15 12:42:43.624,1.16481,2025-10-15 12:42:43.688,,,,2025-10-15 12:42:43.691,2025-10-15 12:42:43.734,FILLED,0.06,1.16481,,0,
700939,C1050,STD,A,EURUSD,BUY,0.25,2025-10-15 12:42:58.928,1.16503,2025-10-15 12:42:58.995,2025-10-15 12:42:58.998,2025-10-15 12:42:58.999,2025-10-15 12:42:59.006,2025-10-15 12:42:59.008,2025-10-15 12:42:59.047,FILLED,0.25,1.16503,LP_A,1,
700940,C1019,STD,A,XAUUSD,BUY,0.22,2025-10-15 12:43:01.572,4096.44,2025-10-15 12:43:01.606,2025-10-15 12:43:01.608,2025-10-15 12:43:01.610,2025-10-15 12:43:01.651,2025-10-15 12:43:01.652,2025-10-15 12:43:01.709,FILLED,0.22,4096.44,LP_B,1,
700941,C1026,RAW,B,XAUUSD,BUY,1.54,2025-10-15 12:43:14.394,4096.28,2025-10-15 12:43:14.435,,,,2025-10-15 12:43:14.438,2025-10-15 12:43:14.491,FILLED,1.54,4096.28,,0,
700942,C1060,STD,B,GBPUSD,SELL,0.65,2025-10-15 12:43:21.629,1.33724,2025-10-15 12:43:21.662,,,,2025-10-15 12:43:21.664,2025-10-15 12:43:21.706,FILLED,0.65,1.33724,,0,
700943,C1021,STD,B,GBPUSD,SELL,8.91,2025-10-15 12:43:30.302,1.33727,2025-10-15 12:43:30.370,,,,2025-10-15 12:43:30.373,2025-10-15 12:43:30.406,FILLED,8.91,1.33727,,0,
700944,C1038,RAW,B,EURUSD,SELL,0.78,2025-10-15 12:43:45.055,1.16485,2025-10-15 12:43:45.104,,,,2025-10-15 12:43:45.106,2025-10-15 12:43:45.165,FILLED,0.78,1.16485,,0,
700945,C1018,RAW,B,GBPUSD,SELL,1.8,2025-10-15 12:43:45.703,1.33807,2025-10-15 12:43:45.731,,,,2025-10-15 12:43:45.734,2025-10-15 12:43:45.753,FILLED,1.8,1.33807,,0,
700946,C1043,STD,A,GBPUSD,SELL,0.11,2025-10-15 12:43:53.596,1.33722,2025-10-15 12:43:53.612,2025-10-15 12:43:53.614,2025-10-15 12:43:53.615,2025-10-15 12:43:53.737,2025-10-15 12:43:53.739,2025-10-15 12:43:53.802,FILLED,0.11,1.33722,LP_C,1,
700947,C1014,RAW,B,XAUUSD,SELL,2.66,2025-10-15 12:44:04.004,4095.6,2025-10-15 12:44:04.068,,,,2025-10-15 12:44:04.070,2025-10-15 12:44:04.129,FILLED,2.66,4095.6,,0,
700948,C1004,STD,B,EURUSD,SELL,0.52,2025-10-15 12:44:04.596,1.1648,2025-10-15 12:44:04.616,,,,2025-10-15 12:44:04.617,2025-10-15 12:44:04.662,FILLED,0.52,1.16479,,0,
700949,C1030,STD,A,EURUSD,BUY,2.22,2025-10-15 12:44:05.742,1.16498,2025-10-15 12:44:05.800,2025-10-15 12:44:05.802,2025-10-15 12:44:05.804,2025-10-15 12:44:05.930,2025-10-15 12:44:05.933,2025-10-15 12:44:05.987,FILLED,2.22,1.16498,LP_C,1,
700950,C1012,RAW,A,EURUSD,SELL,1.0,2025-10-15 12:44:06.125,1.16487,2025-10-15 12:44:06.184,2025-10-15 12:44:06.187,2025-10-15 12:44:06.187,2025-10-15 12:44:06.338,2025-10-15 12:44:06.341,2025-10-15 12:44:06.394,FILLED,1.0,1.16487,LP_C,1,
700951,C1037,STD,A,EURUSD,BUY,0.08,2025-10-15 12:44:19.564,1.16497,2025-10-15 12:44:19.617,2025-10-15 12:44:19.619,2025-10-15 12:44:19.621,2025-10-15 12:44:19.626,2025-10-15 12:44:19.627,2025-10-15 12:44:19.671,FILLED,0.08,1.16497,LP_A,1,
700952,C1021,STD,B,XAUUSD,SELL,0.82,2025-10-15 12:44:21.879,4095.49,2025-10-15 12:44:21.922,,,,2025-10-15 12:44:21.923,2025-10-15 12:44:21.993,FILLED,0.82,4095.49,,0,
700953,C1036,STD,B,XAUUSD,BUY,0.36,2025-10-15 12:44:25.935,4096.02,2025-10-15 12:44:25.981,,,,2025-10-15 12:44:25.983,2025-10-15 12:44:26.053,FILLED,0.36,4096.02,,0,
700954,C1007,RAW,B,EURUSD,SELL,5.1,2025-10-15 12:44:36.557,1.16488,2025-10-15 12:44:36.593,,,,2025-10-15 12:44:36.597,2025-10-15 12:44:36.636,FILLED,5.1,1.16488,,0,
700955,C1023,RAW,B,EURUSD,SELL,5.8,2025-10-15 12:44:37.952,1.1649,2025-10-15 12:44:37.970,,,,2025-10-15 12:44:37.972,2025-10-15 12:44:37.998,FILLED,5.8,1.1649,,0,
700956,C1056,RAW,A,EURUSD,SELL,1.57,2025-10-15 12:44:44.398,1.16488,2025-10-15 12:44:44.462,2025-10-15 12:44:44.464,2025-10-15 12:44:44.465,2025-10-15 12:44:44.471,2025-10-15 12:44:44.474,2025-10-15 12:44:44.502,FILLED,1.57,1.16489,LP_A,1,
700957,C1046,STD,A,GBPUSD,SELL,0.49,2025-10-15 12:44:48.758,1.33723,2025-10-15 12:44:48.806,2025-10-15 12:44:48.807,2025-10-15 12:44:48.808,2025-10-15 12:44:48.846,2025-10-15 12:44:48.848,2025-10-15 12:44:48.904,FILLED,0.49,1.33723,LP_B,1,
700958,C1057,STD,B,EURUSD,SELL,2.06,2025-10-15 12:44:48.838,1.16481,2025-10-15 12:44:48.876,,,,2025-10-15 12:44:48.878,2025-10-15 12:44:48.896,FILLED,2.06,1.16481,,0,
700959,C1018,RAW,B,XAUUSD,SELL,0.85,2025-10-15 12:44:49.289,4095.59,2025-10-15 12:44:49.336,,,,2025-10-15 12:44:49.340,2025-10-15 12:44:49.407,FILLED,0.85,4095.59,,0,
700960,C1016,STD,A,EURUSD,BUY,0.16,2025-10-15 12:44:51.102,1.16501,2025-10-15 12:44:51.140,2025-10-15 12:44:51.142,2025-10-15 12:44:51.144,2025-10-15 12:44:51.155,2025-10-15 12:44:51.156,2025-10-15 12:44:51.206,FILLED,0.16,1.16501,LP_A,1,
700961,C1032,STD,B,EURUSD,BUY,2.07,2025-10-15 12:44:53.039,1.165,2025-10-15 12:44:53.071,,,,2025-10-15 12:44:53.074,2025-10-15 12:44:53.114,FILLED,2.07,1.165,,0,
700962,C1053,STD,B,EURUSD,SELL,2.57,2025-10-15 12:44:56.081,1.16481,2025-10-15 12:44:56.133,,,,2025-10-15 12:44:56.134,2025-10-15 12:44:56.185,FILLED,2.57,1.16481,,0,
700963,C1030,STD,A,EURUSD,SELL,2.37,2025-10-15 12:45:02.813,1.16484,2025-10-15 12:45:02.862,2025-10-15 12:45:02.864,2025-10-15 12:45:02.866,2025-10-15 12:45:02.983,2025-10-15 12:45:02.984,2025-10-15 12:45:03.050,FILLED,2.37,1.16484,LP_C,1,
700964,C1039,STD,B,XAUUSD,BUY,2.48,2025-10-15 12:45:04.592,4096.27,2025-10-15 12:45:04.655,,,,2025-10-15 12:45:04.658,2025-10-15 12:45:04.704,FILLED,2.48,4096.27,,0,
700965,C1001,RAW,A,EURUSD,BUY,2.0,2025-10-15 12:45:09.750,1.16496,2025-10-15 12:45:09.794,2025-10-15 12:45:09.796,2025-10-15 12:45:09.797,2025-10-15 12:45:09.831,2025-10-15 12:45:09.833,2025-10-15 12:45:09.854,FILLED,2.0,1.16498,LP_B,1,
700966,C1054,RAW,A,XAUUSD,SELL,1.77,2025-10-15 12:45:10.003,4095.91,2025-10-15 12:45:10.061,2025-10-15 12:45:10.063,2025-10-15 12:45:10.063,2025-10-15 12:45:10.213,2025-10-15 12:45:10.215,2025-10-15 12:45:10.231,FILLED,1.77,4095.91,"LP_C,LP_A",2,
700967,C1002,STD,B,XAUUSD,BUY,0.27,2025-10-15 12:45:18.424,4096.29,2025-10-15 12:45:18.488,,,,2025-10-15 12:45:18.491,2025-10-15 12:45:18.516,FILLED,0.27,4096.29,,0,
700968,C1057,STD,B,XAUUSD,BUY,1.72,2025-10-15 12:45:28.556,4096.45,2025-10-15 12:45:28.608,,,,2025-10-15 12:45:28.609,2025-10-15 12:45:28.644,FILLED,1.72,4096.45,,0,
700969,C1058,RAW,B,GBPUSD,SELL,0.6,2025-10-15 12:45:28.819,1.33802,2025-10-15 12:45:28.835,,,,2025-10-15 12:45:28.839,2025-10-15 12:45:28.863,FILLED,0.6,1.33802,,0,
700970,C1023,RAW,B,XAUUSD,BUY,9.4,2025-10-15 12:45:30.837,4096.32,2025-10-15 12:45:30.890,,,,2025-10-15 12:45:30.893,2025-10-15 12:45:30.961,FILLED,9.4,4096.32,,0,
700971,C1036,STD,B,EURUSD,SELL,2.47,2025-10-15 12:45:32.371,1.16485,2025-10-15 12:45:32.423,,,,2025-10-15 12:45:32.426,2025-10-15 12:45:32.486,FILLED,2.47,1.16485,,0,
700972,C1017,STD,B,XAUUSD,BUY,0.47,2025-10-15 12:45:33.025,4096.52,2025-10-15 12:45:33.080,,,,2025-10-15 12:45:33.083,2025-10-15 12:45:33.149,FILLED,0.47,4096.52,,0,
700973,C1028,STD,A,EURUSD,SELL,0.21,2025-10-15 12:45:40.491,1.16483,2025-10-15 12:45:40.521,2025-10-15 12:45:40.523,2025-10-15 12:45:40.525,2025-10-15 12:45:40.695,2025-10-15 12:45:40.696,2025-10-15 12:45:40.752,FILLED,0.21,1.16481,LP_A,2,
700974,C1044,STD,A,EURUSD,BUY,0.32,2025-10-15 12:45:41.991,1.165,2025-10-15 12:45:42.054,2025-10-15 12:45:42.056,2025-10-15 12:45:42.058,2025-10-15 12:45:42.206,2025-10-15 12:45:42.209,2025-10-15 12:45:42.249,FILLED,0.32,1.165,LP_C,1,
700975,C1006,STD,B,XAUUSD,SELL,0.31,2025-10-15 12:45:45.006,4095.85,2025-10-15 12:45:45.052,,,,2025-10-15 12:45:45.054,2025-10-15 12:45:45.084,FILLED,0.31,4095.85,,0,
700976,C1024,STD,B,GBPUSD,BUY,5.04,2025-10-15 12:45:47.708,1.33879,2025-10-15 12:45:47.762,,,,2025-10-15 12:45:47.765,2025-10-15 12:45:47.821,FILLED,5.04,1.33879,,0,
700977,C1008,STD,A,GBPUSD,SELL,0.34,2025-10-15 12:45:49.275,1.33714,2025-10-15 12:45:49.312,2025-10-15 12:45:49.314,2025-10-15 12:45:49.315,2025-10-15 12:45:49.322,2025-10-15 12:45:49.323,2025-10-15 12:45:49.375,FILLED,0.34,1.33714,LP_A,1,
700978,C1023,RAW,B,XAUUSD,BUY,4.2,2025-10-15 12:45:50.184,4096.16,2025-10-15 12:45:50.250,,,,2025-10-15 12:45:50.254,2025-10-15 12:45:50.293,FILLED,4.2,4096.16,,0,
700979,C1025,STD,B,EURUSD,BUY,0.95,2025-10-15 12:45:54.151,1.16503,2025-10-15 12:45:54.189,,,,2025-10-15 12:45:54.191,2025-10-15 12:45:54.221,FILLED,0.95,1.16503,,0,
700980,C1048,STD,B,XAUUSD,BUY,0.28,2025-10-15 12:46:02.136,4096.57,2025-10-15 12:46:02.165,,,,2025-10-15 12:46:02.166,2025-10-15 12:46:02.198,FILLED,0.28,4096.57,,0,
700981,C1023,RAW,B,EURUSD,BUY,9.5,2025-10-15 12:46:05.269,1.16495,2025-10-15 12:46:05.332,,,,2025-10-15 12:46:05.335,2025-10-15 12:46:05.375,FILLED,9.5,1.16495,,0,
700982,C1036,STD,B,XAUUSD,BUY,2.1,2025-10-15 12:46:08.941,4096.47,2025-10-15 12:46:08.975,,,,2025-10-15 12:46:08.977,2025-10-15 12:46:09.045,FILLED,2.1,4096.47,,0,
700983,C1025,STD,B,EURUSD,SELL,0.47,2025-10-15 12:46:10.406,1.16484,2025-10-15 12:46:10.434,,,,2025-10-15 12:46:10.437,2025-10-15 12:46:10.458,FILLED,0.47,1.16484,,0,
700984,C1058,RAW,B,XAUUSD,BUY,0.3,2025-10-15 12:46:19.644,4096.15,2025-10-15 12:46:19.698,,,,2025-10-15 12:46:19.701,2025-10-15 12:46:19.746,FILLED,0.3,4096.15,,0,
700985,C1058,RAW,B,XAUUSD,SELL,0.33,2025-10-15 12:46:21.607,4095.93,2025-10-15 12:46:21.624,,,,2025-10-15 12:46:21.628,2025-10-15 12:46:21.683,FILLED,0.33,4095.93,,0,
700986,C1029,STD,B,EURUSD,SELL,1.65,2025-10-15 12:46:35.939,1.16488,2025-10-15 12:46:35.984,,,,2025-10-15 12:46:35.988,2025-10-15 12:46:36.042,FILLED,1.65,1.16488,,0,
700987,C1010,RAW,A,XAUUSD,SELL,0.75,2025-10-15 12:46:38.357,4095.89,2025-10-15 12:46:38.411,2025-10-15 12:46:38.413,2025-10-15 12:46:38.414,2025-10-15 12:46:38.593,2025-10-15 12:46:38.594,2025-10-15 12:46:38.630,FILLED,0.75,4095.8,LP_B,2,
700988,C1038,RAW,B,GBPUSD,SELL,6.31,2025-10-15 12:46:39.322,1.33805,2025-10-15 12:46:39.350,,,,2025-10-15 12:46:39.352,2025-10-15 12:46:39.403,FILLED,6.31,1.33805,,0,
700989,C1050,STD,A,EURUSD,SELL,0.16,2025-10-15 12:46:43.310,1.16485,2025-10-15 12:46:43.327,2025-10-15 12:46:43.329,2025-10-15 12:46:43.330,2025-10-15 12:46:43.336,2025-10-15 12:46:43.338,2025-10-15 12:46:43.391,FILLED,0.16,1.16485,LP_A,1,
700990,C1055,STD,A,EURUSD,BUY,0.29,2025-10-15 12:46:52.414,1.16503,2025-10-15 12:46:52.432,2025-10-15 12:46:52.435,2025-10-15 12:46:52.436,2025-10-15 12:46:52.574,2025-10-15 12:46:52.576,2025-10-15 12:46:52.634,FILLED,0.29,1.16503,LP_C,1,
700991,C1049,STD,A,EURUSD,BUY,1.02,2025-10-15 12:47:29.450,1.16506,2025-10-15 12:47:29.496,2025-10-15 12:47:29.498,2025-10-15 12:47:29.499,2025-10-15 12:47:29.631,2025-10-15 12:47:29.632,2025-10-15 12:47:29.672,FILLED,1.02,1.16507,LP_A,2,
700992,C1042,STD,A,GBPUSD,SELL,13.4,2025-10-15 12:47:30.155,1.33718,2025-10-15 12:47:30.195,2025-10-15 12:47:30.197,2025-10-15 12:47:30.198,2025-10-15 12:47:30.311,2025-10-15 12:47:30.314,2025-10-15 12:47:30.372,FILLED,13.4,1.3372,LP_C,1,
700993,C1021,STD,B,XAUUSD,BUY,0.48,2025-10-15 12:47:33.248,4095.9,2025-10-15 12:47:33.295,,,,2025-10-15 12:47:33.297,2025-10-15 12:47:33.320,FILLED,0.48,4095.9,,0,
700994,C1011,STD,B,EURUSD,BUY,1.34,2025-10-15 12:47:35.833,1.16507,2025-10-15 12:47:35.890,,,,2025-10-15 12:47:35.893,2025-10-15 12:47:35.921,FILLED,1.34,1.16507,,0,
700995,C1041,RAW,A,XAUUSD,SELL,2.9,2025-10-15 12:47:36.674,4095.46,2025-10-15 12:47:36.715,2025-10-15 12:47:36.716,2025-10-15 12:47:36.716,2025-10-15 12:47:36.870,2025-10-15 12:47:36.871,2025-10-15 12:47:36.895,FILLED,2.9,4095.42,LP_A,2,
700996,C1013,STD,A,EURUSD,SELL,0.19,2025-10-15 12:47:39.056,1.16488,2025-10-15 12:47:39.082,2025-10-15 12:47:39.083,2025-10-15 12:47:39.085,2025-10-15 12:47:39.092,2025-10-15 12:47:39.094,2025-10-15 12:47:39.133,FILLED,0.19,1.16488,LP_A,1,
700997,C1028,STD,A,EURUSD,BUY,3.1,2025-10-15 12:47:44.731,1.16507,2025-10-15 12:47:44.767,2025-10-15 12:47:44.769,2025-10-15 12:47:44.771,2025-10-15 12:47:44.915,2025-10-15 12:47:44.917,2025-10-15 12:47:44.936,FILLED,3.1,1.16507,LP_C,1,
700998,C1055,STD,A,XAUUSD,SELL,1.12,2025-10-15 12:47:49.259,4094.95,2025-10-15 12:47:49.296,2025-10-15 12:47:49.297,2025-10-15 12:47:49.299,2025-10-15 12:47:49.439,2025-10-15 12:47:49.441,2025-10-15 12:47:49.465,FILLED,1.12,4094.95,"LP_C,LP_A",2,
700999,C1057,STD,B,EURUSD,SELL,1.99,2025-10-15 12:47:54.687,1.16488,2025-10-15 12:47:54.728,,,,2025-10-15 12:47:54.732,2025-10-15 12:47:54.786,FILLED,1.99,1.16488,,0,
701000,C1047,STD,A,XAUUSD,SELL,1.16,2025-10-15 12:47:55.544,4095.05,2025-10-15 12:47:55.568,2025-10-15 12:47:55.569,2025-10-15 12:47:55.571,2025-10-15 12:47:55.677,2025-10-15 12:47:55.678,2025-10-15 12:47:55.732,FILLED,1.16,4095.05,LP_C,1,
701001,C1029,STD,B,XAUUSD,SELL,0.89,2025-10-15 12:47:59.151,4094.98,2025-10-15 12:47:59.171,,,,2025-10-15 12:47:59.173,2025-10-15 12:47:59.226,FILLED,0.89,4094.98,,0,
701002,C1032,STD,B,XAUUSD,SELL,3.21,2025-10-15 12:48:01.391,4094.98,2025-10-15 12:48:01.460,,,,2025-10-15 12:48:01.463,2025-10-15 12:48:01.484,FILLED,3.21,4094.98,,0,
701003,C1004,STD,B,EURUSD,BUY,0.75,2025-10-15 12:48:07.107,1.16507,2025-10-15 12:48:07.126,,,,2025-10-15 12:48:07.130,2025-10-15 12:48:07.177,FILLED,0.75,1.16507,,0,
701004,C1021,STD,B,XAUUSD,BUY,0.27,2025-10-15 12:48:15.482,4095.59,2025-10-15 12:48:15.500,,,,2025-10-15 12:48:15.504,2025-10-15 12:48:15.558,FILLED,0.27,4095.59,,0,
701005,C1020,STD,B,GBPUSD,BUY,4.01,2025-10-15 12:48:16.385,1.33883,2025-10-15 12:48:16.403,,,,2025-10-15 12:48:16.406,2025-10-15 12:48:16.436,FILLED,4.01,1.33883,,0,
701006,C1048,STD,B,GBPUSD,SELL,0.52,2025-10-15 12:48:30.959,1.33719,2025-10-15 12:48:30.996,,,,2025-10-15 12:48:31.000,2025-10-15 12:48:31.040,FILLED,0.52,1.33719,,0,
701007,C1056,RAW,A,EURUSD,SELL,5.11,2025-10-15 12:48:48.407,1.16495,2025-10-15 12:48:48.435,2025-10-15 12:48:48.437,2025-10-15 12:48:48.438,2025-10-15 12:48:48.444,2025-10-15 12:48:48.446,2025-10-15 12:48:48.491,FILLED,5.11,1.16494,LP_A,1,
701008,C1036,STD,B,XAUUSD,BUY,0.26,2025-10-15 12:48:57.426,4095.52,2025-10-15 12:48:57.442,,,,2025-10-15 12:48:57.446,2025-10-15 12:48:57.492,FILLED,0.26,4095.52,,0,
701009,C1055,STD,A,EURUSD,SELL,6.1,2025-10-15 12:49:04.133,1.16492,2025-10-15 12:49:04.160,2025-10-15 12:49:04.161,2025-10-15 12:49:04.163,2025-10-15 12:49:04.270,2025-10-15 12:49:04.272,2025-10-15 12:49:04.302,FILLED,6.1,1.16492,LP_C,1,
701010,C1020,STD,B,GBPUSD,BUY,0.22,2025-10-15 12:49:12.423,1.33888,2025-10-15 12:49:12.460,,,,2025-10-15 12:49:12.462,2025-10-15 12:49:12.496,FILLED,0.22,1.33888,,0,
701011,C1005,RAW,B,EURUSD,BUY,1.48,2025-10-15 12:49:25.334,1.16502,2025-10-15 12:49:25.388,,,,2025-10-15 12:49:25.391,2025-10-15 12:49:25.425,FILLED,1.48,1.16502,,0,
701012,C1023,RAW,B,XAUUSD,BUY,2.7,2025-10-15 12:49:29.150,4094.83,2025-10-15 12:49:29.168,,,,2025-10-15 12:49:29.169,2025-10-15 12:49:29.224,FILLED,2.7,4094.83,,0,
701013,C1058,RAW,B,XAUUSD,BUY,0.73,2025-10-15 12:49:47.980,4095.13,2025-10-15 12:49:48.040,,,,2025-10-15 12:49:48.043,2025-10-15 12:49:48.086,FILLED,0.73,4095.13,,0,
701014,C1029,STD,B,XAUUSD,SELL,1.34,2025-10-15 12:49:53.945,4094.93,2025-10-15 12:49:53.966,,,,2025-10-15 12:49:53.969,2025-10-15 12:49:53.988,FILLED,1.34,4094.93,,0,
701015,C1023,RAW,B,XAUUSD,SELL,2.6,2025-10-15 12:50:02.788,4095.29,2025-10-15 12:50:02.835,,,,2025-10-15 12:50:02.836,2025-10-15 12:50:02.903,FILLED,2.6,4095.29,,0,
701016,C1045,RAW,B,EURUSD,SELL,7.03,2025-10-15 12:50:06.001,1.16505,2025-10-15 12:50:06.036,,,,2025-10-15 12:50:06.038,2025-10-15 12:50:06.098,FILLED,7.03,1.16505,,0,
701017,C1050,STD,A,XAUUSD,BUY,1.45,2025-10-15 12:50:11.364,4095.77,2025-10-15 12:50:11.394,2025-10-15 12:50:11.396,2025-10-15 12:50:11.398,2025-10-15 12:50:11.515,2025-10-15 12:50:11.517,2025-10-15 12:50:11.536,FILLED,1.45,4095.92,LP_A,2,
701018,C1028,STD,A,EURUSD,BUY,2.05,2025-10-15 12:50:11.762,1.16515,2025-10-15 12:50:11.777,2025-10-15 12:50:11.778,2025-10-15 12:50:11.780,2025-10-15 12:50:11.787,2025-10-15 12:50:11.790,2025-10-15 12:50:11.847,FILLED,2.05,1.16515,LP_A,1,
701019,C1007,RAW,B,EURUSD,BUY,2.6,2025-10-15 12:50:23.272,1.16507,2025-10-15 12:50:23.324,,,,2025-10-15 12:50:23.328,2025-10-15 12:50:23.362,FILLED,2.6,1.16507,,0,
701020,C1031,STD,A,EURUSD,BUY,3.1,2025-10-15 12:50:25.357,1.16515,2025-10-15 12:50:25.378,2025-10-15 12:50:25.381,2025-10-15 12:50:25.381,2025-10-15 12:50:25.387,2025-10-15 12:50:25.390,2025-10-15 12:50:25.451,FILLED,3.1,1.16515,LP_A,1,
701021,C1005,RAW,B,EURUSD,BUY,4.53,2025-10-15 12:50:28.681,1.16508,2025-10-15 12:50:28.737,,,,2025-10-15 12:50:28.739,2025-10-15 12:50:28.774,FILLED,4.53,1.16508,,0,
701022,C1058,RAW,B,XAUUSD,BUY,1.6,2025-10-15 12:50:30.749,4095.55,2025-10-15 12:50:30.801,,,,2025-10-15 12:50:30.803,2025-10-15 12:50:30.867,FILLED,1.6,4095.55,,0,
701023,C1060,STD,B,XAUUSD,BUY,7.26,2025-10-15 12:50:36.470,4095.96,2025-10-15 12:50:36.507,,,,2025-10-15 12:50:36.509,2025-10-15 12:50:36.579,FILLED,7.26,4095.96,,0,
701024,C1022,STD,B,EURUSD,BUY,0.57,2025-10-15 12:50:38.882,1.16516,2025-10-15 12:50:38.917,,,,2025-10-15 12:50:38.920,2025-10-15 12:50:38.973,FILLED,0.57,1.16516,,0,
701025,C1012,RAW,A,GBPUSD,SELL,3.6,2025-10-15 12:50:39.150,1.33819,2025-10-15 12:50:39.171,2025-10-15 12:50:39.172,2025-10-15 12:50:39.174,2025-10-15 12:50:39.304,2025-10-15 12:50:39.307,2025-10-15 12:50:39.374,FILLED,3.6,1.33819,LP_C,1,
701026,C1016,STD,A,EURUSD,SELL,1.54,2025-10-15 12:50:46.934,1.16499,2025-10-15 12:50:46.950,2025-10-15 12:50:46.953,2025-10-15 12:50:46.954,2025-10-15 12:50:47.089,2025-10-15 12:50:47.092,2025-10-15 12:50:47.158,FILLED,1.54,1.16499,LP_C,1,
701027,C1041,RAW,A,XAUUSD,BUY,4.2,2025-10-15 12:50:47.048,4095.75,2025-10-15 12:50:47.074,2025-10-15 12:50:47.075,2025-10-15 12:50:47.076,2025-10-15 12:50:47.231,2025-10-15 12:50:47.233,2025-10-15 12:50:47.250,FILLED,4.2,4095.75,"LP_B,LP_C,LP_A",3,
701028,C1029,STD,B,XAUUSD,BUY,0.18,2025-10-15 12:50:59.641,4096.06,2025-10-15 12:50:59.710,,,,2025-10-15 12:50:59.713,2025-10-15 12:50:59.759,FILLED,0.18,4096.06,,0,
701029,C1028,STD,A,GBPUSD,BUY,0.45,2025-10-15 12:51:16.498,1.33908,2025-10-15 12:51:16.547,2025-10-15 12:51:16.550,2025-10-15 12:51:16.550,2025-10-15 12:51:16.560,2025-10-15 12:51:16.562,2025-10-15 12:51:16.584,FILLED,0.45,1.33908,LP_A,1,
701030,C1053,STD,B,XAUUSD,BUY,0.26,2025-10-15 12:51:16.533,4096.16,2025-10-15 12:51:16.577,,,,2025-10-15 12:51:16.581,2025-10-15 12:51:16.630,FILLED,0.26,4096.16,,0,
701031,C1030,STD,A,EURUSD,BUY,0.6,2025-10-15 12:51:26.512,1.16514,2025-10-15 12:51:26.580,2025-10-15 12:51:26.582,2025-10-15 12:51:26.583,2025-10-15 12:51:26.746,2025-10-15 12:51:26.748,2025-10-15 12:51:26.787,FILLED,0.6,1.16516,LP_A,2,
701032,C1022,STD,B,XAUUSD,BUY,1.51,2025-10-15 12:51:29.790,4096.51,2025-10-15 12:51:29.845,,,,2025-10-15 12:51:29.849,2025-10-15 12:51:29.881,FILLED,1.51,4096.51,,0,
701033,C1007,RAW,B,XAUUSD,BUY,6.4,2025-10-15 12:51:41.250,4096.25,2025-10-15 12:51:41.270,,,,2025-10-15 12:51:41.272,2025-10-15 12:51:41.330,FILLED,6.4,4096.25,,0,
701034,C1030,STD,A,XAUUSD,SELL,1.53,2025-10-15 12:51:43.463,4095.88,2025-10-15 12:51:43.485,2025-10-15 12:51:43.486,2025-10-15 12:51:43.487,2025-10-15 12:51:43.495,2025-10-15 12:51:43.496,2025-10-15 12:51:43.528,FILLED,1.53,4095.88,LP_A,1,
701035,C1040,STD,A,XAUUSD,BUY,0.3,2025-10-15 12:51:44.087,4096.47,2025-10-15 12:51:44.144,2025-10-15 12:51:44.146,2025-10-15 12:51:44.148,2025-10-15 12:51:44.184,2025-10-15 12:51:44.187,2025-10-15 12:51:44.205,FILLED,0.3,4096.46,LP_B,1,
701036,C1023,RAW,B,XAUUSD,SELL,5.7,2025-10-15 12:51:45.333,4096.03,2025-10-15 12:51:45.379,,,,2025-10-15 12:51:45.381,2025-10-15 12:51:45.417,FILLED,5.7,4096.03,,0,
701037,C1040,STD,A,XAUUSD,SELL,0.78,2025-10-15 12:52:13.265,4096.5,2025-10-15 12:52:13.330,2025-10-15 12:52:13.333,2025-10-15 12:52:13.335,2025-10-15 12:52:13.491,2025-10-15 12:52:13.493,2025-10-15 12:52:13.534,FILLED,0.78,4096.5,LP_C,1,
701038,C1056,RAW,A,GBPUSD,SELL,0.38,2025-10-15 12:52:24.775,1.33827,2025-10-15 12:52:24.814,2025-10-15 12:52:24.816,2025-10-15 12:52:24.817,2025-10-15 12:52:24.992,2025-10-15 12:52:24.994,2025-10-15 12:52:25.025,FILLED,0.38,1.33826,LP_B,2,
701039,C1019,STD,A,GBPUSD,BUY,1.71,2025-10-15 12:52:27.616,1.33909,2025-10-15 12:52:27.672,2025-10-15 12:52:27.674,2025-10-15 12:52:27.676,2025-10-15 12:52:27.684,2025-10-15 12:52:27.687,2025-10-15 12:52:27.714,FILLED,1.71,1.33909,LP_A,1,
701040,C1016,STD,A,XAUUSD,SELL,0.88,2025-10-15 12:52:36.758,4096.74,2025-10-15 12:52:36.823,2025-10-15 12:52:36.825,2025-10-15 12:52:36.827,2025-10-15 12:52:36.959,2025-10-15 12:52:36.961,2025-10-15 12:52:37.015,FILLED,0.88,4096.74,LP_C,1,
701041,C1023,RAW,B,EURUSD,BUY,3.0,2025-10-15 12:52:37.976,1.16506,2025-10-15 12:52:38.043,,,,2025-10-15 12:52:38.047,2025-10-15 12:52:38.112,FILLED,3.0,1.16507,,0,
701042,C1026,RAW,B,GBPUSD,BUY,0.71,2025-10-15 12:52:41.637,1.33828,2025-10-15 12:52:41.665,,,,2025-10-15 12:52:41.666,2025-10-15 12:52:41.687,FILLED,0.71,1.33828,,0,
701043,C1054,RAW,A,XAUUSD,SELL,1.09,2025-10-15 12:52:45.259,4096.89,2025-10-15 12:52:45.314,2025-10-15 12:52:45.316,2025-10-15 12:52:45.317,2025-10-15 12:52:45.356,2025-10-15 12:52:45.359,2025-10-15 12:52:45.413,FILLED,1.09,4096.89,LP_B,1,
701044,C1040,STD,A,EURUSD,BUY,1.6,2025-10-15 12:52:47.012,1.16513,2025-10-15 12:52:47.045,2025-10-15 12:52:47.047,2025-10-15 12:52:47.049,2025-10-15 12:52:47.055,2025-10-15 12:52:47.056,2025-10-15 12:52:47.087,FILLED,1.6,1.16513,LP_A,1,
701045,C1001,RAW,A,EURUSD,BUY,0.8,2025-10-15 12:52:47.179,1.16505,2025-10-15 12:52:47.224,2025-10-15 12:52:47.226,2025-10-15 12:52:47.227,2025-10-15 12:52:47.236,2025-10-15 12:52:47.237,2025-10-15 12:52:47.257,FILLED,0.8,1.16505,LP_A,1,
701046,C1030,STD,A,EURUSD,SELL,0.51,2025-10-15 12:52:59.748,1.16493,2025-10-15 12:52:59.780,2025-10-15 12:52:59.781,2025-10-15 12:52:59.783,2025-10-15 12:52:59.794,2025-10-15 12:52:59.796,2025-10-15 12:52:59.839,FILLED,0.51,1.16493,LP_A,1,
701047,C1038,RAW,B,EURUSD,BUY,1.03,2025-10-15 12:53:02.001,1.16503,2025-10-15 12:53:02.034,,,,2025-10-15 12:53:02.037,2025-10-15 12:53:02.097,FILLED,1.03,1.16503,,0,
701048,C1021,STD,B,XAUUSD,SELL,1.29,2025-10-15 12:53:03.532,4096.78,2025-10-15 12:53:03.577,,,,2025-10-15 12:53:03.579,2025-10-15 12:53:03.616,FILLED,1.29,4096.78,,0,
701049,C1059,STD,B,EURUSD,SELL,5.01,2025-10-15 12:53:18.565,1.16496,2025-10-15 12:53:18.608,,,,2025-10-15 12:53:18.610,2025-10-15 12:53:18.672,FILLED,5.01,1.16496,,0,
701050,C1015,STD,B,GBPUSD,BUY,1.87,2025-10-15 12:53:21.674,1.33909,2025-10-15 12:53:21.730,,,,2025-10-15 12:53:21.733,2025-10-15 12:53:21.750,FILLED,1.87,1.33909,,0,
701051,C1039,STD,B,EURUSD,SELL,0.2,2025-10-15 12:53:24.787,1.16497,2025-10-15 12:53:24.813,,,,2025-10-15 12:53:24.817,2025-10-15 12:53:24.838,FILLED,0.2,1.16497,,0,
701052,C1022,STD,B,XAUUSD,SELL,0.5,2025-10-15 12:53:35.450,4096.92,2025-10-15 12:53:35.467,,,,2025-10-15 12:53:35.469,2025-10-15 12:53:35.492,FILLED,0.5,4096.92,,0,
701053,C1023,RAW,B,XAUUSD,BUY,5.5,2025-10-15 12:53:39.899,4097.17,2025-10-15 12:53:39.961,,,,2025-10-15 12:53:39.964,2025-10-15 12:53:39.999,FILLED,5.5,4097.17,,0,
701054,C1047,STD,A,EURUSD,SELL,5.09,2025-10-15 12:53:40.288,1.16495,2025-10-15 12:53:40.314,2025-10-15 12:53:40.315,2025-10-15 12:53:40.317,2025-10-15 12:53:40.323,2025-10-15 12:53:40.324,2025-10-15 12:53:40.350,FILLED,5.09,1.16495,LP_A,1,
701055,C1050,STD,A,EURUSD,SELL,0.92,2025-10-15 12:53:41.215,1.16495,2025-10-15 12:53:41.247,2025-10-15 12:53:41.250,2025-10-15 12:53:41.251,2025-10-15 12:53:41.258,2025-10-15 12:53:41.260,2025-10-15 12:53:41.326,FILLED,0.92,1.16495,LP_A,1,
701056,C1028,STD,A,EURUSD,SELL,0.56,2025-10-15 12:53:57.046,1.16496,2025-10-15 12:53:57.115,2025-10-15 12:53:57.117,2025-10-15 12:53:57.117,2025-10-15 12:53:57.234,2025-10-15 12:53:57.235,2025-10-15 12:53:57.300,FILLED,0.56,1.16495,LP_A,2,
701057,C1058,RAW,B,EURUSD,SELL,0.18,2025-10-15 12:54:03.200,1.165,2025-10-15 12:54:03.255,,,,2025-10-15 12:54:03.257,2025-10-15 12:54:03.307,FILLED,0.18,1.165,,0,
701058,C1023,RAW,B,EURUSD,SELL,8.1,2025-10-15 12:54:06.163,1.165,2025-10-15 12:54:06.215,,,,2025-10-15 12:54:06.216,2025-10-15 12:54:06.285,FILLED,8.1,1.165,,0,
701059,C1013,STD,A,EURUSD,BUY,1.48,2025-10-15 12:54:06.227,1.16511,2025-10-15 12:54:06.278,2025-10-15 12:54:06.280,2025-10-15 12:54:06.281,2025-10-15 12:54:06.405,2025-10-15 12:54:06.406,2025-10-15 12:54:06.459,FILLED,1.48,1.16511,LP_C,1,
701060,C1032,STD,B,EURUSD,BUY,0.91,2025-10-15 12:54:10.954,1.1651,2025-10-15 12:54:10.987,,,,2025-10-15 12:54:10.990,2025-10-15 12:54:11.020,FILLED,0.91,1.1651,,0,
701061,C1047,STD,A,XAUUSD,SELL,0.33,2025-10-15 12:54:15.320,4096.95,2025-10-15 12:54:15.387,2025-10-15 12:54:15.389,2025-10-15 12:54:15.390,2025-10-15 12:54:15.509,2025-10-15 12:54:15.511,2025-10-15 12:54:15.556,FILLED,0.33,4096.95,LP_C,1,
701062,C1056,RAW,A,GBPUSD,BUY,0.81,2025-10-15 12:54:18.542,1.33828,2025-10-15 12:54:18.571,2025-10-15 12:54:18.574,2025-10-15 12:54:18.574,2025-10-15 12:54:18.582,2025-10-15 12:54:18.583,2025-10-15 12:54:18.636,FILLED,0.81,1.33828,LP_A,1,
701063,C1011,STD,B,EURUSD,SELL,0.5,2025-10-15 12:54:20.252,1.16491,2025-10-15 12:54:20.268,,,,2025-10-15 12:54:20.271,2025-10-15 12:54:20.335,FILLED,0.5,1.16491,,0,
701064,C1025,STD,B,XAUUSD,BUY,1.84,2025-10-15 12:54:21.065,4097.47,2025-10-15 12:54:21.120,,,,2025-10-15 12:54:21.123,2025-10-15 12:54:21.170,FILLED,1.84,4097.47,,0,
701065,C1013,STD,A,XAUUSD,BUY,1.42,2025-10-15 12:54:22.168,4097.47,2025-10-15 12:54:22.213,2025-10-15 12:54:22.215,2025-10-15 12:54:22.216,2025-10-15 12:54:22.342,2025-10-15 12:54:22.343,2025-10-15 12:54:22.363,FILLED,1.42,4097.53,LP_A,2,
701066,C1008,STD,A,EURUSD,BUY,3.91,2025-10-15 12:54:26.360,1.16509,2025-10-15 12:54:26.430,2025-10-15 12:54:26.432,2025-10-15 12:54:26.432,2025-10-15 12:54:26.538,2025-10-15 12:54:26.540,2025-10-15 12:54:26.576,FILLED,3.91,1.16509,LP_C,1,
701067,C1047,STD,A,GBPUSD,SELL,0.22,2025-10-15 12:54:32.297,1.33747,2025-10-15 12:54:32.357,2025-10-15 12:54:32.359,2025-10-15 12:54:32.360,2025-10-15 12:54:32.476,2025-10-15 12:54:32.477,2025-10-15 12:54:32.537,FILLED,0.22,1.33747,LP_C,1,
701068,C1027,STD,B,EURUSD,BUY,0.94,2025-10-15 12:54:33.664,1.16507,2025-10-15 12:54:33.710,,,,2025-10-15 12:54:33.713,2025-10-15 12:54:33.735,FILLED,0.94,1.16507,,0,
701069,C1019,STD,A,GBPUSD,BUY,1.5,2025-10-15 12:54:34.656,1.33914,2025-10-15 12:54:34.706,2025-10-15 12:54:34.708,2025-10-15 12:54:34.709,2025-10-15 12:54:34.828,2025-10-15 12:54:34.830,2025-10-15 12:54:34.877,FILLED,1.5,1.33916,LP_A,2,
701070,C1055,STD,A,EURUSD,BUY,0.06,2025-10-15 12:54:37.107,1.16507,2025-10-15 12:54:37.169,2025-10-15 12:54:37.171,2025-10-15 12:54:37.172,2025-10-15 12:54:37.329,2025-10-15 12:54:37.332,2025-10-15 12:54:37.364,FILLED,0.06,1.16507,LP_C,1,
701071,C1050,STD,A,XAUUSD,BUY,0.12,2025-10-15 12:54:47.718,4097.64,2025-10-15 12:54:47.766,2025-10-15 12:54:47.768,2025-10-15 12:54:47.769,2025-10-15 12:54:47.910,2025-10-15 12:54:47.912,2025-10-15 12:54:47.965,FILLED,0.12,4097.64,LP_C,1,
701072,C1031,STD,A,EURUSD,SELL,0.34,2025-10-15 12:54:51.979,1.16493,2025-10-15 12:54:51.995,2025-10-15 12:54:51.998,2025-10-15 12:54:51.999,2025-10-15 12:54:52.146,2025-10-15 12:54:52.147,2025-10-15 12:54:52.208,FILLED,0.34,1.16493,LP_C,1,
701073,C1033,STD,B,GBPUSD,SELL,3.38,2025-10-15 12:54:54.987,1.3375,2025-10-15 12:54:55.014,,,,2025-10-15 12:54:55.016,2025-10-15 12:54:55.055,FILLED,3.38,1.3375,,0,
701074,C1035,STD,B,EURUSD,SELL,3.43,2025-10-15 12:55:05.497,1.16496,2025-10-15 12:55:05.514,,,,2025-10-15 12:55:05.515,2025-10-15 12:55:05.561,FILLED,3.43,1.16496,,0,
701075,C1025,STD,B,EURUSD,SELL,8.42,2025-10-15 12:55:13.153,1.16495,2025-10-15 12:55:13.171,,,,2025-10-15 12:55:13.174,2025-10-15 12:55:13.227,FILLED,8.42,1.16495,,0,
701076,C1051,STD,A,XAUUSD,SELL,3.44,2025-10-15 12:55:30.819,4096.67,2025-10-15 12:55:30.835,2025-10-15 12:55:30.837,2025-10-15 12:55:30.838,2025-10-15 12:55:31.027,2025-10-15 12:55:31.030,2025-10-15 12:55:31.047,FILLED,3.44,4096.66,"LP_A,LP_B",3,
701077,C1041,RAW,A,XAUUSD,SELL,4.9,2025-10-15 12:55:37.135,4096.59,2025-10-15 12:55:37.157,2025-10-15 12:55:37.159,2025-10-15 12:55:37.159,2025-10-15 12:55:37.210,2025-10-15 12:55:37.212,2025-10-15 12:55:37.254,FILLED,4.9,4096.57,"LP_A,LP_B",2,
701078,C1051,STD,A,EURUSD,BUY,0.41,2025-10-15 12:55:38.143,1.16514,2025-10-15 12:55:38.166,2025-10-15 12:55:38.168,2025-10-15 12:55:38.169,2025-10-15 12:55:38.294,2025-10-15 12:55:38.297,2025-10-15 12:55:38.351,FILLED,0.41,1.16514,LP_C,1,
701079,C1024,STD,B,XAUUSD,BUY,0.31,2025-10-15 12:55:42.744,4096.87,2025-10-15 12:55:42.789,,,,2025-10-15 12:55:42.790,2025-10-15 12:55:42.843,FILLED,0.31,4096.87,,0,
701080,C1007,RAW,B,XAUUSD,BUY,6.6,2025-10-15 12:55:44.856,4096.7,2025-10-15 12:55:44.892,,,,2025-10-15 12:55:44.896,2025-10-15 12:55:44.947,FILLED,6.6,4096.7,,0,
701081,C1039,STD,B,XAUUSD,SELL,3.13,2025-10-15 12:55:50.603,4096.32,2025-10-15 12:55:50.634,,,,2025-10-15 12:55:50.637,2025-10-15 12:55:50.657,FILLED,3.13,4096.32,,0,
701082,C1044,STD,A,EURUSD,BUY,2.81,2025-10-15 12:55:53.732,1.16517,2025-10-15 12:55:53.775,2025-10-15 12:55:53.778,2025-10-15 12:55:53.778,2025-10-15 12:55:53.896,2025-10-15 12:55:53.899,2025-10-15 12:55:53.917,FILLED,2.81,1.16517,LP_C,1,
701083,C1029,STD,B,EURUSD,BUY,0.49,2025-10-15 12:56:04.166,1.16514,2025-10-15 12:56:04.198,,,,2025-10-15 12:56:04.199,2025-10-15 12:56:04.230,FILLED,0.49,1.16514,,0,
701084,C1022,STD,B,XAUUSD,BUY,1.67,2025-10-15 12:56:14.048,4096.8,2025-10-15 12:56:14.074,,,,2025-10-15 12:56:14.078,2025-10-15 12:56:14.128,FILLED,1.67,4096.8,,0,
701085,C1009,RAW,B,XAUUSD,SELL,1.1,2025-10-15 12:56:14.093,4096.5,2025-10-15 12:56:14.127,,,,2025-10-15 12:56:14.131,2025-10-15 12:56:14.178,FILLED,1.1,4096.5,,0,
701086,C1033,STD,B,XAUUSD,SELL,0.47,2025-10-15 12:56:17.663,4096.07,2025-10-15 12:56:17.687,,,,2025-10-15 12:56:17.689,2025-10-15 12:56:17.750,FILLED,0.47,4096.07,,0,
701087,C1048,STD,B,GBPUSD,SELL,0.46,2025-10-15 12:56:17.957,1.33742,2025-10-15 12:56:18.006,,,,2025-10-15 12:56:18.009,2025-10-15 12:56:18.047,FILLED,0.46,1.33742,,0,
701088,C1021,STD,B,EURUSD,BUY,0.47,2025-10-15 12:56:25.463,1.16516,2025-10-15 12:56:25.481,,,,2025-10-15 12:56:25.485,2025-10-15 12:56:25.501,FILLED,0.47,1.16516,,0,
701089,C1059,STD,B,EURUSD,BUY,1.85,2025-10-15 12:56:32.115,1.16516,2025-10-15 12:56:32.144,,,,2025-10-15 12:56:32.145,2025-10-15 12:56:32.175,FILLED,1.85,1.16516,,0,
701090,C1050,STD,A,XAUUSD,SELL,2.52,2025-10-15 12:56:32.722,4096.11,2025-10-15 12:56:32.770,2025-10-15 12:56:32.771,2025-10-15 12:56:32.772,2025-10-15 12:56:32.780,2025-10-15 12:56:32.782,2025-10-15 12:56:32.843,FILLED,2.52,4096.11,LP_A,1,
701091,C1009,RAW,B,EURUSD,SELL,5.38,2025-10-15 12:56:36.763,1.16504,2025-10-15 12:56:36.795,,,,2025-10-15 12:56:36.798,2025-10-15 12:56:36.854,FILLED,5.38,1.16504,,0,
701092,C1059,STD,B,EURUSD,BUY,1.29,2025-10-15 12:56:37.183,1.16515,2025-10-15 12:56:37.202,,,,2025-10-15 12:56:37.205,2025-10-15 12:56:37.228,FILLED,1.29,1.16515,,0,
701093,C1052,RAW,A,EURUSD,SELL,2.35,2025-10-15 12:56:39.334,1.16503,2025-10-15 12:56:39.352,2025-10-15 12:56:39.354,2025-10-15 12:56:39.354,2025-10-15 12:56:39.364,2025-10-15 12:56:39.367,2025-10-15 12:56:39.408,FILLED,2.35,1.16503,LP_A,1,
701094,C1051,STD,A,XAUUSD,BUY,0.92,2025-10-15 12:56:41.892,4096.45,2025-10-15 12:56:41.938,2025-10-15 12:56:41.940,2025-10-15 12:56:41.942,2025-10-15 12:56:42.101,2025-10-15 12:56:42.102,2025-10-15 12:56:42.154,FILLED,0.92,4096.54,LP_A,2,
701095,C1023,RAW,B,XAUUSD,BUY,3.4,2025-10-15 12:56:45.155,4096.33,2025-10-15 12:56:45.185,,,,2025-10-15 12:56:45.187,2025-10-15 12:56:45.203,FILLED,3.4,4096.33,,0,
701096,C1016,STD,A,EURUSD,BUY,3.5,2025-10-15 12:57:06.755,1.16512,2025-10-15 12:57:06.777,2025-10-15 12:57:06.779,2025-10-15 12:57:06.781,2025-10-15 12:57:06.913,2025-10-15 12:57:06.916,2025-10-15 12:57:06.944,FILLED,3.5,1.16512,LP_C,1,
701097,C1016,STD,A,GBPUSD,BUY,1.15,2025-10-15 12:57:13.222,1.33913,2025-10-15 12:57:13.260,2025-10-15 12:57:13.261,2025-10-15 12:57:13.262,2025-10-15 12:57:13.392,2025-10-15 12:57:13.394,2025-10-15 12:57:13.453,FILLED,1.15,1.33913,LP_C,1,
701098,C1016,STD,A,XAUUSD,SELL,11.26,2025-10-15 12:57:22.063,4096.15,2025-10-15 12:57:22.123,2025-10-15 12:57:22.126,2025-10-15 12:57:22.127,2025-10-15 12:57:22.288,2025-10-15 12:57:22.291,2025-10-15 12:57:22.355,PARTIAL,10.0,4096.1,"LP_C,LP_B,LP_A",3,
701099,C1001,RAW,A,EURUSD,SELL,1.64,2025-10-15 12:57:24.081,1.16497,2025-10-15 12:57:24.133,2025-10-15 12:57:24.134,2025-10-15 12:57:24.136,2025-10-15 12:57:24.293,2025-10-15 12:57:24.295,2025-10-15 12:57:24.327,FILLED,1.64,1.16497,LP_C,1,
701100,C1055,STD,A,GBPUSD,SELL,0.67,2025-10-15 12:57:24.937,1.33745,2025-10-15 12:57:24.970,2025-10-15 12:57:24.972,2025-10-15 12:57:24.974,2025-10-15 12:57:24.981,2025-10-15 12:57:24.982,2025-10-15 12:57:25.047,FILLED,0.67,1.33745,LP_A,1,
701101,C1051,STD,A,XAUUSD,SELL,3.51,2025-10-15 12:57:34.354,4096.24,2025-10-15 12:57:34.398,2025-10-15 12:57:34.399,2025-10-15 12:57:34.401,2025-10-15 12:57:34.568,2025-10-15 12:57:34.571,2025-10-15 12:57:34.594,FILLED,3.51,4096.24,"LP_A,LP_C",2,
701102,C1030,STD,A,EURUSD,BUY,3.65,2025-10-15 12:57:35.334,1.16503,2025-10-15 12:57:35.351,2025-10-15 12:57:35.354,2025-10-15 12:57:35.355,2025-10-15 12:57:35.395,2025-10-15 12:57:35.396,2025-10-15 12:57:35.419,FILLED,3.65,1.16503,LP_B,1,
701103,C1043,STD,A,XAUUSD,BUY,2.47,2025-10-15 12:57:37.589,4096.71,2025-10-15 12:57:37.636,2025-10-15 12:57:37.639,2025-10-15 12:57:37.641,2025-10-15 12:57:37.686,2025-10-15 12:57:37.689,2025-10-15 12:57:37.734,FILLED,2.47,4096.71,LP_B,1,
701104,C1015,STD,B,XAUUSD,SELL,1.11,2025-10-15 12:57:46.423,4096.05,2025-10-15 12:57:46.476,,,,2025-10-15 12:57:46.477,2025-10-15 12:57:46.510,FILLED,1.11,4096.05,,0,
701105,C1041,RAW,A,XAUUSD,BUY,6.3,2025-10-15 12:58:00.341,4096.52,2025-10-15 12:58:00.380,2025-10-15 12:58:00.382,2025-10-15 12:58:00.384,2025-10-15 12:58:00.545,2025-10-15 12:58:00.548,2025-10-15 12:58:00.590,FILLED,6.3,4096.56,"LP_C,LP_B,LP_A",3,
701106,C1006,STD,B,EURUSD,BUY,0.76,2025-10-15 12:58:09.279,1.16497,2025-10-15 12:58:09.306,,,,2025-10-15 12:58:09.309,2025-10-15 12:58:09.357,FILLED,0.76,1.16497,,0,
701107,C1009,RAW,B,XAUUSD,SELL,0.36,2025-10-15 12:58:19.805,4096.63,2025-10-15 12:58:19.833,,,,2025-10-15 12:58:19.836,2025-10-15 12:58:19.895,FILLED,0.36,4096.63,,0,
701108,C1002,STD,B,GBPUSD,SELL,0.84,2025-10-15 12:58:27.037,1.33748,2025-10-15 12:58:27.090,,,,2025-10-15 12:58:27.092,2025-10-15 12:58:27.131,FILLED,0.84,1.33748,,0,
701109,C1053,STD,B,EURUSD,BUY,0.73,2025-10-15 12:58:27.721,1.16497,2025-10-15 12:58:27.765,,,,2025-10-15 12:58:27.766,2025-10-15 12:58:27.799,FILLED,0.73,1.16497,,0,
701110,C1050,STD,A,EURUSD,SELL,1.14,2025-10-15 12:58:38.017,1.16478,2025-10-15 12:58:38.043,2025-10-15 12:58:38.044,2025-10-15 12:58:38.046,2025-10-15 12:58:38.053,2025-10-15 12:58:38.054,2025-10-15 12:58:38.120,FILLED,1.14,1.16478,LP_A,1,
701111,C1041,RAW,A,EURUSD,BUY,6.1,2025-10-15 12:58:40.551,1.16488,2025-10-15 12:58:40.621,2025-10-15 12:58:40.623,2025-10-15 12:58:40.624,2025-10-15 12:58:40.664,2025-10-15 12:58:40.665,2025-10-15 12:58:40.731,FILLED,6.1,1.16488,LP_B,1,
701112,C1011,STD,B,EURUSD,SELL,0.24,2025-10-15 12:58:53.328,1.1648,2025-10-15 12:58:53.387,,,,2025-10-15 12:58:53.391,2025-10-15 12:58:53.448,FILLED,0.24,1.1648,,0,
701113,C1006,STD,B,EURUSD,SELL,3.19,2025-10-15 12:58:55.540,1.1648,2025-10-15 12:58:55.606,,,,2025-10-15 12:58:55.610,2025-10-15 12:58:55.652,FILLED,3.19,1.1648,,0,
701114,C1047,STD,A,XAUUSD,BUY,0.37,2025-10-15 12:59:08.851,4096.7,2025-10-15 12:59:08.909,2025-10-15 12:59:08.910,2025-10-15 12:59:08.911,2025-10-15 12:59:09.042,2025-10-15 12:59:09.045,2025-10-15 12:59:09.075,FILLED,0.37,4096.7,LP_C,1,
701115,C1045,RAW,B,EURUSD,BUY,1.19,2025-10-15 12:59:09.813,1.16497,2025-10-15 12:59:09.840,,,,2025-10-15 12:59:09.843,2025-10-15 12:59:09.911,FILLED,1.19,1.16497,,0,
701116,C1029,STD,B,XAUUSD,BUY,0.88,2025-10-15 12:59:12.301,4096.8,2025-10-15 12:59:12.327,,,,2025-10-15 12:59:12.330,2025-10-15 12:59:12.376,FILLED,0.88,4096.8,,0,
701117,C1036,STD,B,XAUUSD,BUY,0.71,2025-10-15 12:59:20.421,4096.72,2025-10-15 12:59:20.475,,,,2025-10-15 12:59:20.477,2025-10-15 12:59:20.509,FILLED,0.71,4096.72,,0,
701118,C1047,STD,A,XAUUSD,BUY,0.32,2025-10-15 12:59:21.671,4096.75,2025-10-15 12:59:21.707,2025-10-15 12:59:21.708,2025-10-15 12:59:21.710,2025-10-15 12:59:21.869,2025-10-15 12:59:21.871,2025-10-15 12:59:21.914,FILLED,0.32,4096.76,LP_A,2,
701119,C1041,RAW,A,XAUUSD,BUY,8.8,2025-10-15 12:59:22.044,4096.55,2025-10-15 12:59:22.070,2025-10-15 12:59:22.071,2025-10-15 12:59:22.072,2025-10-15 12:59:22.239,2025-10-15 12:59:22.240,2025-10-15 12:59:22.288,PARTIAL,5.0,4096.59,"LP_A,LP_B",3,
701120,C1043,STD,A,XAUUSD,BUY,0.98,2025-10-15 12:59:24.808,4096.81,2025-10-15 12:59:24.868,2025-10-15 12:59:24.870,2025-10-15 12:59:24.871,2025-10-15 12:59:24.907,2025-10-15 12:59:24.908,2025-10-15 12:59:24.960,FILLED,0.98,4096.81,LP_B,1,
701121,C1048,STD,B,EURUSD,SELL,0.01,2025-10-15 12:59:32.302,1.16493,2025-10-15 12:59:32.351,,,,2025-10-15 12:59:32.355,2025-10-15 12:59:32.371,FILLED,0.01,1.16493,,0,
701122,C1023,RAW,B,EURUSD,SELL,3.1,2025-10-15 12:59:40.361,1.16503,2025-10-15 12:59:40.414,,,,2025-10-15 12:59:40.418,2025-10-15 12:59:40.440,FILLED,3.1,1.16503,,0,
701123,C1010,RAW,A,XAUUSD,BUY,2.24,2025-10-15 12:59:43.981,4096.82,2025-10-15 12:59:44.036,2025-10-15 12:59:44.039,2025-10-15 12:59:44.040,2025-10-15 12:59:44.082,2025-10-15 12:59:44.084,2025-10-15 12:59:44.120,FILLED,2.24,4096.82,"LP_B,LP_A",2,
701124,C1004,STD,B,EURUSD,BUY,0.74,2025-10-15 12:59:49.145,1.16515,2025-10-15 12:59:49.179,,,,2025-10-15 12:59:49.182,2025-10-15 12:59:49.236,FILLED,0.74,1.16515,,0,
701125,C1004,STD,B,GBPUSD,BUY,2.16,2025-10-15 12:59:50.879,1.33914,2025-10-15 12:59:50.928,,,,2025-10-15 12:59:50.931,2025-10-15 12:59:50.973,FILLED,2.16,1.33914,,0,
701126,C1018,RAW,B,EURUSD,SELL,0.33,2025-10-15 12:59:55.623,1.16505,2025-10-15 12:59:55.650,,,,2025-10-15 12:59:55.654,2025-10-15 12:59:55.723,FILLED,0.33,1.16505,,0,
701127,C1029,STD,B,GBPUSD,BUY,0.25,2025-10-15 12:59:58.340,1.33917,2025-10-15 12:59:58.383,,,,2025-10-15 12:59:58.386,2025-10-15 12:59:58.451,FILLED,0.25,1.33917,,0,
701128,C1003,STD,A,XAUUSD,SELL,3.0,2025-10-15 12:59:59.890,4096.68,2025-10-15 12:59:59.950,2025-10-15 12:59:59.952,2025-10-15 12:59:59.953,,2025-10-15 13:00:00.956,2025-10-15 13:00:01.024,REJECTED,0.0,,,1,LP timeout
701129,C1001,RAW,A,XAUUSD,SELL,0.29,2025-10-15 13:00:07.240,4096.8,2025-10-15 13:00:07.275,2025-10-15 13:00:07.277,2025-10-15 13:00:07.278,,2025-10-15 13:00:08.281,2025-10-15 13:00:08.320,REJECTED,0.0,,,1,LP timeout
701130,C1017,STD,B,XAUUSD,BUY,1.69,2025-10-15 13:00:10.207,4097.09,2025-10-15 13:00:10.223,,,,2025-10-15 13:00:10.227,2025-10-15 13:00:10.278,FILLED,1.69,4097.09,,0,
701131,C1028,STD,A,XAUUSD,SELL,0.28,2025-10-15 13:00:15.709,4096.6,2025-10-15 13:00:15.743,2025-10-15 13:00:15.744,2025-10-15 13:00:15.745,,2025-10-15 13:00:16.747,2025-10-15 13:00:16.812,REJECTED,0.0,,,1,LP timeout
701132,C1041,RAW,A,EURUSD,SELL,3.8,2025-10-15 13:00:22.304,1.16505,2025-10-15 13:00:22.319,2025-10-15 13:00:22.322,2025-10-15 13:00:22.324,2025-10-15 13:00:22.330,2025-10-15 13:00:22.332,2025-10-15 13:00:22.360,FILLED,3.8,1.16505,LP_A,1,
701133,C1027,STD,B,XAUUSD,SELL,0.19,2025-10-15 13:00:25.098,4096.35,2025-10-15 13:00:25.115,,,,2025-10-15 13:00:25.116,2025-10-15 13:00:25.178,FILLED,0.19,4096.35,,0,
701134,C1030,STD,A,EURUSD,BUY,0.18,2025-10-15 13:00:34.794,1.1652,2025-10-15 13:00:34.831,2025-10-15 13:00:34.833,2025-10-15 13:00:34.834,2025-10-15 13:00:34.840,2025-10-15 13:00:34.842,2025-10-15 13:00:34.897,FILLED,0.18,1.1652,LP_A,1,
701135,C1030,STD,A,XAUUSD,BUY,0.33,2025-10-15 13:00:40.901,4096.85,2025-10-15 13:00:40.922,2025-10-15 13:00:40.923,2025-10-15 13:00:40.924,2025-10-15 13:00:40.931,2025-10-15 13:00:40.932,2025-10-15 13:00:40.959,FILLED,0.33,4096.85,LP_A,1,
701136,C1026,RAW,B,XAUUSD,SELL,0.21,2025-10-15 13:00:43.456,4096.54,2025-10-15 13:00:43.502,,,,2025-10-15 13:00:43.505,2025-10-15 13:00:43.523,FILLED,0.21,4096.54,,0,
701137,C1006,STD,B,XAUUSD,SELL,1.6,2025-10-15 13:00:52.269,4096.3,2025-10-15 13:00:52.288,,,,2025-10-15 13:00:52.291,2025-10-15 13:00:52.342,FILLED,1.6,4096.3,,0,
701138,C1033,STD,B,GBPUSD,BUY,3.85,2025-10-15 13:00:54.077,1.33834,2025-10-15 13:00:54.125,,,,2025-10-15 13:00:54.129,2025-10-15 13:00:54.173,FILLED,3.85,1.33834,,0,
701139,C1053,STD,B,EURUSD,SELL,1.73,2025-10-15 13:00:55.749,1.16501,2025-10-15 13:00:55.776,,,,2025-10-15 13:00:55.777,2025-10-15 13:00:55.847,FILLED,1.73,1.16501,,0,
701140,C1045,RAW,B,GBPUSD,SELL,1.79,2025-10-15 13:00:56.650,1.33819,2025-10-15 13:00:56.711,,,,2025-10-15 13:00:56.713,2025-10-15 13:00:56.758,FILLED,1.79,1.33819,,0,
701141,C1032,STD,B,XAUUSD,SELL,0.94,2025-10-15 13:00:56.978,4096.06,2025-10-15 13:00:57.010,,,,2025-10-15 13:00:57.014,2025-10-15 13:00:57.030,FILLED,0.94,4096.06,,0,
701142,C1005,RAW,B,EURUSD,BUY,0.44,2025-10-15 13:01:00.421,1.16513,2025-10-15 13:01:00.463,,,,2025-10-15 13:01:00.466,2025-10-15 13:01:00.511,FILLED,0.44,1.16513,,0,
701143,C1025,STD,B,EURUSD,BUY,0.52,2025-10-15 13:01:00.762,1.16521,2025-10-15 13:01:00.787,,,,2025-10-15 13:01:00.791,2025-10-15 13:01:00.836,FILLED,0.52,1.16521,,0,
701144,C1018,RAW,B,XAUUSD,BUY,1.18,2025-10-15 13:01:05.132,4096.04,2025-10-15 13:01:05.150,,,,2025-10-15 13:01:05.154,2025-10-15 13:01:05.215,FILLED,1.18,4096.04,,0,
701145,C1017,STD,B,EURUSD,BUY,1.33,2025-10-15 13:01:05.540,1.16523,2025-10-15 13:01:05.560,,,,2025-10-15 13:01:05.562,2025-10-15 13:01:05.588,FILLED,1.33,1.16523,,0,
701146,C1001,RAW,A,EURUSD,BUY,1.39,2025-10-15 13:01:16.390,1.16512,2025-10-15 13:01:16.412,2025-10-15 13:01:16.414,2025-10-15 13:01:16.416,2025-10-15 13:01:16.425,2025-10-15 13:01:16.427,2025-10-15 13:01:16.470,FILLED,1.39,1.16512,LP_A,1,
701147,C1019,STD,A,GBPUSD,SELL,0.3,2025-10-15 13:01:18.515,1.33821,2025-10-15 13:01:18.531,2025-10-15 13:01:18.533,2025-10-15 13:01:18.533,2025-10-15 13:01:18.570,2025-10-15 13:01:18.573,2025-10-15 13:01:18.634,FILLED,0.3,1.33821,LP_B,1,
701148,C1046,STD,A,GBPUSD,SELL,0.55,2025-10-15 13:01:23.168,1.33821,2025-10-15 13:01:23.228,2025-10-15 13:01:23.231,2025-10-15 13:01:23.232,2025-10-15 13:01:23.240,2025-10-15 13:01:23.242,2025-10-15 13:01:23.296,FILLED,0.55,1.33821,LP_A,1,
701149,C1034,RAW,B,EURUSD,SELL,2.63,2025-10-15 13:01:23.371,1.16507,2025-10-15 13:01:23.425,,,,2025-10-15 13:01:23.426,2025-10-15 13:01:23.474,FILLED,2.63,1.16507,,0,
701150,C1007,RAW,B,XAUUSD,SELL,9.6,2025-10-15 13:01:25.693,4095.75,2025-10-15 13:01:25.757,,,,2025-10-15 13:01:25.759,2025-10-15 13:01:25.783,FILLED,9.6,4095.75,,0,
701151,C1042,STD,A,XAUUSD,BUY,0.52,2025-10-15 13:01:35.766,4096.38,2025-10-15 13:01:35.831,2025-10-15 13:01:35.832,2025-10-15 13:01:35.833,2025-10-15 13:01:35.841,2025-10-15 13:01:35.843,2025-10-15 13:01:35.906,FILLED,0.52,4096.38,LP_A,1,
701152,C1025,STD,B,EURUSD,BUY,0.49,2025-10-15 13:01:38.227,1.16523,2025-10-15 13:01:38.280,,,,2025-10-15 13:01:38.283,2025-10-15 13:01:38.336,FILLED,0.49,1.16523,,0,
701153,C1007,RAW,B,XAUUSD,SELL,8.8,2025-10-15 13:01:44.254,4096.07,2025-10-15 13:01:44.294,,,,2025-10-15 13:01:44.296,2025-10-15 13:01:44.351,FILLED,8.8,4096.07,,0,
701154,C1057,STD,B,EURUSD,SELL,0.27,2025-10-15 13:01:45.338,1.16504,2025-10-15 13:01:45.356,,,,2025-10-15 13:01:45.357,2025-10-15 13:01:45.400,FILLED,0.27,1.16504,,0,
701155,C1022,STD,B,GBPUSD,BUY,1.48,2025-10-15 13:01:45.486,1.33847,2025-10-15 13:01:45.535,,,,2025-10-15 13:01:45.537,2025-10-15 13:01:45.589,FILLED,1.48,1.33847,,0,
701156,C1058,RAW,B,GBPUSD,BUY,0.88,2025-10-15 13:01:46.255,1.33839,2025-10-15 13:01:46.309,,,,2025-10-15 13:01:46.310,2025-10-15 13:01:46.333,FILLED,0.88,1.33839,,0,
701157,C1056,RAW,A,EURUSD,SELL,1.57,2025-10-15 13:01:48.630,1.16511,2025-10-15 13:01:48.690,2025-10-15 13:01:48.692,2025-10-15 13:01:48.692,2025-10-15 13:01:48.698,2025-10-15 13:01:48.699,2025-10-15 13:01:48.762,FILLED,1.57,1.16511,LP_A,1,
701158,C1020,STD,B,EURUSD,BUY,2.55,2025-10-15 13:01:52.219,1.16523,2025-10-15 13:01:52.237,,,,2025-10-15 13:01:52.239,2025-10-15 13:01:52.279,FILLED,2.55,1.16523,,0,
701159,C1058,RAW,B,XAUUSD,BUY,0.99,2025-10-15 13:02:03.800,4095.94,2025-10-15 13:02:03.850,,,,2025-10-15 13:02:03.852,2025-10-15 13:02:03.886,FILLED,0.99,4095.94,,0,
701160,C1028,STD,A,EURUSD,BUY,2.69,2025-10-15 13:02:09.529,1.16523,2025-10-15 13:02:09.582,2025-10-15 13:02:09.584,2025-10-15 13:02:09.586,2025-10-15 13:02:09.593,2025-10-15 13:02:09.595,2025-10-15 13:02:09.636,FILLED,2.69,1.16523,LP_A,1,
701161,C1036,STD,B,EURUSD,BUY,0.84,2025-10-15 13:02:11.253,1.16523,2025-10-15 13:02:11.298,,,,2025-10-15 13:02:11.302,2025-10-15 13:02:11.321,FILLED,0.84,1.16523,,0,
701162,C1011,STD,B,XAUUSD,SELL,0.41,2025-10-15 13:02:14.113,4095.6,2025-10-15 13:02:14.160,,,,2025-10-15 13:02:14.163,2025-10-15 13:02:14.205,FILLED,0.41,4095.6,,0,
701163,C1037,STD,A,EURUSD,SELL,3.53,2025-10-15 13:02:29.499,1.16506,2025-10-15 13:02:29.553,2025-10-15 13:02:29.554,2025-10-15 13:02:29.556,2025-10-15 13:02:29.566,2025-10-15 13:02:29.569,2025-10-15 13:02:29.599,FILLED,3.53,1.16506,LP_A,1,
701164,C1003,STD,A,EURUSD,BUY,0.29,2025-10-15 13:02:32.521,1.16525,2025-10-15 13:02:32.551,2025-10-15 13:02:32.554,2025-10-15 13:02:32.555,2025-10-15 13:02:32.564,2025-10-15 13:02:32.566,2025-10-15 13:02:32.601,FILLED,0.29,1.16525,LP_A,1,
701165,C1039,STD,B,GBPUSD,BUY,0.76,2025-10-15 13:02:33.490,1.33845,2025-10-15 13:02:33.520,,,,2025-10-15 13:02:33.524,2025-10-15 13:02:33.590,FILLED,0.76,1.33845,,0,
701166,C1005,RAW,B,XAUUSD,BUY,0.34,2025-10-15 13:02:33.528,4095.76,2025-10-15 13:02:33.560,,,,2025-10-15 13:02:33.561,2025-10-15 13:02:33.607,FILLED,0.34,4095.76,,0,
701167,C1035,STD,B,GBPUSD,BUY,2.98,2025-10-15 13:02:36.022,1.33846,2025-10-15 13:02:36.087,,,,2025-10-15 13:02:36.089,2025-10-15 13:02:36.126,FILLED,2.98,1.33846,,0,
701168,C1046,STD,A,XAUUSD,SELL,1.56,2025-10-15 13:02:42.444,4095.55,2025-10-15 13:02:42.489,2025-10-15 13:02:42.490,2025-10-15 13:02:42.492,2025-10-15 13:02:42.527,2025-10-15 13:02:42.529,2025-10-15 13:02:42.575,FILLED,1.56,4095.55,LP_B,1,
701169,C1003,STD,A,XAUUSD,SELL,1.79,2025-10-15 13:02:46.742,4095.57,2025-10-15 13:02:46.787,2025-10-15 13:02:46.789,2025-10-15 13:02:46.791,2025-10-15 13:02:46.907,2025-10-15 13:02:46.908,2025-10-15 13:02:46.926,FILLED,1.79,4095.49,LP_A,2,
701170,C1037,STD,A,EURUSD,SELL,0.29,2025-10-15 13:02:47.807,1.16504,2025-10-15 13:02:47.858,2025-10-15 13:02:47.861,2025-10-15 13:02:47.863,2025-10-15 13:02:47.869,2025-10-15 13:02:47.872,2025-10-15 13:02:47.941,FILLED,0.29,1.16504,LP_A,1,
701171,C1022,STD,B,GBPUSD,BUY,0.94,2025-10-15 13:02:49.003,1.33844,2025-10-15 13:02:49.064,,,,2025-10-15 13:02:49.066,2025-10-15 13:02:49.089,FILLED,0.94,1.33844,,0,
701172,C1042,STD,A,EURUSD,SELL,0.32,2025-10-15 13:02:52.101,1.16504,2025-10-15 13:02:52.153,2025-10-15 13:02:52.154,2025-10-15 13:02:52.156,2025-10-15 13:02:52.307,2025-10-15 13:02:52.310,2025-10-15 13:02:52.375,FILLED,0.32,1.16502,LP_A,2,
701173,C1037,STD,A,EURUSD,SELL,0.81,2025-10-15 13:02:53.831,1.16504,2025-10-15 13:02:53.876,2025-10-15 13:02:53.877,2025-10-15 13:02:53.879,2025-10-15 13:02:54.014,2025-10-15 13:02:54.015,2025-10-15 13:02:54.085,FILLED,0.81,1.16501,LP_A,2,
701174,C1055,STD,A,GBPUSD,BUY,0.36,2025-10-15 13:02:55.091,1.33841,2025-10-15 13:02:55.150,2025-10-15 13:02:55.152,2025-10-15 13:02:55.153,2025-10-15 13:02:55.159,2025-10-15 13:02:55.161,2025-10-15 13:02:55.203,FILLED,0.36,1.33841,LP_A,1,
701175,C1021,STD,B,XAUUSD,BUY,0.41,2025-10-15 13:02:57.683,4096.15,2025-10-15 13:02:57.730,,,,2025-10-15 13:02:57.731,2025-10-15 13:02:57.783,FILLED,0.41,4096.15,,0,
701176,C1036,STD,B,XAUUSD,SELL,3.71,2025-10-15 13:03:10.767,4095.14,2025-10-15 13:03:10.788,,,,2025-10-15 13:03:10.790,2025-10-15 13:03:10.817,FILLED,3.71,4095.14,,0,
701177,C1003,STD,A,XAUUSD,SELL,5.27,2025-10-15 13:03:13.888,4095.09,2025-10-15 13:03:13.954,2025-10-15 13:03:13.955,2025-10-15 13:03:13.957,2025-10-15 13:03:14.129,2025-10-15 13:03:14.130,2025-10-15 13:03:14.183,FILLED,5.27,4095.07,"LP_B,LP_A",3,
701178,C1010,RAW,A,EURUSD,SELL,4.26,2025-10-15 13:03:15.879,1.1651,2025-10-15 13:03:15.928,2025-10-15 13:03:15.929,2025-10-15 13:03:15.930,2025-10-15 13:03:15.936,2025-10-15 13:03:15.939,2025-10-15 13:03:15.955,FILLED,4.26,1.1651,LP_A,1,
701179,C1017,STD,B,EURUSD,BUY,0.15,2025-10-15 13:03:17.557,1.16521,2025-10-15 13:03:17.609,,,,2025-10-15 13:03:17.611,2025-10-15 13:03:17.633,FILLED,0.15,1.16521,,0,
701180,C1002,STD,B,EURUSD,BUY,0.85,2025-10-15 13:03:22.008,1.16521,2025-10-15 13:03:22.038,,,,2025-10-15 13:03:22.041,2025-10-15 13:03:22.089,FILLED,0.85,1.16521,,0,
701181,C1059,STD,B,XAUUSD,SELL,0.63,2025-10-15 13:03:29.419,4094.73,2025-10-15 13:03:29.473,,,,2025-10-15 13:03:29.476,2025-10-15 13:03:29.532,FILLED,0.63,4094.73,,0,
701182,C1002,STD,B,XAUUSD,BUY,2.17,2025-10-15 13:03:40.060,4095.61,2025-10-15 13:03:40.095,,,,2025-10-15 13:03:40.098,2025-10-15 13:03:40.134,FILLED,2.17,4095.62,,0,
701183,C1057,STD,B,EURUSD,SELL,0.44,2025-10-15 13:03:40.518,1.165,2025-10-15 13:03:40.586,,,,2025-10-15 13:03:40.590,2025-10-15 13:03:40.631,FILLED,0.44,1.165,,0,
701184,C1045,RAW,B,XAUUSD,SELL,1.88,2025-10-15 13:03:45.219,4095.39,2025-10-15 13:03:45.273,,,,2025-10-15 13:03:45.277,2025-10-15 13:03:45.345,FILLED,1.88,4095.39,,0,
701185,C1035,STD,B,XAUUSD,BUY,1.59,2025-10-15 13:03:46.371,4095.73,2025-10-15 13:03:46.400,,,,2025-10-15 13:03:46.404,2025-10-15 13:03:46.431,FILLED,1.59,4095.73,,0,
701186,C1029,STD,B,XAUUSD,BUY,2.18,2025-10-15 13:04:02.804,4095.73,2025-10-15 13:04:02.823,,,,2025-10-15 13:04:02.825,2025-10-15 13:04:02.894,FILLED,2.18,4095.73,,0,
701187,C1037,STD,A,GBPUSD,SELL,2.61,2025-10-15 13:04:08.026,1.3382,2025-10-15 13:04:08.096,2025-10-15 13:04:08.097,2025-10-15 13:04:08.098,2025-10-15 13:04:08.137,2025-10-15 13:04:08.140,2025-10-15 13:04:08.170,FILLED,2.61,1.3382,LP_B,1,
701188,C1004,STD,B,EURUSD,SELL,2.28,2025-10-15 13:04:11.253,1.16499,2025-10-15 13:04:11.316,,,,2025-10-15 13:04:11.318,2025-10-15 13:04:11.361,FILLED,2.28,1.16499,,0,
701189,C1054,RAW,A,GBPUSD,BUY,0.29,2025-10-15 13:04:30.734,1.33842,2025-10-15 13:04:30.769,2025-10-15 13:04:30.771,2025-10-15 13:04:30.772,2025-10-15 13:04:30.894,2025-10-15 13:04:30.895,2025-10-15 13:04:30.912,FILLED,0.29,1.33842,LP_C,1,
701190,C1024,STD,B,EURUSD,SELL,1.68,2025-10-15 13:04:31.975,1.16501,2025-10-15 13:04:32.002,,,,2025-10-15 13:04:32.006,2025-10-15 13:04:32.074,FILLED,1.68,1.16501,,0,
701191,C1037,STD,A,XAUUSD,BUY,1.2,2025-10-15 13:04:49.251,4095.1,2025-10-15 13:04:49.268,2025-10-15 13:04:49.270,2025-10-15 13:04:49.272,2025-10-15 13:04:49.280,2025-10-15 13:04:49.281,2025-10-15 13:04:49.312,FILLED,1.2,4095.1,LP_A,1,
701192,C1035,STD,B,XAUUSD,SELL,1.28,2025-10-15 13:04:49.913,4094.58,2025-10-15 13:04:49.963,,,,2025-10-15 13:04:49.965,2025-10-15 13:04:50.034,FILLED,1.28,4094.58,,0,
701193,C1009,RAW,B,XAUUSD,SELL,1.09,2025-10-15 13:04:50.568,4094.73,2025-10-15 13:04:50.584,,,,2025-10-15 13:04:50.586,2025-10-15 13:04:50.619,FILLED,1.09,4094.73,,0,
701194,C1053,STD,B,EURUSD,SELL,2.95,2025-10-15 13:04:51.221,1.16505,2025-10-15 13:04:51.279,,,,2025-10-15 13:04:51.280,2025-10-15 13:04:51.324,FILLED,2.95,1.16505,,0,
701195,C1023,RAW,B,EURUSD,SELL,8.1,2025-10-15 13:04:58.215,1.16513,2025-10-15 13:04:58.266,,,,2025-10-15 13:04:58.268,2025-10-15 13:04:58.299,FILLED,8.1,1.16513,,0,
701196,C1013,STD,A,XAUUSD,SELL,0.45,2025-10-15 13:05:00.459,4094.78,2025-10-15 13:05:00.526,2025-10-15 13:05:00.529,2025-10-15 13:05:00.530,2025-10-15 13:05:00.678,2025-10-15 13:05:00.681,2025-10-15 13:05:00.731,FILLED,0.45,4094.81,LP_C,1,
701197,C1023,RAW,B,XAUUSD,SELL,7.0,2025-10-15 13:05:10.945,4094.99,2025-10-15 13:05:10.981,,,,2025-10-15 13:05:10.984,2025-10-15 13:05:11.019,FILLED,7.0,4094.99,,0,
701198,C1030,STD,A,GBPUSD,BUY,0.48,2025-10-15 13:05:14.748,1.33851,2025-10-15 13:05:14.770,2025-10-15 13:05:14.773,2025-10-15 13:05:14.775,2025-10-15 13:05:14.782,2025-10-15 13:05:14.784,2025-10-15 13:05:14.834,FILLED,0.48,1.33851,LP_A,1,
701199,C1017,STD,B,XAUUSD,BUY,1.83,2025-10-15 13:05:23.842,4095.09,2025-10-15 13:05:23.903,,,,2025-10-15 13:05:23.904,2025-10-15 13:05:23.961,FILLED,1.83,4095.09,,0,
701200,C1047,STD,A,EURUSD,BUY,0.28,2025-10-15 13:05:27.885,1.1653,2025-10-15 13:05:27.939,2025-10-15 13:05:27.941,2025-10-15 13:05:27.942,2025-10-15 13:05:27.949,2025-10-15 13:05:27.951,2025-10-15 13:05:28.012,FILLED,0.28,1.1653,LP_A,1,
701201,C1014,RAW,B,EURUSD,SELL,0.58,2025-10-15 13:05:39.040,1.16516,2025-10-15 13:05:39.058,,,,2025-10-15 13:05:39.061,2025-10-15 13:05:39.082,FILLED,0.58,1.16516,,0,
701202,C1011,STD,B,EURUSD,SELL,1.34,2025-10-15 13:05:46.909,1.16508,2025-10-15 13:05:46.933,,,,2025-10-15 13:05:46.935,2025-10-15 13:05:46.985,FILLED,1.34,1.16508,,0,
701203,C1056,RAW,A,XAUUSD,SELL,1.76,2025-10-15 13:05:52.174,4094.7,2025-10-15 13:05:52.226,2025-10-15 13:05:52.227,2025-10-15 13:05:52.228,2025-10-15 13:05:52.234,2025-10-15 13:05:52.236,2025-10-15 13:05:52.304,FILLED,1.76,4094.7,LP_A,1,
701204,C1024,STD,B,XAUUSD,SELL,0.92,2025-10-15 13:06:00.222,4094.37,2025-10-15 13:06:00.242,,,,2025-10-15 13:06:00.245,2025-10-15 13:06:00.270,FILLED,0.92,4094.37,,0,
701205,C1015,STD,B,EURUSD,SELL,0.37,2025-10-15 13:06:04.407,1.16504,2025-10-15 13:06:04.467,,,,2025-10-15 13:06:04.468,2025-10-15 13:06:04.486,FILLED,0.37,1.16504,,0,
701206,C1029,STD,B,EURUSD,SELL,0.64,2025-10-15 13:06:11.852,1.16505,2025-10-15 13:06:11.901,,,,2025-10-15 13:06:11.904,2025-10-15 13:06:11.931,FILLED,0.64,1.16505,,0,
701207,C1049,STD,A,XAUUSD,BUY,0.35,2025-10-15 13:06:17.619,4095.36,2025-10-15 13:06:17.650,2025-10-15 13:06:17.652,2025-10-15 13:06:17.653,2025-10-15 13:06:17.812,2025-10-15 13:06:17.813,2025-10-15 13:06:17.839,FILLED,0.35,4095.36,LP_C,1,
701208,C1021,STD,B,GBPUSD,BUY,0.06,2025-10-15 13:06:18.864,1.33859,2025-10-15 13:06:18.913,,,,2025-10-15 13:06:18.916,2025-10-15 13:06:18.942,FILLED,0.06,1.33859,,0,
701209,C1031,STD,A,GBPUSD,SELL,5.37,2025-10-15 13:06:25.384,1.33834,2025-10-15 13:06:25.448,2025-10-15 13:06:25.450,2025-10-15 13:06:25.451,2025-10-15 13:06:25.583,2025-10-15 13:06:25.584,2025-10-15 13:06:25.607,FILLED,5.37,1.33834,LP_C,1,
701210,C1046,STD,A,GBPUSD,SELL,0.91,2025-10-15 13:06:26.612,1.33834,2025-10-15 13:06:26.631,2025-10-15 13:06:26.633,2025-10-15 13:06:26.635,2025-10-15 13:06:26.674,2025-10-15 13:06:26.677,2025-10-15 13:06:26.716,FILLED,0.91,1.33834,LP_B,1,
701211,C1004,STD,B,XAUUSD,SELL,1.81,2025-10-15 13:06:29.548,4094.61,2025-10-15 13:06:29.600,,,,2025-10-15 13:06:29.603,2025-10-15 13:06:29.632,FILLED,1.81,4094.61,,0,
701212,C1037,STD,A,XAUUSD,SELL,1.28,2025-10-15 13:06:30.693,4094.55,2025-10-15 13:06:30.728,2025-10-15 13:06:30.731,2025-10-15 13:06:30.732,2025-10-15 13:06:30.773,2025-10-15 13:06:30.776,2025-10-15 13:06:30.815,FILLED,1.28,4094.55,LP_B,1,
701213,C1002,STD,B,GBPUSD,SELL,0.34,2025-10-15 13:06:42.206,1.33838,2025-10-15 13:06:42.246,,,,2025-10-15 13:06:42.248,2025-10-15 13:06:42.279,FILLED,0.34,1.33838,,0,
701214,C1011,STD,B,EURUSD,SELL,0.15,2025-10-15 13:06:43.329,1.16511,2025-10-15 13:06:43.368,,,,2025-10-15 13:06:43.370,2025-10-15 13:06:43.394,FILLED,0.15,1.16511,,0,
701215,C1034,RAW,B,XAUUSD,BUY,3.65,2025-10-15 13:06:56.025,4095.11,2025-10-15 13:06:56.092,,,,2025-10-15 13:06:56.094,2025-10-15 13:06:56.147,FILLED,3.65,4095.11,,0,
701216,C1034,RAW,B,GBPUSD,BUY,2.89,2025-10-15 13:06:56.092,1.33857,2025-10-15 13:06:56.140,,,,2025-10-15 13:06:56.142,2025-10-15 13:06:56.211,FILLED,2.89,1.33857,,0,
701217,C1060,STD,B,EURUSD,SELL,3.17,2025-10-15 13:06:56.887,1.16511,2025-10-15 13:06:56.919,,,,2025-10-15 13:06:56.920,2025-10-15 13:06:56.979,FILLED,3.17,1.16511,,0,
701218,C1053,STD,B,XAUUSD,BUY,1.14,2025-10-15 13:07:00.515,4095.45,2025-10-15 13:07:00.532,,,,2025-10-15 13:07:00.536,2025-10-15 13:07:00.604,FILLED,1.14,4095.45,,0,
701219,C1035,STD,B,EURUSD,SELL,1.75,2025-10-15 13:07:06.686,1.16512,2025-10-15 13:07:06.720,,,,2025-10-15 13:07:06.723,2025-10-15 13:07:06.761,FILLED,1.75,1.16512,,0,
701220,C1016,STD,A,EURUSD,SELL,0.1,2025-10-15 13:07:07.051,1.16512,2025-10-15 13:07:07.073,2025-10-15 13:07:07.075,2025-10-15 13:07:07.076,2025-10-15 13:07:07.217,2025-10-15 13:07:07.218,2025-10-15 13:07:07.256,FILLED,0.1,1.16511,LP_A,2,
701221,C1017,STD,B,EURUSD,BUY,0.67,2025-10-15 13:07:07.617,1.1653,2025-10-15 13:07:07.683,,,,2025-10-15 13:07:07.685,2025-10-15 13:07:07.703,FILLED,0.67,1.1653,,0,
701222,C1040,STD,A,EURUSD,BUY,0.17,2025-10-15 13:07:21.917,1.1653,2025-10-15 13:07:21.954,2025-10-15 13:07:21.957,2025-10-15 13:07:21.958,2025-10-15 13:07:21.965,2025-10-15 13:07:21.967,2025-10-15 13:07:22.006,FILLED,0.17,1.1653,LP_A,1,
701223,C1007,RAW,B,EURUSD,BUY,2.5,2025-10-15 13:07:24.210,1.16521,2025-10-15 13:07:24.274,,,,2025-10-15 13:07:24.276,2025-10-15 13:07:24.308,FILLED,2.5,1.16521,,0,
701224,C1059,STD,B,XAUUSD,SELL,0.14,2025-10-15 13:07:33.455,4094.65,2025-10-15 13:07:33.475,,,,2025-10-15 13:07:33.477,2025-10-15 13:07:33.515,FILLED,0.14,4094.65,,0,
701225,C1026,RAW,B,XAUUSD,SELL,1.19,2025-10-15 13:07:41.677,4094.95,2025-10-15 13:07:41.697,,,,2025-10-15 13:07:41.699,2025-10-15 13:07:41.769,FILLED,1.19,4094.95,,0,
701226,C1005,RAW,B,XAUUSD,BUY,1.59,2025-10-15 13:07:46.101,4094.99,2025-10-15 13:07:46.123,,,,2025-10-15 13:07:46.126,2025-10-15 13:07:46.162,FILLED,1.59,4094.99,,0,
701227,C1023,RAW,B,XAUUSD,SELL,4.6,2025-10-15 13:07:53.258,4095.16,2025-10-15 13:07:53.316,,,,2025-10-15 13:07:53.318,2025-10-15 13:07:53.360,FILLED,4.6,4095.16,,0,
701228,C1055,STD,A,GBPUSD,BUY,0.62,2025-10-15 13:08:01.844,1.33861,2025-10-15 13:08:01.903,2025-10-15 13:08:01.904,2025-10-15 13:08:01.905,2025-10-15 13:08:01.945,2025-10-15 13:08:01.947,2025-10-15 13:08:01.971,FILLED,0.62,1.33861,LP_B,1,
701229,C1048,STD,B,EURUSD,BUY,0.29,2025-10-15 13:08:23.414,1.16525,2025-10-15 13:08:23.457,,,,2025-10-15 13:08:23.459,2025-10-15 13:08:23.509,FILLED,0.29,1.16525,,0,
701230,C1030,STD,A,EURUSD,BUY,0.71,2025-10-15 13:08:26.720,1.16524,2025-10-15 13:08:26.742,2025-10-15 13:08:26.743,2025-10-15 13:08:26.744,2025-10-15 13:08:26.903,2025-10-15 13:08:26.905,2025-10-15 13:08:26.929,FILLED,0.71,1.16524,LP_C,1,
701231,C1050,STD,A,EURUSD,SELL,1.33,2025-10-15 13:08:28.851,1.16505,2025-10-15 13:08:28.899,2025-10-15 13:08:28.900,2025-10-15 13:08:28.901,2025-10-15 13:08:28.909,2025-10-15 13:08:28.910,2025-10-15 13:08:28.942,FILLED,1.33,1.16505,LP_A,1,
701232,C1018,RAW,B,EURUSD,SELL,2.08,2025-10-15 13:08:30.116,1.16513,2025-10-15 13:08:30.175,,,,2025-10-15 13:08:30.177,2025-10-15 13:08:30.206,FILLED,2.08,1.16513,,0,
701233,C1010,RAW,A,XAUUSD,BUY,0.34,2025-10-15 13:08:44.219,4095.3,2025-10-15 13:08:44.251,2025-10-15 13:08:44.253,2025-10-15 13:08:44.254,2025-10-15 13:08:44.372,2025-10-15 13:08:44.373,2025-10-15 13:08:44.436,FILLED,0.34,4095.3,LP_C,1,
701234,C1015,STD,B,XAUUSD,BUY,7.87,2025-10-15 13:09:00.345,4095.4,2025-10-15 13:09:00.363,,,,2025-10-15 13:09:00.365,2025-10-15 13:09:00.386,FILLED,7.87,4095.4,,0,
701235,C1004,STD,B,EURUSD,BUY,1.57,2025-10-15 13:09:03.805,1.16523,2025-10-15 13:09:03.848,,,,2025-10-15 13:09:03.851,2025-10-15 13:09:03.879,FILLED,1.57,1.16523,,0,
701236,C1014,RAW,B,XAUUSD,SELL,0.19,2025-10-15 13:09:08.908,4094.98,2025-10-15 13:09:08.936,,,,2025-10-15 13:09:08.940,2025-10-15 13:09:08.962,FILLED,0.19,4094.97,,0,
701237,C1039,STD,B,EURUSD,SELL,0.49,2025-10-15 13:09:19.997,1.16515,2025-10-15 13:09:20.052,,,,2025-10-15 13:09:20.055,2025-10-15 13:09:20.092,FILLED,0.49,1.16515,,0,
701238,C1045,RAW,B,XAUUSD,BUY,1.45,2025-10-15 13:09:24.321,4095.29,2025-10-15 13:09:24.362,,,,2025-10-15 13:09:24.364,2025-10-15 13:09:24.409,FILLED,1.45,4095.29,,0,
701239,C1041,RAW,A,EURUSD,BUY,5.8,2025-10-15 13:09:34.616,1.16527,2025-10-15 13:09:34.652,2025-10-15 13:09:34.653,2025-10-15 13:09:34.654,2025-10-15 13:09:34.817,2025-10-15 13:09:34.820,2025-10-15 13:09:34.886,FILLED,5.8,1.16529,LP_A,2,
701240,C1043,STD,A,EURUSD,BUY,1.13,2025-10-15 13:09:42.487,1.16537,2025-10-15 13:09:42.533,2025-10-15 13:09:42.534,2025-10-15 13:09:42.535,2025-10-15 13:09:42.645,2025-10-15 13:09:42.648,2025-10-15 13:09:42.717,FILLED,1.13,1.16537,LP_C,1,
701241,C1032,STD,B,XAUUSD,BUY,0.25,2025-10-15 13:09:42.582,4095.5,2025-10-15 13:09:42.649,,,,2025-10-15 13:09:42.651,2025-10-15 13:09:42.698,FILLED,0.25,4095.5,,0,
701242,C1039,STD,B,XAUUSD,BUY,1.58,2025-10-15 13:09:43.261,4095.55,2025-10-15 13:09:43.289,,,,2025-10-15 13:09:43.290,2025-10-15 13:09:43.346,FILLED,1.58,4095.55,,0,
701243,C1019,STD,A,XAUUSD,SELL,0.86,2025-10-15 13:09:52.914,4095.01,2025-10-15 13:09:52.942,2025-10-15 13:09:52.944,2025-10-15 13:09:52.946,2025-10-15 13:09:52.955,2025-10-15 13:09:52.956,2025-10-15 13:09:53.013,FILLED,0.86,4095.01,LP_A,1,
701244,C1014,RAW,B,EURUSD,BUY,1.19,2025-10-15 13:10:05.362,1.16526,2025-10-15 13:10:05.387,,,,2025-10-15 13:10:05.389,2025-10-15 13:10:05.430,FILLED,1.19,1.16526,,0,
701245,C1009,RAW,B,GBPUSD,SELL,0.79,2025-10-15 13:10:05.998,1.33849,2025-10-15 13:10:06.053,,,,2025-10-15 13:10:06.057,2025-10-15 13:10:06.111,FILLED,0.79,1.33849,,0,
701246,C1027,STD,B,GBPUSD,BUY,2.76,2025-10-15 13:10:07.315,1.33859,2025-10-15 13:10:07.334,,,,2025-10-15 13:10:07.338,2025-10-15 13:10:07.398,FILLED,2.76,1.33859,,0,
701247,C1016,STD,A,XAUUSD,BUY,0.37,2025-10-15 13:10:07.846,4095.56,2025-10-15 13:10:07.879,2025-10-15 13:10:07.881,2025-10-15 13:10:07.883,2025-10-15 13:10:08.406,2025-10-15 13:10:08.408,2025-10-15 13:10:08.439,FILLED,0.37,4095.64,LP_A,2,
701248,C1008,STD,A,XAUUSD,SELL,2.43,2025-10-15 13:10:11.382,4095.12,2025-10-15 13:10:11.434,2025-10-15 13:10:11.435,2025-10-15 13:10:11.436,2025-10-15 13:10:11.580,2025-10-15 13:10:11.581,2025-10-15 13:10:11.615,FILLED,2.43,4095.14,"LP_C,LP_B",2,
701249,C1004,STD,B,EURUSD,SELL,0.1,2025-10-15 13:10:27.446,1.16515,2025-10-15 13:10:27.509,,,,2025-10-15 13:10:27.513,2025-10-15 13:10:27.530,FILLED,0.1,1.16515,,0,
701250,C1008,STD,A,GBPUSD,BUY,0.36,2025-10-15 13:10:27.495,1.3386,2025-10-15 13:10:27.552,2025-10-15 13:10:27.553,2025-10-15 13:10:27.555,2025-10-15 13:10:27.946,2025-10-15 13:10:27.948,2025-10-15 13:10:27.984,FILLED,0.36,1.3386,LP_A,1,
701251,C1007,RAW,B,XAUUSD,BUY,5.9,2025-10-15 13:10:29.719,4095.89,2025-10-15 13:10:29.776,,,,2025-10-15 13:10:29.778,2025-10-15 13:10:29.835,FILLED,5.9,4095.89,,0,
701252,C1037,STD,A,EURUSD,SELL,1.19,2025-10-15 13:10:37.252,1.16513,2025-10-15 13:10:37.307,2025-10-15 13:10:37.308,2025-10-15 13:10:37.309,2025-10-15 13:10:37.348,2025-10-15 13:10:37.351,2025-10-15 13:10:37.379,FILLED,1.19,1.16513,LP_B,1,
701253,C1001,RAW,A,XAUUSD,BUY,3.38,2025-10-15 13:10:45.801,4095.95,2025-10-15 13:10:45.860,2025-10-15 13:10:45.863,2025-10-15 13:10:45.865,2025-10-15 13:10:46.425,2025-10-15 13:10:46.426,2025-10-15 13:10:46.491,FILLED,3.38,4095.96,"LP_C,LP_A",2,
701254,C1018,RAW,B,GBPUSD,BUY,0.44,2025-10-15 13:10:48.450,1.33857,2025-10-15 13:10:48.488,,,,2025-10-15 13:10:48.491,2025-10-15 13:10:48.511,FILLED,0.44,1.33857,,0,
701255,C1058,RAW,B,EURUSD,BUY,2.16,2025-10-15 13:10:55.522,1.16519,2025-10-15 13:10:55.569,,,,2025-10-15 13:10:55.572,2025-10-15 13:10:55.613,FILLED,2.16,1.16519,,0,
701256,C1033,STD,B,EURUSD,SELL,0.83,2025-10-15 13:10:57.662,1.16507,2025-10-15 13:10:57.685,,,,2025-10-15 13:10:57.689,2025-10-15 13:10:57.713,FILLED,0.83,1.16507,,0,
701257,C1052,RAW,A,EURUSD,SELL,2.13,2025-10-15 13:11:07.136,1.16518,2025-10-15 13:11:07.205,2025-10-15 13:11:07.206,2025-10-15 13:11:07.207,2025-10-15 13:11:07.589,2025-10-15 13:11:07.592,2025-10-15 13:11:07.644,FILLED,2.13,1.16518,LP_A,1,
701258,C1038,RAW,B,XAUUSD,SELL,0.48,2025-10-15 13:11:10.657,4096.31,2025-10-15 13:11:10.726,,,,2025-10-15 13:11:10.728,2025-10-15 13:11:10.748,FILLED,0.48,4096.31,,0,
701259,C1054,RAW,A,XAUUSD,SELL,1.54,2025-10-15 13:11:11.667,4096.42,2025-10-15 13:11:11.711,2025-10-15 13:11:11.714,2025-10-15 13:11:11.715,2025-10-15 13:11:11.752,2025-10-15 13:11:11.754,2025-10-15 13:11:11.805,FILLED,1.54,4096.42,LP_B,1,
701260,C1025,STD,B,GBPUSD,SELL,1.52,2025-10-15 13:11:16.551,1.3384,2025-10-15 13:11:16.570,,,,2025-10-15 13:11:16.573,2025-10-15 13:11:16.610,FILLED,1.52,1.3384,,0,
701261,C1019,STD,A,XAUUSD,SELL,1.36,2025-10-15 13:11:19.665,4096.4,2025-10-15 13:11:19.682,2025-10-15 13:11:19.684,2025-10-15 13:11:19.686,2025-10-15 13:11:19.835,2025-10-15 13:11:19.837,2025-10-15 13:11:19.900,FILLED,1.36,4096.4,LP_C,1,
701262,C1004,STD,B,XAUUSD,BUY,1.51,2025-10-15 13:11:23.970,4097.01,2025-10-15 13:11:24.035,,,,2025-10-15 13:11:24.037,2025-10-15 13:11:24.056,FILLED,1.51,4097.01,,0,
701263,C1014,RAW,B,XAUUSD,SELL,0.8,2025-10-15 13:11:26.252,4096.64,2025-10-15 13:11:26.311,,,,2025-10-15 13:11:26.313,2025-10-15 13:11:26.329,FILLED,0.8,4096.64,,0,
701264,C1046,STD,A,EURUSD,BUY,0.25,2025-10-15 13:11:29.831,1.16528,2025-10-15 13:11:29.883,2025-10-15 13:11:29.884,2025-10-15 13:11:29.885,2025-10-15 13:11:30.047,2025-10-15 13:11:30.048,2025-10-15 13:11:30.098,FILLED,0.25,1.16528,LP_C,2,
701265,C1058,RAW,B,GBPUSD,BUY,0.4,2025-10-15 13:11:45.132,1.33861,2025-10-15 13:11:45.150,,,,2025-10-15 13:11:45.151,2025-10-15 13:11:45.215,FILLED,0.4,1.33861,,0,
701266,C1044,STD,A,EURUSD,BUY,6.35,2025-10-15 13:11:45.983,1.16527,2025-10-15 13:11:46.032,2025-10-15 13:11:46.035,2025-10-15 13:11:46.035,2025-10-15 13:11:46.478,2025-10-15 13:11:46.480,2025-10-15 13:11:46.526,FILLED,6.35,1.16528,LP_A,1,
701267,C1048,STD,B,EURUSD,SELL,11.44,2025-10-15 13:11:46.279,1.16509,2025-10-15 13:11:46.325,,,,2025-10-15 13:11:46.328,2025-10-15 13:11:46.397,FILLED,11.44,1.16509,,0,
701268,C1044,STD,A,EURUSD,SELL,5.82,2025-10-15 13:11:47.433,1.16509,2025-10-15 13:11:47.503,2025-10-15 13:11:47.505,2025-10-15 13:11:47.507,2025-10-15 13:11:47.972,2025-10-15 13:11:47.973,2025-10-15 13:11:47.999,FILLED,5.82,1.16509,LP_A,1,
701269,C1058,RAW,B,XAUUSD,BUY,1.96,2025-10-15 13:11:53.368,4096.78,2025-10-15 13:11:53.402,,,,2025-10-15 13:11:53.405,2025-10-15 13:11:53.452,FILLED,1.96,4096.78,,0,
701270,C1051,STD,A,EURUSD,SELL,0.46,2025-10-15 13:12:01.512,1.16506,2025-10-15 13:12:01.564,2025-10-15 13:12:01.567,2025-10-15 13:12:01.568,2025-10-15 13:12:01.682,2025-10-15 13:12:01.684,2025-10-15 13:12:01.751,FILLED,0.46,1.16506,LP_C,1,
701271,C1002,STD,B,XAUUSD,SELL,1.77,2025-10-15 13:12:08.735,4096.39,2025-10-15 13:12:08.752,,,,2025-10-15 13:12:08.756,2025-10-15 13:12:08.785,FILLED,1.77,4096.39,,0,
701272,C1055,STD,A,XAUUSD,BUY,0.22,2025-10-15 13:12:08.946,4096.95,2025-10-15 13:12:08.999,2025-10-15 13:12:09.001,2025-10-15 13:12:09.002,2025-10-15 13:12:09.431,2025-10-15 13:12:09.432,2025-10-15 13:12:09.482,FILLED,0.22,4096.95,LP_A,1,
701273,C1025,STD,B,XAUUSD,BUY,0.18,2025-10-15 13:12:15.917,4097.35,2025-10-15 13:12:15.967,,,,2025-10-15 13:12:15.969,2025-10-15 13:12:16.013,FILLED,0.18,4097.35,,0,
701274,C1005,RAW,B,XAUUSD,BUY,1.5,2025-10-15 13:12:16.503,4097.07,2025-10-15 13:12:16.538,,,,2025-10-15 13:12:16.539,2025-10-15 13:12:16.588,FILLED,1.5,4097.07,,0,
701275,C1025,STD,B,EURUSD,BUY,0.51,2025-10-15 13:12:16.814,1.16526,2025-10-15 13:12:16.874,,,,2025-10-15 13:12:16.877,2025-10-15 13:12:16.913,FILLED,0.51,1.16527,,0,
701276,C1023,RAW,B,EURUSD,SELL,10.0,2025-10-15 13:12:31.596,1.16523,2025-10-15 13:12:31.642,,,,2025-10-15 13:12:31.644,2025-10-15 13:12:31.662,FILLED,10.0,1.16523,,0,
701277,C1041,RAW,A,XAUUSD,BUY,7.4,2025-10-15 13:12:35.305,4096.52,2025-10-15 13:12:35.355,2025-10-15 13:12:35.357,2025-10-15 13:12:35.358,2025-10-15 13:12:35.906,2025-10-15 13:12:35.908,2025-10-15 13:12:35.955,FILLED,7.4,4096.56,"LP_C,LP_A,LP_B",3,
701278,C1014,RAW,B,XAUUSD,SELL,0.86,2025-10-15 13:12:36.033,4096.34,2025-10-15 13:12:36.085,,,,2025-10-15 13:12:36.086,2025-10-15 13:12:36.117,FILLED,0.86,4096.34,,0,
701279,C1041,RAW,A,EURUSD,BUY,3.1,2025-10-15 13:12:38.600,1.16526,2025-10-15 13:12:38.659,2025-10-15 13:12:38.661,2025-10-15 13:12:38.662,2025-10-15 13:12:38.697,2025-10-15 13:12:38.699,2025-10-15 13:12:38.716,FILLED,3.1,1.16526,LP_B,1,
701280,C1006,STD,B,XAUUSD,SELL,1.82,2025-10-15 13:12:41.037,4096.24,2025-10-15 13:12:41.072,,,,2025-10-15 13:12:41.074,2025-10-15 13:12:41.091,FILLED,1.82,4096.24,,0,
701281,C1048,STD,B,EURUSD,BUY,5.63,2025-10-15 13:12:42.152,1.16535,2025-10-15 13:12:42.196,,,,2025-10-15 13:12:42.197,2025-10-15 13:12:42.214,FILLED,5.63,1.16535,,0,
701282,C1050,STD,A,EURUSD,SELL,5.54,2025-10-15 13:12:45.154,1.16515,2025-10-15 13:12:45.211,2025-10-15 13:12:45.213,2025-10-15 13:12:45.214,2025-10-15 13:12:45.356,2025-10-15 13:12:45.358,2025-10-15 13:12:45.383,FILLED,5.54,1.16515,LP_C,1,
701283,C1003,STD,A,EURUSD,BUY,1.13,2025-10-15 13:13:01.263,1.16535,2025-10-15 13:13:01.279,2025-10-15 13:13:01.281,2025-10-15 13:13:01.283,2025-10-15 13:13:01.319,2025-10-15 13:13:01.322,2025-10-15 13:13:01.367,FILLED,1.13,1.16535,LP_B,1,
701284,C1041,RAW,A,XAUUSD,BUY,2.6,2025-10-15 13:13:02.082,4096.85,2025-10-15 13:13:02.128,2025-10-15 13:13:02.131,2025-10-15 13:13:02.133,2025-10-15 13:13:02.734,2025-10-15 13:13:02.736,2025-10-15 13:13:02.796,FILLED,2.6,4096.89,"LP_B,LP_A",3,
701285,C1010,RAW,A,EURUSD,SELL,2.56,2025-10-15 13:13:02.337,1.16524,2025-10-15 13:13:02.404,2025-10-15 13:13:02.407,2025-10-15 13:13:02.407,2025-10-15 13:13:02.868,2025-10-15 13:13:02.870,2025-10-15 13:13:02.897,FILLED,2.56,1.16524,LP_A,1,
701286,C1048,STD,B,EURUSD,BUY,0.86,2025-10-15 13:13:07.370,1.16537,2025-10-15 13:13:07.405,,,,2025-10-15 13:13:07.409,2025-10-15 13:13:07.465,FILLED,0.86,1.16537,,0,
701287,C1006,STD,B,EURUSD,SELL,4.19,2025-10-15 13:13:07.776,1.16518,2025-10-15 13:13:07.816,,,,2025-10-15 13:13:07.819,2025-10-15 13:13:07.888,FILLED,4.19,1.16518,,0,
701288,C1056,RAW,A,EURUSD,BUY,0.78,2025-10-15 13:13:15.449,1.16531,2025-10-15 13:13:15.479,2025-10-15 13:13:15.482,2025-10-15 13:13:15.484,2025-10-15 13:13:15.879,2025-10-15 13:13:15.882,2025-10-15 13:13:15.929,FILLED,0.78,1.16531,LP_A,1,
701289,C1026,RAW,B,XAUUSD,SELL,1.74,2025-10-15 13:13:25.669,4096.8,2025-10-15 13:13:25.690,,,,2025-10-15 13:13:25.692,2025-10-15 13:13:25.733,FILLED,1.74,4096.8,,0,
701290,C1044,STD,A,EURUSD,SELL,1.62,2025-10-15 13:13:29.198,1.16521,2025-10-15 13:13:29.228,2025-10-15 13:13:29.230,2025-10-15 13:13:29.232,2025-10-15 13:13:29.641,2025-10-15 13:13:29.643,2025-10-15 13:13:29.704,FILLED,1.62,1.16521,LP_A,1,
701291,C1014,RAW,B,XAUUSD,BUY,0.31,2025-10-15 13:13:33.203,4096.98,2025-10-15 13:13:33.224,,,,2025-10-15 13:13:33.227,2025-10-15 13:13:33.284,FILLED,0.31,4096.98,,0,
701292,C1007,RAW,B,EURUSD,SELL,6.5,2025-10-15 13:13:35.568,1.1653,2025-10-15 13:13:35.586,,,,2025-10-15 13:13:35.588,2025-10-15 13:13:35.625,FILLED,6.5,1.1653,,0,
701293,C1015,STD,B,EURUSD,BUY,0.13,2025-10-15 13:13:41.754,1.1654,2025-10-15 13:13:41.774,,,,2025-10-15 13:13:41.776,2025-10-15 13:13:41.827,FILLED,0.13,1.1654,,0,
701294,C1021,STD,B,GBPUSD,BUY,0.23,2025-10-15 13:13:43.186,1.33855,2025-10-15 13:13:43.238,,,,2025-10-15 13:13:43.240,2025-10-15 13:13:43.262,FILLED,0.23,1.33855,,0,
701295,C1017,STD,B,EURUSD,SELL,1.86,2025-10-15 13:13:55.935,1.16517,2025-10-15 13:13:55.967,,,,2025-10-15 13:13:55.971,2025-10-15 13:13:56.002,FILLED,1.86,1.16517,,0,
701296,C1055,STD,A,EURUSD,SELL,0.59,2025-10-15 13:13:57.400,1.16518,2025-10-15 13:13:57.419,2025-10-15 13:13:57.420,2025-10-15 13:13:57.422,2025-10-15 13:13:57.570,2025-10-15 13:13:57.572,2025-10-15 13:13:57.621,FILLED,0.59,1.16518,LP_C,1,
701297,C1030,STD,A,GBPUSD,SELL,4.63,2025-10-15 13:13:59.527,1.33839,2025-10-15 13:13:59.547,2025-10-15 13:13:59.550,2025-10-15 13:13:59.551,2025-10-15 13:13:59.687,2025-10-15 13:13:59.688,2025-10-15 13:13:59.751,FILLED,4.63,1.33839,LP_C,1,
701298,C1039,STD,B,XAUUSD,BUY,0.19,2025-10-15 13:14:05.081,4097.04,2025-10-15 13:14:05.117,,,,2025-10-15 13:14:05.119,2025-10-15 13:14:05.140,FILLED,0.19,4097.04,,0,
701299,C1011,STD,B,GBPUSD,SELL,4.87,2025-10-15 13:14:08.506,1.33837,2025-10-15 13:14:08.574,,,,2025-10-15 13:14:08.577,2025-10-15 13:14:08.593,FILLED,4.87,1.33837,,0,
701300,C1010,RAW,A,EURUSD,SELL,1.94,2025-10-15 13:14:17.364,1.16529,2025-10-15 13:14:17.383,2025-10-15 13:14:17.384,2025-10-15 13:14:17.385,2025-10-15 13:14:17.806,2025-10-15 13:14:17.807,2025-10-15 13:14:17.851,FILLED,1.94,1.16529,LP_A,1,
701301,C1045,RAW,B,EURUSD,SELL,0.57,2025-10-15 13:14:18.607,1.16528,2025-10-15 13:14:18.655,,,,2025-10-15 13:14:18.657,2025-10-15 13:14:18.712,FILLED,0.57,1.16528,,0,
701302,C1045,RAW,B,XAUUSD,SELL,0.74,2025-10-15 13:14:22.263,4096.47,2025-10-15 13:14:22.285,,,,2025-10-15 13:14:22.289,2025-10-15 13:14:22.321,FILLED,0.74,4096.47,,0,
701303,C1032,STD,B,EURUSD,BUY,0.37,2025-10-15 13:14:22.306,1.16538,2025-10-15 13:14:22.345,,,,2025-10-15 13:14:22.349,2025-10-15 13:14:22.369,FILLED,0.37,1.16538,,0,
701304,C1057,STD,B,EURUSD,SELL,0.57,2025-10-15 13:14:27.334,1.16517,2025-10-15 13:14:27.369,,,,2025-10-15 13:14:27.370,2025-10-15 13:14:27.435,FILLED,0.57,1.16517,,0,
701305,C1052,RAW,A,XAUUSD,BUY,0.12,2025-10-15 13:14:29.380,4096.49,2025-10-15 13:14:29.429,2025-10-15 13:14:29.431,2025-10-15 13:14:29.431,2025-10-15 13:14:29.581,2025-10-15 13:14:29.582,2025-10-15 13:14:29.637,FILLED,0.12,4096.49,LP_C,1,
701306,C1057,STD,B,EURUSD,BUY,0.62,2025-10-15 13:14:33.639,1.16537,2025-10-15 13:14:33.687,,,,2025-10-15 13:14:33.690,2025-10-15 13:14:33.756,FILLED,0.62,1.16537,,0,
701307,C1058,RAW,B,XAUUSD,BUY,0.65,2025-10-15 13:14:37.082,4096.65,2025-10-15 13:14:37.122,,,,2025-10-15 13:14:37.125,2025-10-15 13:14:37.153,FILLED,0.65,4096.65,,0,
701308,C1002,STD,B,XAUUSD,SELL,0.36,2025-10-15 13:14:38.623,4096.31,2025-10-15 13:14:38.659,,,,2025-10-15 13:14:38.661,2025-10-15 13:14:38.686,FILLED,0.36,4096.31,,0,
701309,C1028,STD,A,EURUSD,BUY,0.42,2025-10-15 13:14:39.571,1.16539,2025-10-15 13:14:39.601,2025-10-15 13:14:39.604,2025-10-15 13:14:39.605,2025-10-15 13:14:40.077,2025-10-15 13:14:40.078,2025-10-15 13:14:40.106,FILLED,0.42,1.16539,LP_A,1,
701310,C1016,STD,A,XAUUSD,BUY,0.31,2025-10-15 13:14:41.073,4096.91,2025-10-15 13:14:41.121,2025-10-15 13:14:41.123,2025-10-15 13:14:41.124,2025-10-15 13:14:41.556,2025-10-15 13:14:41.557,2025-10-15 13:14:41.606,FILLED,0.31,4096.91,LP_A,1,
701311,C1055,STD,A,EURUSD,BUY,0.74,2025-10-15 13:14:43.593,1.16538,2025-10-15 13:14:43.634,2025-10-15 13:14:43.636,2025-10-15 13:14:43.637,2025-10-15 13:14:44.220,2025-10-15 13:14:44.222,2025-10-15 13:14:44.277,FILLED,0.74,1.16539,LP_A,2,
701312,C1026,RAW,B,GBPUSD,SELL,0.49,2025-10-15 13:14:45.861,1.33841,2025-10-15 13:14:45.889,,,,2025-10-15 13:14:45.893,2025-10-15 13:14:45.948,FILLED,0.49,1.33841,,0,
701313,C1041,RAW,A,EURUSD,SELL,9.6,2025-10-15 13:14:46.320,1.1653,2025-10-15 13:14:46.368,2025-10-15 13:14:46.370,2025-10-15 13:14:46.372,2025-10-15 13:14:46.773,2025-10-15 13:14:46.774,2025-10-15 13:14:46.792,FILLED,9.6,1.16531,LP_A,1,
701314,C1006,STD,B,GBPUSD,SELL,0.82,2025-10-15 13:14:55.315,1.33834,2025-10-15 13:14:55.378,,,,2025-10-15 13:14:55.379,2025-10-15 13:14:55.417,FILLED,0.82,1.33834,,0,
701315,C1057,STD,B,GBPUSD,SELL,3.23,2025-10-15 13:14:58.764,1.33835,2025-10-15 13:14:58.833,,,,2025-10-15 13:14:58.836,2025-10-15 13:14:58.886,FILLED,3.23,1.33835,,0,
701316,C1034,RAW,B,XAUUSD,SELL,0.87,2025-10-15 13:15:10.929,4096.76,2025-10-15 13:15:10.949,,,,2025-10-15 13:15:10.953,2025-10-15 13:15:10.974,FILLED,0.87,4096.76,,0,
701317,C1014,RAW,B,EURUSD,BUY,4.88,2025-10-15 13:15:15.923,1.16534,2025-10-15 13:15:15.939,,,,2025-10-15 13:15:15.943,2025-10-15 13:15:15.970,FILLED,4.88,1.16534,,0,
701318,C1046,STD,A,EURUSD,SELL,1.31,2025-10-15 13:15:19.579,1.16524,2025-10-15 13:15:19.595,2025-10-15 13:15:19.597,2025-10-15 13:15:19.597,2025-10-15 13:15:19.727,2025-10-15 13:15:19.729,2025-10-15 13:15:19.764,FILLED,1.31,1.16525,LP_C,1,
701319,C1036,STD,B,GBPUSD,SELL,0.91,2025-10-15 13:15:21.170,1.33832,2025-10-15 13:15:21.236,,,,2025-10-15 13:15:21.239,2025-10-15 13:15:21.277,FILLED,0.91,1.33832,,0,
701320,C1004,STD,B,GBPUSD,SELL,2.03,2025-10-15 13:15:33.518,1.33836,2025-10-15 13:15:33.539,,,,2025-10-15 13:15:33.541,2025-10-15 13:15:33.581,FILLED,2.03,1.33836,,0,
701321,C1052,RAW,A,XAUUSD,SELL,0.14,2025-10-15 13:15:34.140,4096.83,2025-10-15 13:15:34.203,2025-10-15 13:15:34.205,2025-10-15 13:15:34.206,2025-10-15 13:15:34.336,2025-10-15 13:15:34.338,2025-10-15 13:15:34.391,FILLED,0.14,4096.83,LP_C,1,
701322,C1020,STD,B,EURUSD,SELL,0.09,2025-10-15 13:15:36.043,1.16526,2025-10-15 13:15:36.086,,,,2025-10-15 13:15:36.087,2025-10-15 13:15:36.132,FILLED,0.09,1.16526,,0,
701323,C1044,STD,A,GBPUSD,BUY,2.12,2025-10-15 13:15:38.181,1.33859,2025-10-15 13:15:38.205,2025-10-15 13:15:38.208,2025-10-15 13:15:38.210,2025-10-15 13:15:38.365,2025-10-15 13:15:38.368,2025-10-15 13:15:38.413,FILLED,2.12,1.33859,LP_C,1,
701324,C1003,STD,A,EURUSD,BUY,0.42,2025-10-15 13:15:40.650,1.16547,2025-10-15 13:15:40.679,2025-10-15 13:15:40.682,2025-10-15 13:15:40.683,2025-10-15 13:15:40.724,2025-10-15 13:15:40.727,2025-10-15 13:15:40.767,FILLED,0.42,1.16547,LP_B,1,
701325,C1004,STD,B,EURUSD,BUY,0.37,2025-10-15 13:15:43.472,1.16546,2025-10-15 13:15:43.523,,,,2025-10-15 13:15:43.524,2025-10-15 13:15:43.563,FILLED,0.37,1.16546,,0,
701326,C1030,STD,A,XAUUSD,SELL,3.55,2025-10-15 13:15:48.231,4096.75,2025-10-15 13:15:48.284,2025-10-15 13:15:48.286,2025-10-15 13:15:48.287,2025-10-15 13:15:48.839,2025-10-15 13:15:48.842,2025-10-15 13:15:48.911,FILLED,3.55,4096.69,"LP_C,LP_A",2,
701327,C1020,STD,B,EURUSD,SELL,0.26,2025-10-15 13:15:49.157,1.16525,2025-10-15 13:15:49.184,,,,2025-10-15 13:15:49.185,2025-10-15 13:15:49.203,FILLED,0.26,1.16525,,0,
701328,C1002,STD,B,EURUSD,BUY,0.41,2025-10-15 13:15:55.211,1.16544,2025-10-15 13:15:55.261,,,,2025-10-15 13:15:55.264,2025-10-15 13:15:55.314,FILLED,0.41,1.16544,,0,
701329,C1015,STD,B,XAUUSD,BUY,0.5,2025-10-15 13:15:55.810,4097.49,2025-10-15 13:15:55.869,,,,2025-10-15 13:15:55.872,2025-10-15 13:15:55.918,FILLED,0.5,4097.49,,0,
701330,C1014,RAW,B,EURUSD,BUY,4.44,2025-10-15 13:16:08.059,1.16541,2025-10-15 13:16:08.089,,,,2025-10-15 13:16:08.093,2025-10-15 13:16:08.120,FILLED,4.44,1.16541,,0,
701331,C1055,STD,A,EURUSD,BUY,0.24,2025-10-15 13:16:08.838,1.1655,2025-10-15 13:16:08.863,2025-10-15 13:16:08.865,2025-10-15 13:16:08.866,2025-10-15 13:16:09.264,2025-10-15 13:16:09.265,2025-10-15 13:16:09.295,FILLED,0.24,1.1655,LP_A,1,
701332,C1025,STD,B,XAUUSD,BUY,1.48,2025-10-15 13:16:10.682,4097.55,2025-10-15 13:16:10.702,,,,2025-10-15 13:16:10.704,2025-10-15 13:16:10.727,FILLED,1.48,4097.55,,0,
701333,C1010,RAW,A,XAUUSD,BUY,1.77,2025-10-15 13:16:12.163,4097.27,2025-10-15 13:16:12.182,2025-10-15 13:16:12.184,2025-10-15 13:16:12.186,2025-10-15 13:16:12.609,2025-10-15 13:16:12.612,2025-10-15 13:16:12.659,FILLED,1.77,4097.25,LP_A,1,
701334,C1028,STD,A,XAUUSD,SELL,0.52,2025-10-15 13:16:15.523,4096.84,2025-10-15 13:16:15.565,2025-10-15 13:16:15.568,2025-10-15 13:16:15.569,2025-10-15 13:16:15.606,2025-10-15 13:16:15.608,2025-10-15 13:16:15.670,FILLED,0.52,4096.84,LP_B,1,
701335,C1013,STD,A,EURUSD,BUY,0.88,2025-10-15 13:16:25.336,1.16545,2025-10-15 13:16:25.355,2025-10-15 13:16:25.357,2025-10-15 13:16:25.358,2025-10-15 13:16:25.489,2025-10-15 13:16:25.490,2025-10-15 13:16:25.557,FILLED,0.88,1.16545,LP_C,1,
701336,C1041,RAW,A,XAUUSD,SELL,9.5,2025-10-15 13:16:26.211,4097.18,2025-10-15 13:16:26.244,2025-10-15 13:16:26.246,2025-10-15 13:16:26.247,2025-10-15 13:16:26.797,2025-10-15 13:16:26.798,2025-10-15 13:16:26.860,FILLED,9.5,4097.07,"LP_C,LP_B,LP_A",3,
701337,C1055,STD,A,EURUSD,SELL,0.16,2025-10-15 13:16:33.773,1.16525,2025-10-15 13:16:33.810,2025-10-15 13:16:33.813,2025-10-15 13:16:33.814,2025-10-15 13:16:34.218,2025-10-15 13:16:34.220,2025-10-15 13:16:34.253,FILLED,0.16,1.16525,LP_A,1,
701338,C1045,RAW,B,GBPUSD,SELL,0.23,2025-10-15 13:16:35.217,1.3385,2025-10-15 13:16:35.255,,,,2025-10-15 13:16:35.258,2025-10-15 13:16:35.283,FILLED,0.23,1.3385,,0,
701339,C1018,RAW,B,GBPUSD,BUY,0.77,2025-10-15 13:16:38.070,1.33856,2025-10-15 13:16:38.118,,,,2025-10-15 13:16:38.121,2025-10-15 13:16:38.156,FILLED,0.77,1.33856,,0,
701340,C1029,STD,B,GBPUSD,SELL,1.28,2025-10-15 13:16:47.181,1.33843,2025-10-15 13:16:47.251,,,,2025-10-15 13:16:47.254,2025-10-15 13:16:47.271,FILLED,1.28,1.33843,,0,
701341,C1035,STD,B,EURUSD,BUY,0.33,2025-10-15 13:16:51.510,1.16548,2025-10-15 13:16:51.556,,,,2025-10-15 13:16:51.559,2025-10-15 13:16:51.598,FILLED,0.33,1.16548,,0,
701342,C1028,STD,A,EURUSD,SELL,0.51,2025-10-15 13:16:53.208,1.16529,2025-10-15 13:16:53.231,2025-10-15 13:16:53.233,2025-10-15 13:16:53.234,2025-10-15 13:16:53.363,2025-10-15 13:16:53.366,2025-10-15 13:16:53.433,FILLED,0.51,1.16529,LP_C,1,
701343,C1051,STD,A,EURUSD,BUY,1.72,2025-10-15 13:16:57.165,1.16548,2025-10-15 13:16:57.209,2025-10-15 13:16:57.212,2025-10-15 13:16:57.213,2025-10-15 13:16:57.670,2025-10-15 13:16:57.672,2025-10-15 13:16:57.716,FILLED,1.72,1.16548,LP_A,1,
701344,C1018,RAW,B,EURUSD,SELL,0.66,2025-10-15 13:17:01.743,1.16536,2025-10-15 13:17:01.773,,,,2025-10-15 13:17:01.777,2025-10-15 13:17:01.803,FILLED,0.66,1.16536,,0,
701345,C1011,STD,B,EURUSD,SELL,0.88,2025-10-15 13:17:03.879,1.16529,2025-10-15 13:17:03.946,,,,2025-10-15 13:17:03.950,2025-10-15 13:17:03.994,FILLED,0.88,1.16529,,0,
701346,C1023,RAW,B,EURUSD,SELL,4.1,2025-10-15 13:17:09.083,1.16538,2025-10-15 13:17:09.126,,,,2025-10-15 13:17:09.129,2025-10-15 13:17:09.178,FILLED,4.1,1.16538,,0,
701347,C1029,STD,B,EURUSD,SELL,1.14,2025-10-15 13:17:20.250,1.16532,2025-10-15 13:17:20.298,,,,2025-10-15 13:17:20.300,2025-10-15 13:17:20.360,FILLED,1.14,1.16532,,0,
701348,C1012,RAW,A,XAUUSD,BUY,0.61,2025-10-15 13:17:22.001,4097.58,2025-10-15 13:17:22.048,2025-10-15 13:17:22.050,2025-10-15 13:17:22.051,2025-10-15 13:17:22.428,2025-10-15 13:17:22.431,2025-10-15 13:17:22.451,FILLED,0.61,4097.58,LP_A,1,
701349,C1003,STD,A,EURUSD,BUY,0.7,2025-10-15 13:17:28.477,1.1655,2025-10-15 13:17:28.538,2025-10-15 13:17:28.541,2025-10-15 13:17:28.542,2025-10-15 13:17:28.649,2025-10-15 13:17:28.651,2025-10-15 13:17:28.680,FILLED,0.7,1.1655,LP_C,1,
701350,C1020,STD,B,GBPUSD,BUY,2.12,2025-10-15 13:17:35.768,1.33864,2025-10-15 13:17:35.829,,,,2025-10-15 13:17:35.831,2025-10-15 13:17:35.872,FILLED,2.12,1.33864,,0,
701351,C1023,RAW,B,XAUUSD,BUY,7.7,2025-10-15 13:17:44.784,4097.75,2025-10-15 13:17:44.839,,,,2025-10-15 13:17:44.842,2025-10-15 13:17:44.887,FILLED,7.7,4097.75,,0,
701352,C1058,RAW,B,EURUSD,BUY,2.44,2025-10-15 13:17:47.957,1.16537,2025-10-15 13:17:48.008,,,,2025-10-15 13:17:48.011,2025-10-15 13:17:48.063,FILLED,2.44,1.16537,,0,
701353,C1052,RAW,A,XAUUSD,SELL,1.06,2025-10-15 13:17:48.496,4097.6,2025-10-15 13:17:48.540,2025-10-15 13:17:48.541,2025-10-15 13:17:48.543,2025-10-15 13:17:48.969,2025-10-15 13:17:48.971,2025-10-15 13:17:49.018,FILLED,1.06,4097.6,LP_A,1,
701354,C1054,RAW,A,EURUSD,BUY,1.85,2025-10-15 13:17:49.401,1.16537,2025-10-15 13:17:49.445,2025-10-15 13:17:49.446,2025-10-15 13:17:49.447,2025-10-15 13:17:49.853,2025-10-15 13:17:49.856,2025-10-15 13:17:49.896,FILLED,1.85,1.16537,LP_A,1,
701355,C1052,RAW,A,XAUUSD,SELL,2.62,2025-10-15 13:17:50.184,4097.47,2025-10-15 13:17:50.216,2025-10-15 13:17:50.218,2025-10-15 13:17:50.220,2025-10-15 13:17:50.378,2025-10-15 13:17:50.380,2025-10-15 13:17:50.430,FILLED,2.62,4097.46,"LP_C,LP_B",2,
701356,C1002,STD,B,XAUUSD,SELL,1.62,2025-10-15 13:18:02.325,4097.33,2025-10-15 13:18:02.375,,,,2025-10-15 13:18:02.377,2025-10-15 13:18:02.422,FILLED,1.62,4097.33,,0,
701357,C1040,STD,A,EURUSD,BUY,0.8,2025-10-15 13:18:02.825,1.16545,2025-10-15 13:18:02.884,2025-10-15 13:18:02.886,2025-10-15 13:18:02.888,2025-10-15 13:18:03.026,2025-10-15 13:18:03.028,2025-10-15 13:18:03.063,FILLED,0.8,1.16545,LP_C,1,
701358,C1017,STD,B,XAUUSD,BUY,0.1,2025-10-15 13:18:10.046,4097.8,2025-10-15 13:18:10.071,,,,2025-10-15 13:18:10.074,2025-10-15 13:18:10.096,FILLED,0.1,4097.8,,0,
701359,C1009,RAW,B,EURUSD,SELL,0.59,2025-10-15 13:18:15.072,1.16536,2025-10-15 13:18:15.108,,,,2025-10-15 13:18:15.109,2025-10-15 13:18:15.134,FILLED,0.59,1.16536,,0,
701360,C1023,RAW,B,XAUUSD,BUY,6.1,2025-10-15 13:18:25.386,4097.28,2025-10-15 13:18:25.422,,,,2025-10-15 13:18:25.424,2025-10-15 13:18:25.465,FILLED,6.1,4097.28,,0,
701361,C1037,STD,A,XAUUSD,SELL,4.39,2025-10-15 13:18:26.982,4097.01,2025-10-15 13:18:27.030,2025-10-15 13:18:27.032,2025-10-15 13:18:27.033,2025-10-15 13:18:27.652,2025-10-15 13:18:27.653,2025-10-15 13:18:27.718,PARTIAL,4.0,4096.84,"LP_A,LP_C",3,
701362,C1057,STD,B,EURUSD,BUY,0.98,2025-10-15 13:18:29.061,1.16549,2025-10-15 13:18:29.130,,,,2025-10-15 13:18:29.134,2025-10-15 13:18:29.158,FILLED,0.98,1.16549,,0,
701363,C1046,STD,A,EURUSD,BUY,0.85,2025-10-15 13:18:31.671,1.16549,2025-10-15 13:18:31.706,2025-10-15 13:18:31.709,2025-10-15 13:18:31.710,2025-10-15 13:18:31.752,2025-10-15 13:18:31.754,2025-10-15 13:18:31.796,FILLED,0.85,1.16549,LP_B,1,
701364,C1053,STD,B,EURUSD,BUY,0.54,2025-10-15 13:18:33.033,1.16549,2025-10-15 13:18:33.094,,,,2025-10-15 13:18:33.097,2025-10-15 13:18:33.150,FILLED,0.54,1.16549,,0,
701365,C1046,STD,A,XAUUSD,SELL,1.11,2025-10-15 13:18:46.088,4096.88,2025-10-15 13:18:46.134,2025-10-15 13:18:46.136,2025-10-15 13:18:46.138,2025-10-15 13:18:46.309,2025-10-15 13:18:46.312,2025-10-15 13:18:46.343,FILLED,1.11,4096.85,LP_B,2,
701366,C1001,RAW,A,EURUSD,SELL,4.44,2025-10-15 13:18:53.357,1.16538,2025-10-15 13:18:53.403,2025-10-15 13:18:53.405,2025-10-15 13:18:53.406,2025-10-15 13:18:53.865,2025-10-15 13:18:53.868,2025-10-15 13:18:53.930,FILLED,4.44,1.16538,LP_A,1,
701367,C1055,STD,A,GBPUSD,SELL,0.46,2025-10-15 13:19:04.776,1.33839,2025-10-15 13:19:04.818,2025-10-15 13:19:04.821,2025-10-15 13:19:04.822,2025-10-15 13:19:05.354,2025-10-15 13:19:05.357,2025-10-15 13:19:05.408,FILLED,0.46,1.33837,LP_A,2,
701368,C1020,STD,B,GBPUSD,BUY,0.68,2025-10-15 13:19:05.556,1.3386,2025-10-15 13:19:05.573,,,,2025-10-15 13:19:05.576,2025-10-15 13:19:05.610,FILLED,0.68,1.3386,,0,
701369,C1023,RAW,B,EURUSD,BUY,8.8,2025-10-15 13:19:07.290,1.16538,2025-10-15 13:19:07.357,,,,2025-10-15 13:19:07.359,2025-10-15 13:19:07.417,FILLED,8.8,1.16538,,0,
701370,C1036,STD,B,GBPUSD,BUY,2.09,2025-10-15 13:19:17.338,1.33857,2025-10-15 13:19:17.386,,,,2025-10-15 13:19:17.388,2025-10-15 13:19:17.413,FILLED,2.09,1.33857,,0,
701371,C1012,RAW,A,EURUSD,BUY,0.56,2025-10-15 13:19:18.628,1.16535,2025-10-15 13:19:18.669,2025-10-15 13:19:18.671,2025-10-15 13:19:18.673,2025-10-15 13:19:18.832,2025-10-15 13:19:18.835,2025-10-15 13:19:18.873,FILLED,0.56,1.16535,LP_C,1,
701372,C1032,STD,B,GBPUSD,SELL,0.63,2025-10-15 13:19:28.981,1.33839,2025-10-15 13:19:28.997,,,,2025-10-15 13:19:28.998,2025-10-15 13:19:29.026,FILLED,0.63,1.33839,,0,
701373,C1028,STD,A,EURUSD,SELL,5.2,2025-10-15 13:19:32.122,1.16525,2025-10-15 13:19:32.144,2025-10-15 13:19:32.146,2025-10-15 13:19:32.146,2025-10-15 13:19:32.276,2025-10-15 13:19:32.278,2025-10-15 13:19:32.331,FILLED,5.2,1.16525,LP_C,1,
701374,C1033,STD,B,EURUSD,SELL,1.14,2025-10-15 13:19:35.454,1.16525,2025-10-15 13:19:35.476,,,,2025-10-15 13:19:35.478,2025-10-15 13:19:35.521,FILLED,1.14,1.16525,,0,
701375,C1011,STD,B,GBPUSD,SELL,1.18,2025-10-15 13:19:36.706,1.33835,2025-10-15 13:19:36.743,,,,2025-10-15 13:19:36.746,2025-10-15 13:19:36.799,FILLED,1.18,1.33835,,0,
701376,C1041,RAW,A,XAUUSD,BUY,4.8,2025-10-15 13:19:42.948,4096.82,2025-10-15 13:19:42.997,2025-10-15 13:19:42.999,2025-10-15 13:19:43.000,2025-10-15 13:19:43.601,2025-10-15 13:19:43.604,2025-10-15 13:19:43.632,FILLED,4.8,4096.88,"LP_C,LP_A",2,
701377,C1056,RAW,A,GBPUSD,BUY,0.41,2025-10-15 13:19:52.390,1.33851,2025-10-15 13:19:52.421,2025-10-15 13:19:52.422,2025-10-15 13:19:52.424,2025-10-15 13:19:52.840,2025-10-15 13:19:52.842,2025-10-15 13:19:52.867,FILLED,0.41,1.33851,LP_A,1,
701378,C1044,STD,A,XAUUSD,BUY,1.29,2025-10-15 13:19:53.043,4096.97,2025-10-15 13:19:53.105,2025-10-15 13:19:53.108,2025-10-15 13:19:53.109,2025-10-15 13:19:53.482,2025-10-15 13:19:53.485,2025-10-15 13:19:53.544,FILLED,1.29,4096.95,LP_A,1,
701379,C1024,STD,B,GBPUSD,SELL,2.38,2025-10-15 13:19:57.622,1.33838,2025-10-15 13:19:57.654,,,,2025-10-15 13:19:57.657,2025-10-15 13:19:57.701,FILLED,2.38,1.33838,,0,
701380,C1053,STD,B,EURUSD,BUY,10.81,2025-10-15 13:19:58.436,1.16544,2025-10-15 13:19:58.468,,,,2025-10-15 13:19:58.469,2025-10-15 13:19:58.514,FILLED,10.81,1.16544,,0,
701381,C1007,RAW,B,XAUUSD,BUY,8.2,2025-10-15 13:20:05.426,4096.41,2025-10-15 13:20:05.464,,,,2025-10-15 13:20:05.466,2025-10-15 13:20:05.499,FILLED,8.2,4096.41,,0,
701382,C1025,STD,B,EURUSD,SELL,2.73,2025-10-15 13:20:24.530,1.1652,2025-10-15 13:20:24.586,,,,2025-10-15 13:20:24.587,2025-10-15 13:20:24.653,FILLED,2.73,1.1652,,0,
701383,C1023,RAW,B,EURUSD,BUY,9.2,2025-10-15 13:20:26.025,1.16529,2025-10-15 13:20:26.095,,,,2025-10-15 13:20:26.097,2025-10-15 13:20:26.123,FILLED,9.2,1.16529,,0,
701384,C1045,RAW,B,EURUSD,SELL,3.05,2025-10-15 13:20:28.286,1.16527,2025-10-15 13:20:28.350,,,,2025-10-15 13:20:28.354,2025-10-15 13:20:28.391,FILLED,3.05,1.16527,,0,
701385,C1041,RAW,A,XAUUSD,BUY,10.0,2025-10-15 13:20:31.742,4096.3,2025-10-15 13:20:31.799,2025-10-15 13:20:31.800,2025-10-15 13:20:31.802,2025-10-15 13:20:31.968,2025-10-15 13:20:31.970,2025-10-15 13:20:32.029,PARTIAL,7.5,4096.32,"LP_A,LP_C,LP_B",3,
701386,C1042,STD,A,XAUUSD,SELL,0.65,2025-10-15 13:20:33.606,4095.9,2025-10-15 13:20:33.632,2025-10-15 13:20:33.635,2025-10-15 13:20:33.636,2025-10-15 13:20:33.642,2025-10-15 13:20:33.644,2025-10-15 13:20:33.688,FILLED,0.65,4095.9,LP_A,1,
701387,C1049,STD,A,GBPUSD,BUY,2.11,2025-10-15 13:20:37.628,1.33866,2025-10-15 13:20:37.688,2025-10-15 13:20:37.689,2025-10-15 13:20:37.691,2025-10-15 13:20:37.799,2025-10-15 13:20:37.801,2025-10-15 13:20:37.830,FILLED,2.11,1.33866,LP_C,1,
701388,C1035,STD,B,EURUSD,BUY,0.28,2025-10-15 13:20:46.257,1.1654,2025-10-15 13:20:46.321,,,,2025-10-15 13:20:46.324,2025-10-15 13:20:46.381,FILLED,0.28,1.1654,,0,
701389,C1058,RAW,B,EURUSD,BUY,8.04,2025-10-15 13:20:52.044,1.16535,2025-10-15 13:20:52.084,,,,2025-10-15 13:20:52.085,2025-10-15 13:20:52.127,FILLED,8.04,1.16535,,0,
701390,C1054,RAW,A,EURUSD,BUY,1.12,2025-10-15 13:21:10.014,1.16533,2025-10-15 13:21:10.074,2025-10-15 13:21:10.076,2025-10-15 13:21:10.078,2025-10-15 13:21:10.087,2025-10-15 13:21:10.089,2025-10-15 13:21:10.114,FILLED,1.12,1.16533,LP_A,1,
701391,C1040,STD,A,XAUUSD,SELL,0.79,2025-10-15 13:21:14.259,4095.94,2025-10-15 13:21:14.306,2025-10-15 13:21:14.307,2025-10-15 13:21:14.308,2025-10-15 13:21:14.415,2025-10-15 13:21:14.417,2025-10-15 13:21:14.446,FILLED,0.79,4095.94,LP_C,1,
701392,C1026,RAW,B,EURUSD,BUY,0.77,2025-10-15 13:21:34.770,1.16533,2025-10-15 13:21:34.830,,,,2025-10-15 13:21:34.832,2025-10-15 13:21:34.879,FILLED,0.77,1.16533,,0,
701393,C1047,STD,A,EURUSD,SELL,1.77,2025-10-15 13:21:36.253,1.16522,2025-10-15 13:21:36.278,2025-10-15 13:21:36.280,2025-10-15 13:21:36.281,2025-10-15 13:21:36.320,2025-10-15 13:21:36.322,2025-10-15 13:21:36.381,FILLED,1.77,1.16522,LP_B,1,
701394,C1007,RAW,B,XAUUSD,SELL,7.7,2025-10-15 13:21:38.049,4096.47,2025-10-15 13:21:38.107,,,,2025-10-15 13:21:38.108,2025-10-15 13:21:38.139,FILLED,7.7,4096.47,,0,
701395,C1014,RAW,B,XAUUSD,BUY,0.17,2025-10-15 13:21:40.772,4096.58,2025-10-15 13:21:40.793,,,,2025-10-15 13:21:40.797,2025-10-15 13:21:40.854,FILLED,0.17,4096.58,,0,
701396,C1040,STD,A,XAUUSD,BUY,2.28,2025-10-15 13:21:42.745,4096.79,2025-10-15 13:21:42.764,2025-10-15 13:21:42.766,2025-10-15 13:21:42.767,2025-10-15 13:21:42.775,2025-10-15 13:21:42.777,2025-10-15 13:21:42.808,FILLED,2.28,4096.79,LP_A,1,
701397,C1039,STD,B,EURUSD,BUY,1.21,2025-10-15 13:21:44.890,1.16537,2025-10-15 13:21:44.945,,,,2025-10-15 13:21:44.948,2025-10-15 13:21:45.013,FILLED,1.21,1.16537,,0,
701398,C1027,STD,B,EURUSD,BUY,0.3,2025-10-15 13:21:48.087,1.16538,2025-10-15 13:21:48.122,,,,2025-10-15 13:21:48.125,2025-10-15 13:21:48.164,FILLED,0.3,1.16538,,0,
701399,C1014,RAW,B,XAUUSD,SELL,2.55,2025-10-15 13:21:49.812,4096.56,2025-10-15 13:21:49.857,,,,2025-10-15 13:21:49.859,2025-10-15 13:21:49.906,FILLED,2.55,4096.56,,0,
701400,C1029,STD,B,XAUUSD,SELL,2.98,2025-10-15 13:21:53.788,4096.3,2025-10-15 13:21:53.846,,,,2025-10-15 13:21:53.848,2025-10-15 13:21:53.889,FILLED,2.98,4096.28,,0,
701401,C1021,STD,B,EURUSD,SELL,1.63,2025-10-15 13:21:56.062,1.16517,2025-10-15 13:21:56.085,,,,2025-10-15 13:21:56.086,2025-10-15 13:21:56.151,FILLED,1.63,1.16517,,0,
701402,C1015,STD,B,EURUSD,BUY,0.43,2025-10-15 13:21:56.348,1.16536,2025-10-15 13:21:56.408,,,,2025-10-15 13:21:56.411,2025-10-15 13:21:56.450,FILLED,0.43,1.16537,,0,
701403,C1009,RAW,B,XAUUSD,SELL,0.48,2025-10-15 13:22:04.129,4096.15,2025-10-15 13:22:04.197,,,,2025-10-15 13:22:04.201,2025-10-15 13:22:04.232,FILLED,0.48,4096.15,,0,
701404,C1012,RAW,A,XAUUSD,BUY,0.1,2025-10-15 13:22:11.818,4095.89,2025-10-15 13:22:11.848,2025-10-15 13:22:11.851,2025-10-15 13:22:11.852,2025-10-15 13:22:11.970,2025-10-15 13:22:11.972,2025-10-15 13:22:12.005,FILLED,0.1,4095.99,LP_A,2,
701405,C1041,RAW,A,EURUSD,BUY,5.8,2025-10-15 13:22:13.337,1.16529,2025-10-15 13:22:13.360,2025-10-15 13:22:13.363,2025-10-15 13:22:13.364,2025-10-15 13:22:13.371,2025-10-15 13:22:13.374,2025-10-15 13:22:13.441,FILLED,5.8,1.16529,LP_A,1,
701406,C1025,STD,B,EURUSD,BUY,0.33,2025-10-15 13:22:16.536,1.16537,2025-10-15 13:22:16.587,,,,2025-10-15 13:22:16.588,2025-10-15 13:22:16.635,FILLED,0.33,1.16537,,0,
701407,C1046,STD,A,EURUSD,BUY,0.18,2025-10-15 13:22:31.885,1.16532,2025-10-15 13:22:31.920,2025-10-15 13:22:31.921,2025-10-15 13:22:31.923,2025-10-15 13:22:31.931,2025-10-15 13:22:31.933,2025-10-15 13:22:31.954,FILLED,0.18,1.16532,LP_A,1,
701408,C1004,STD,B,XAUUSD,BUY,0.1,2025-10-15 13:22:32.240,4096.26,2025-10-15 13:22:32.285,,,,2025-10-15 13:22:32.286,2025-10-15 13:22:32.344,FILLED,0.1,4096.26,,0,
701409,C1060,STD,B,XAUUSD,SELL,3.54,2025-10-15 13:22:39.522,4095.73,2025-10-15 13:22:39.566,,,,2025-10-15 13:22:39.569,2025-10-15 13:22:39.591,FILLED,3.54,4095.73,,0,
701410,C1044,STD,A,XAUUSD,SELL,0.68,2025-10-15 13:22:45.682,4095.73,2025-10-15 13:22:45.732,2025-10-15 13:22:45.734,2025-10-15 13:22:45.736,2025-10-15 13:22:45.745,2025-10-15 13:22:45.748,2025-10-15 13:22:45.769,FILLED,0.68,4095.73,LP_A,1,
701411,C1035,STD,B,EURUSD,BUY,1.93,2025-10-15 13:22:49.021,1.16533,2025-10-15 13:22:49.041,,,,2025-10-15 13:22:49.044,2025-10-15 13:22:49.096,FILLED,1.93,1.16533,,0,
701412,C1051,STD,A,EURUSD,BUY,3.26,2025-10-15 13:22:49.836,1.16533,2025-10-15 13:22:49.890,2025-10-15 13:22:49.891,2025-10-15 13:22:49.893,2025-10-15 13:22:50.018,2025-10-15 13:22:50.020,2025-10-15 13:22:50.069,FILLED,3.26,1.16534,LP_C,1,
701413,C1013,STD,A,GBPUSD,SELL,0.62,2025-10-15 13:22:52.725,1.33838,2025-10-15 13:22:52.743,2025-10-15 13:22:52.744,2025-10-15 13:22:52.745,2025-10-15 13:22:52.786,2025-10-15 13:22:52.787,2025-10-15 13:22:52.835,FILLED,0.62,1.33838,LP_B,1,
701414,C1060,STD,B,XAUUSD,SELL,0.25,2025-10-15 13:22:52.824,4095.7,2025-10-15 13:22:52.850,,,,2025-10-15 13:22:52.852,2025-10-15 13:22:52.869,FILLED,0.25,4095.7,,0,
701415,C1049,STD,A,EURUSD,SELL,1.51,2025-10-15 13:22:58.954,1.16518,2025-10-15 13:22:59.002,2025-10-15 13:22:59.003,2025-10-15 13:22:59.005,2025-10-15 13:22:59.011,2025-10-15 13:22:59.013,2025-10-15 13:22:59.039,FILLED,1.51,1.16518,LP_A,1,
701416,C1019,STD,A,EURUSD,BUY,1.48,2025-10-15 13:23:00.543,1.16536,2025-10-15 13:23:00.581,2025-10-15 13:23:00.583,2025-10-15 13:23:00.584,2025-10-15 13:23:00.735,2025-10-15 13:23:00.737,2025-10-15 13:23:00.786,FILLED,1.48,1.16536,LP_C,1,
701417,C1034,RAW,B,EURUSD,BUY,1.82,2025-10-15 13:23:01.169,1.16528,2025-10-15 13:23:01.222,,,,2025-10-15 13:23:01.225,2025-10-15 13:23:01.286,FILLED,1.82,1.16528,,0,
701418,C1025,STD,B,EURUSD,BUY,2.32,2025-10-15 13:23:08.245,1.16536,2025-10-15 13:23:08.309,,,,2025-10-15 13:23:08.312,2025-10-15 13:23:08.364,FILLED,2.32,1.16536,,0,
701419,C1052,RAW,A,EURUSD,SELL,0.62,2025-10-15 13:23:22.281,1.16527,2025-10-15 13:23:22.322,2025-10-15 13:23:22.324,2025-10-15 13:23:22.325,2025-10-15 13:23:22.450,2025-10-15 13:23:22.453,2025-10-15 13:23:22.479,FILLED,0.62,1.16527,LP_C,1,
701420,C1013,STD,A,XAUUSD,SELL,0.46,2025-10-15 13:23:26.784,4095.61,2025-10-15 13:23:26.837,2025-10-15 13:23:26.840,2025-10-15 13:23:26.841,2025-10-15 13:23:26.990,2025-10-15 13:23:26.992,2025-10-15 13:23:27.046,FILLED,0.46,4095.57,LP_A,2,
701421,C1048,STD,B,EURUSD,SELL,4.13,2025-10-15 13:23:27.070,1.16518,2025-10-15 13:23:27.138,,,,2025-10-15 13:23:27.140,2025-10-15 13:23:27.164,FILLED,4.13,1.16518,,0,
701422,C1003,STD,A,GBPUSD,BUY,0.53,2025-10-15 13:23:28.980,1.33854,2025-10-15 13:23:29.029,2025-10-15 13:23:29.032,2025-10-15 13:23:29.033,2025-10-15 13:23:29.040,2025-10-15 13:23:29.042,2025-10-15 13:23:29.067,FILLED,0.53,1.33854,LP_A,1,
701423,C1024,STD,B,GBPUSD,BUY,0.42,2025-10-15 13:23:38.130,1.33858,2025-10-15 13:23:38.145,,,,2025-10-15 13:23:38.148,2025-10-15 13:23:38.170,FILLED,0.42,1.33858,,0,
701424,C1035,STD,B,EURUSD,BUY,0.48,2025-10-15 13:23:38.270,1.16536,2025-10-15 13:23:38.327,,,,2025-10-15 13:23:38.328,2025-10-15 13:23:38.395,FILLED,0.48,1.16536,,0,
701425,C1014,RAW,B,EURUSD,BUY,0.33,2025-10-15 13:23:44.908,1.16529,2025-10-15 13:23:44.942,,,,2025-10-15 13:23:44.943,2025-10-15 13:23:44.974,FILLED,0.33,1.16529,,0,
701426,C1053,STD,B,EURUSD,BUY,0.99,2025-10-15 13:23:57.797,1.16538,2025-10-15 13:23:57.836,,,,2025-10-15 13:23:57.839,2025-10-15 13:23:57.899,FILLED,0.99,1.16538,,0,
701427,C1037,STD,A,GBPUSD,SELL,1.23,2025-10-15 13:23:59.536,1.3384,2025-10-15 13:23:59.573,2025-10-15 13:23:59.575,2025-10-15 13:23:59.576,2025-10-15 13:23:59.582,2025-10-15 13:23:59.585,2025-10-15 13:23:59.619,FILLED,1.23,1.3384,LP_A,1,
701428,C1048,STD,B,EURUSD,SELL,1.09,2025-10-15 13:24:01.755,1.16521,2025-10-15 13:24:01.795,,,,2025-10-15 13:24:01.797,2025-10-15 13:24:01.848,FILLED,1.09,1.16521,,0,
701429,C1042,STD,A,EURUSD,BUY,1.03,2025-10-15 13:24:02.660,1.1654,2025-10-15 13:24:02.694,2025-10-15 13:24:02.695,2025-10-15 13:24:02.697,2025-10-15 13:24:02.804,2025-10-15 13:24:02.806,2025-10-15 13:24:02.855,FILLED,1.03,1.1654,LP_C,1,
701430,C1035,STD,B,XAUUSD,BUY,2.79,2025-10-15 13:24:08.285,4095.79,2025-10-15 13:24:08.323,,,,2025-10-15 13:24:08.325,2025-10-15 13:24:08.376,FILLED,2.79,4095.79,,0,
701431,C1052,RAW,A,XAUUSD,BUY,0.31,2025-10-15 13:24:08.996,4095.59,2025-10-15 13:24:09.019,2025-10-15 13:24:09.022,2025-10-15 13:24:09.023,2025-10-15 13:24:09.031,2025-10-15 13:24:09.033,2025-10-15 13:24:09.069,FILLED,0.31,4095.59,LP_A,1,
701432,C1052,RAW,A,EURUSD,BUY,1.53,2025-10-15 13:24:11.010,1.16533,2025-10-15 13:24:11.040,2025-10-15 13:24:11.042,2025-10-15 13:24:11.044,2025-10-15 13:24:11.175,2025-10-15 13:24:11.176,2025-10-15 13:24:11.223,FILLED,1.53,1.16533,LP_C,1,
701433,C1008,STD,A,GBPUSD,BUY,1.95,2025-10-15 13:24:22.334,1.33864,2025-10-15 13:24:22.369,2025-10-15 13:24:22.370,2025-10-15 13:24:22.371,2025-10-15 13:24:22.377,2025-10-15 13:24:22.380,2025-10-15 13:24:22.428,FILLED,1.95,1.33864,LP_A,1,
701434,C1046,STD,A,GBPUSD,SELL,0.66,2025-10-15 13:24:22.592,1.33841,2025-10-15 13:24:22.630,2025-10-15 13:24:22.632,2025-10-15 13:24:22.634,2025-10-15 13:24:22.640,2025-10-15 13:24:22.642,2025-10-15 13:24:22.682,FILLED,0.66,1.33841,LP_A,1,
701435,C1042,STD,A,XAUUSD,SELL,0.79,2025-10-15 13:24:26.289,4094.96,2025-10-15 13:24:26.345,2025-10-15 13:24:26.348,2025-10-15 13:24:26.350,2025-10-15 13:24:26.492,2025-10-15 13:24:26.494,2025-10-15 13:24:26.542,FILLED,0.79,4094.96,LP_C,1,
701436,C1011,STD,B,EURUSD,BUY,1.37,2025-10-15 13:24:30.777,1.16541,2025-10-15 13:24:30.839,,,,2025-10-15 13:24:30.842,2025-10-15 13:24:30.866,FILLED,1.37,1.16541,,0,
701437,C1052,RAW,A,EURUSD,SELL,4.6,2025-10-15 13:24:30.841,1.16531,2025-10-15 13:24:30.909,2025-10-15 13:24:30.910,2025-10-15 13:24:30.911,2025-10-15 13:24:30.917,2025-10-15 13:24:30.919,2025-10-15 13:24:30.986,FILLED,4.6,1.16531,LP_A,1,
701438,C1041,RAW,A,XAUUSD,SELL,2.5,2025-10-15 13:24:38.212,4095.2,2025-10-15 13:24:38.254,2025-10-15 13:24:38.256,2025-10-15 13:24:38.257,2025-10-15 13:24:38.374,2025-10-15 13:24:38.377,2025-10-15 13:24:38.416,FILLED,2.5,4095.14,LP_A,2,
701439,C1043,STD,A,XAUUSD,BUY,1.34,2025-10-15 13:24:45.326,4095.64,2025-10-15 13:24:45.378,2025-10-15 13:24:45.379,2025-10-15 13:24:45.381,2025-10-15 13:24:45.580,2025-10-15 13:24:45.583,2025-10-15 13:24:45.611,FILLED,1.34,4095.72,LP_B,2,
701440,C1018,RAW,B,GBPUSD,SELL,2.68,2025-10-15 13:24:49.663,1.33846,2025-10-15 13:24:49.720,,,,2025-10-15 13:24:49.723,2025-10-15 13:24:49.753,FILLED,2.68,1.33846,,0,
701441,C1007,RAW,B,EURUSD,BUY,3.8,2025-10-15 13:24:52.136,1.16536,2025-10-15 13:24:52.155,,,,2025-10-15 13:24:52.157,2025-10-15 13:24:52.203,FILLED,3.8,1.16536,,0,
701442,C1007,RAW,B,XAUUSD,SELL,8.9,2025-10-15 13:24:54.706,4095.34,2025-10-15 13:24:54.742,,,,2025-10-15 13:24:54.743,2025-10-15 13:24:54.791,FILLED,8.9,4095.34,,0,
701443,C1048,STD,B,EURUSD,BUY,0.27,2025-10-15 13:24:58.905,1.16544,2025-10-15 13:24:58.972,,,,2025-10-15 13:24:58.975,2025-10-15 13:24:59.020,FILLED,0.27,1.16544,,0,
701444,C1007,RAW,B,XAUUSD,BUY,2.3,2025-10-15 13:25:00.403,4095.27,2025-10-15 13:25:00.465,,,,2025-10-15 13:25:00.467,2025-10-15 13:25:00.487,FILLED,2.3,4095.27,,0,
701445,C1049,STD,A,GBPUSD,SELL,0.64,2025-10-15 13:25:06.733,1.33849,2025-10-15 13:25:06.755,2025-10-15 13:25:06.756,2025-10-15 13:25:06.757,2025-10-15 13:25:06.764,2025-10-15 13:25:06.766,2025-10-15 13:25:06.801,FILLED,0.64,1.33849,LP_A,1,
701446,C1006,STD,B,GBPUSD,BUY,0.6,2025-10-15 13:25:10.137,1.33872,2025-10-15 13:25:10.167,,,,2025-10-15 13:25:10.169,2025-10-15 13:25:10.226,FILLED,0.6,1.33873,,0,
701447,C1031,STD,A,EURUSD,SELL,1.44,2025-10-15 13:25:11.812,1.16527,2025-10-15 13:25:11.827,2025-10-15 13:25:11.829,2025-10-15 13:25:11.829,2025-10-15 13:25:11.987,2025-10-15 13:25:11.989,2025-10-15 13:25:12.031,FILLED,1.44,1.16525,LP_A,2,
701448,C1048,STD,B,XAUUSD,BUY,1.3,2025-10-15 13:25:12.161,4095.48,2025-10-15 13:25:12.203,,,,2025-10-15 13:25:12.206,2025-10-15 13:25:12.245,FILLED,1.3,4095.48,,0,
701449,C1019,STD,A,EURUSD,BUY,0.36,2025-10-15 13:25:13.018,1.16545,2025-10-15 13:25:13.050,2025-10-15 13:25:13.052,2025-10-15 13:25:13.052,2025-10-15 13:25:13.059,2025-10-15 13:25:13.060,2025-10-15 13:25:13.095,FILLED,0.36,1.16545,LP_A,1,
701450,C1038,RAW,B,XAUUSD,SELL,5.83,2025-10-15 13:25:24.166,4094.85,2025-10-15 13:25:24.217,,,,2025-10-15 13:25:24.221,2025-10-15 13:25:24.255,FILLED,5.83,4094.85,,0,
701451,C1052,RAW,A,GBPUSD,BUY,2.59,2025-10-15 13:25:38.112,1.33868,2025-10-15 13:25:38.169,2025-10-15 13:25:38.172,2025-10-15 13:25:38.173,2025-10-15 13:25:38.281,2025-10-15 13:25:38.283,2025-10-15 13:25:38.348,FILLED,2.59,1.33868,LP_C,1,
701452,C1012,RAW,A,GBPUSD,BUY,0.58,2025-10-15 13:25:41.464,1.33867,2025-10-15 13:25:41.491,2025-10-15 13:25:41.492,2025-10-15 13:25:41.493,2025-10-15 13:25:41.500,2025-10-15 13:25:41.502,2025-10-15 13:25:41.520,FILLED,0.58,1.33867,LP_A,1,
701453,C1056,RAW,A,XAUUSD,SELL,0.47,2025-10-15 13:25:41.761,4094.65,2025-10-15 13:25:41.791,2025-10-15 13:25:41.793,2025-10-15 13:25:41.793,2025-10-15 13:25:41.800,2025-10-15 13:25:41.801,2025-10-15 13:25:41.829,FILLED,0.47,4094.65,LP_A,1,
701454,C1004,STD,B,GBPUSD,SELL,1.55,2025-10-15 13:25:43.003,1.33853,2025-10-15 13:25:43.068,,,,2025-10-15 13:25:43.071,2025-10-15 13:25:43.122,FILLED,1.55,1.33853,,0,
701455,C1043,STD,A,XAUUSD,BUY,1.07,2025-10-15 13:25:44.490,4094.86,2025-10-15 13:25:44.552,2025-10-15 13:25:44.553,2025-10-15 13:25:44.555,2025-10-15 13:25:44.562,2025-10-15 13:25:44.565,2025-10-15 13:25:44.585,FILLED,1.07,4094.88,LP_A,1,
701456,C1057,STD,B,GBPUSD,BUY,0.27,2025-10-15 13:25:44.994,1.33874,2025-10-15 13:25:45.041,,,,2025-10-15 13:25:45.044,2025-10-15 13:25:45.102,FILLED,0.27,1.33874,,0,
701457,C1039,STD,B,XAUUSD,SELL,0.64,2025-10-15 13:25:48.441,4094.11,2025-10-15 13:25:48.498,,,,2025-10-15 13:25:48.501,2025-10-15 13:25:48.531,FILLED,0.64,4094.11,,0,
701458,C1049,STD,A,XAUUSD,SELL,2.86,2025-10-15 13:25:50.068,4093.98,2025-10-15 13:25:50.111,2025-10-15 13:25:50.114,2025-10-15 13:25:50.115,2025-10-15 13:25:50.247,2025-10-15 13:25:50.250,2025-10-15 13:25:50.288,FILLED,2.86,4093.95,"LP_C,LP_A",2,
701459,C1016,STD,A,GBPUSD,SELL,0.93,2025-10-15 13:26:07.057,1.33857,2025-10-15 13:26:07.088,2025-10-15 13:26:07.090,2025-10-15 13:26:07.092,2025-10-15 13:26:07.129,2025-10-15 13:26:07.131,2025-10-15 13:26:07.181,FILLED,0.93,1.33857,LP_B,1,
701460,C1038,RAW,B,GBPUSD,SELL,0.39,2025-10-15 13:26:07.296,1.33865,2025-10-15 13:26:07.350,,,,2025-10-15 13:26:07.353,2025-10-15 13:26:07.411,FILLED,0.39,1.33865,,0,
701461,C1016,STD,A,XAUUSD,BUY,0.69,2025-10-15 13:26:07.867,4094.25,2025-10-15 13:26:07.898,2025-10-15 13:26:07.900,2025-10-15 13:26:07.901,2025-10-15 13:26:07.947,2025-10-15 13:26:07.949,2025-10-15 13:26:07.981,FILLED,0.69,4094.36,LP_A,2,
701462,C1041,RAW,A,EURUSD,BUY,4.9,2025-10-15 13:26:23.200,1.16543,2025-10-15 13:26:23.238,2025-10-15 13:26:23.240,2025-10-15 13:26:23.241,2025-10-15 13:26:23.249,2025-10-15 13:26:23.252,2025-10-15 13:26:23.293,FILLED,4.9,1.16543,LP_A,1,
701463,C1004,STD,B,GBPUSD,SELL,2.97,2025-10-15 13:26:28.802,1.33858,2025-10-15 13:26:28.842,,,,2025-10-15 13:26:28.844,2025-10-15 13:26:28.913,FILLED,2.97,1.33858,,0,
701464,C1060,STD,B,EURUSD,BUY,0.51,2025-10-15 13:26:29.568,1.16551,2025-10-15 13:26:29.624,,,,2025-10-15 13:26:29.627,2025-10-15 13:26:29.671,FILLED,0.51,1.16551,,0,
701465,C1003,STD,A,EURUSD,BUY,0.51,2025-10-15 13:26:32.194,1.1655,2025-10-15 13:26:32.259,2025-10-15 13:26:32.260,2025-10-15 13:26:32.262,2025-10-15 13:26:32.388,2025-10-15 13:26:32.390,2025-10-15 13:26:32.420,FILLED,0.51,1.1655,LP_C,1,
701466,C1022,STD,B,EURUSD,BUY,0.99,2025-10-15 13:26:32.474,1.1655,2025-10-15 13:26:32.538,,,,2025-10-15 13:26:32.541,2025-10-15 13:26:32.594,FILLED,0.99,1.1655,,0,
701467,C1044,STD,A,XAUUSD,BUY,0.16,2025-10-15 13:26:37.264,4094.46,2025-10-15 13:26:37.334,2025-10-15 13:26:37.336,2025-10-15 13:26:37.336,2025-10-15 13:26:37.342,2025-10-15 13:26:37.344,2025-10-15 13:26:37.390,FILLED,0.16,4094.46,LP_A,1,
701468,C1023,RAW,B,XAUUSD,SELL,2.7,2025-10-15 13:26:42.340,4094.19,2025-10-15 13:26:42.377,,,,2025-10-15 13:26:42.381,2025-10-15 13:26:42.420,FILLED,2.7,4094.19,,0,
701469,C1036,STD,B,XAUUSD,BUY,1.91,2025-10-15 13:26:43.384,4094.55,2025-10-15 13:26:43.443,,,,2025-10-15 13:26:43.446,2025-10-15 13:26:43.484,FILLED,1.91,4094.55,,0,
701470,C1059,STD,B,GBPUSD,SELL,3.4,2025-10-15 13:26:45.217,1.33848,2025-10-15 13:26:45.285,,,,2025-10-15 13:26:45.286,2025-10-15 13:26:45.351,FILLED,3.4,1.33848,,0,
701471,C1029,STD,B,EURUSD,BUY,3.86,2025-10-15 13:26:53.291,1.16556,2025-10-15 13:26:53.341,,,,2025-10-15 13:26:53.344,2025-10-15 13:26:53.398,FILLED,3.86,1.16556,,0,
701472,C1060,STD,B,XAUUSD,SELL,3.22,2025-10-15 13:26:58.888,4094.3,2025-10-15 13:26:58.912,,,,2025-10-15 13:26:58.915,2025-10-15 13:26:58.964,FILLED,3.22,4094.3,,0,
701473,C1059,STD,B,XAUUSD,SELL,0.5,2025-10-15 13:26:59.790,4094.3,2025-10-15 13:26:59.836,,,,2025-10-15 13:26:59.840,2025-10-15 13:26:59.873,FILLED,0.5,4094.3,,0,
701474,C1040,STD,A,EURUSD,BUY,2.84,2025-10-15 13:27:00.176,1.16554,2025-10-15 13:27:00.235,2025-10-15 13:27:00.238,2025-10-15 13:27:00.239,2025-10-15 13:27:00.361,2025-10-15 13:27:00.362,2025-10-15 13:27:00.414,FILLED,2.84,1.16554,LP_C,1,
701475,C1001,RAW,A,EURUSD,SELL,0.84,2025-10-15 13:27:02.691,1.16545,2025-10-15 13:27:02.760,2025-10-15 13:27:02.763,2025-10-15 13:27:02.764,2025-10-15 13:27:02.769,2025-10-15 13:27:02.772,2025-10-15 13:27:02.831,FILLED,0.84,1.16545,LP_A,1,
701476,C1043,STD,A,EURUSD,SELL,2.3,2025-10-15 13:27:07.461,1.16537,2025-10-15 13:27:07.499,2025-10-15 13:27:07.502,2025-10-15 13:27:07.503,2025-10-15 13:27:07.632,2025-10-15 13:27:07.634,2025-10-15 13:27:07.690,FILLED,2.3,1.16537,LP_C,1,
701477,C1006,STD,B,XAUUSD,SELL,1.13,2025-10-15 13:27:13.986,4094.23,2025-10-15 13:27:14.030,,,,2025-10-15 13:27:14.031,2025-10-15 13:27:14.073,FILLED,1.13,4094.23,,0,
701478,C1051,STD,A,EURUSD,BUY,2.93,2025-10-15 13:27:17.327,1.16556,2025-10-15 13:27:17.395,2025-10-15 13:27:17.397,2025-10-15 13:27:17.398,2025-10-15 13:27:17.544,2025-10-15 13:27:17.545,2025-10-15 13:27:17.612,FILLED,2.93,1.16558,LP_A,2,
701479,C1045,RAW,B,EURUSD,SELL,0.65,2025-10-15 13:27:24.369,1.16547,2025-10-15 13:27:24.392,,,,2025-10-15 13:27:24.394,2025-10-15 13:27:24.458,FILLED,0.65,1.16547,,0,
701480,C1058,RAW,B,EURUSD,SELL,0.85,2025-10-15 13:27:26.590,1.16546,2025-10-15 13:27:26.638,,,,2025-10-15 13:27:26.639,2025-10-15 13:27:26.661,FILLED,0.85,1.16546,,0,
701481,C1023,RAW,B,EURUSD,SELL,7.3,2025-10-15 13:27:29.763,1.16547,2025-10-15 13:27:29.779,,,,2025-10-15 13:27:29.781,2025-10-15 13:27:29.813,FILLED,7.3,1.16547,,0,
701482,C1012,RAW,A,EURUSD,SELL,0.57,2025-10-15 13:27:35.420,1.16547,2025-10-15 13:27:35.455,2025-10-15 13:27:35.457,2025-10-15 13:27:35.459,2025-10-15 13:27:35.465,2025-10-15 13:27:35.466,2025-10-15 13:27:35.491,FILLED,0.57,1.16547,LP_A,1,
701483,C1058,RAW,B,XAUUSD,SELL,0.34,2025-10-15 13:27:36.604,4094.25,2025-10-15 13:27:36.651,,,,2025-10-15 13:27:36.653,2025-10-15 13:27:36.711,FILLED,0.34,4094.25,,0,
701484,C1038,RAW,B,XAUUSD,BUY,3.83,2025-10-15 13:27:41.025,4094.31,2025-10-15 13:27:41.051,,,,2025-10-15 13:27:41.053,2025-10-15 13:27:41.107,FILLED,3.83,4094.31,,0,
701485,C1029,STD,B,EURUSD,SELL,0.99,2025-10-15 13:27:41.583,1.16542,2025-10-15 13:27:41.651,,,,2025-10-15 13:27:41.655,2025-10-15 13:27:41.707,FILLED,0.99,1.16542,,0,
701486,C1055,STD,A,EURUSD,SELL,5.44,2025-10-15 13:27:42.942,1.16542,2025-10-15 13:27:42.978,2025-10-15 13:27:42.980,2025-10-15 13:27:42.981,2025-10-15 13:27:42.988,2025-10-15 13:27:42.989,2025-10-15 13:27:43.021,FILLED,5.44,1.16542,LP_A,1,
701487,C1023,RAW,B,XAUUSD,SELL,7.7,2025-10-15 13:27:48.831,4094.03,2025-10-15 13:27:48.878,,,,2025-10-15 13:27:48.879,2025-10-15 13:27:48.899,FILLED,7.7,4094.03,,0,
701488,C1017,STD,B,EURUSD,SELL,1.71,2025-10-15 13:27:54.159,1.1654,2025-10-15 13:27:54.183,,,,2025-10-15 13:27:54.185,2025-10-15 13:27:54.239,FILLED,1.71,1.16539,,0,
701489,C1036,STD,B,GBPUSD,SELL,0.46,2025-10-15 13:28:02.160,1.33841,2025-10-15 13:28:02.196,,,,2025-10-15 13:28:02.198,2025-10-15 13:28:02.244,FILLED,0.46,1.33841,,0,
701490,C1021,STD,B,GBPUSD,SELL,0.68,2025-10-15 13:28:02.785,1.33841,2025-10-15 13:28:02.823,,,,2025-10-15 13:28:02.826,2025-10-15 13:28:02.860,FILLED,0.68,1.33841,,0,
701491,C1044,STD,A,XAUUSD,SELL,8.65,2025-10-15 13:28:03.287,4093.74,2025-10-15 13:28:03.344,2025-10-15 13:28:03.347,2025-10-15 13:28:03.348,2025-10-15 13:28:03.527,2025-10-15 13:28:03.530,2025-10-15 13:28:03.576,FILLED,8.65,4093.74,"LP_C,LP_A,LP_B",3,
701492,C1007,RAW,B,EURUSD,BUY,3.5,2025-10-15 13:28:04.595,1.16549,2025-10-15 13:28:04.626,,,,2025-10-15 13:28:04.630,2025-10-15 13:28:04.684,FILLED,3.5,1.16549,,0,
701493,C1047,STD,A,XAUUSD,SELL,0.28,2025-10-15 13:28:18.352,4093.62,2025-10-15 13:28:18.369,2025-10-15 13:28:18.370,2025-10-15 13:28:18.371,2025-10-15 13:28:18.503,2025-10-15 13:28:18.504,2025-10-15 13:28:18.562,FILLED,0.28,4093.54,LP_A,2,
701494,C1041,RAW,A,EURUSD,SELL,5.5,2025-10-15 13:28:20.333,1.16544,2025-10-15 13:28:20.369,2025-10-15 13:28:20.372,2025-10-15 13:28:20.374,2025-10-15 13:28:20.519,2025-10-15 13:28:20.521,2025-10-15 13:28:20.548,FILLED,5.5,1.16542,LP_A,2,
701495,C1041,RAW,A,XAUUSD,BUY,6.3,2025-10-15 13:28:22.394,4093.95,2025-10-15 13:28:22.427,2025-10-15 13:28:22.429,2025-10-15 13:28:22.429,2025-10-15 13:28:22.607,2025-10-15 13:28:22.609,2025-10-15 13:28:22.639,FILLED,6.3,4093.94,"LP_C,LP_A,LP_B",3,
701496,C1013,STD,A,GBPUSD,SELL,7.12,2025-10-15 13:28:27.727,1.33839,2025-10-15 13:28:27.768,2025-10-15 13:28:27.771,2025-10-15 13:28:27.772,2025-10-15 13:28:27.779,2025-10-15 13:28:27.782,2025-10-15 13:28:27.849,FILLED,7.12,1.33838,LP_A,1,
701497,C1003,STD,A,XAUUSD,SELL,1.12,2025-10-15 13:28:32.355,4093.36,2025-10-15 13:28:32.386,2025-10-15 13:28:32.388,2025-10-15 13:28:32.389,2025-10-15 13:28:32.541,2025-10-15 13:28:32.543,2025-10-15 13:28:32.573,FILLED,1.12,4093.21,LP_B,2,
701498,C1038,RAW,B,XAUUSD,SELL,1.71,2025-10-15 13:28:33.894,4093.45,2025-10-15 13:28:33.915,,,,2025-10-15 13:28:33.917,2025-10-15 13:28:33.939,FILLED,1.71,4093.45,,0,
701499,C1058,RAW,B,XAUUSD,SELL,2.87,2025-10-15 13:28:39.319,4093.35,2025-10-15 13:28:39.339,,,,2025-10-15 13:28:39.340,2025-10-15 13:28:39.382,FILLED,2.87,4093.35,,0,
701500,C1060,STD,B,XAUUSD,SELL,5.52,2025-10-15 13:28:47.467,4093.06,2025-10-15 13:28:47.537,,,,2025-10-15 13:28:47.540,2025-10-15 13:28:47.559,FILLED,5.52,4093.06,,0,
701501,C1045,RAW,B,GBPUSD,BUY,2.42,2025-10-15 13:28:50.542,1.33851,2025-10-15 13:28:50.606,,,,2025-10-15 13:28:50.609,2025-10-15 13:28:50.669,FILLED,2.42,1.33851,,0,
701502,C1020,STD,B,GBPUSD,BUY,2.27,2025-10-15 13:28:54.732,1.33862,2025-10-15 13:28:54.773,,,,2025-10-15 13:28:54.777,2025-10-15 13:28:54.826,FILLED,2.27,1.33862,,0,
701503,C1053,STD,B,XAUUSD,SELL,2.18,2025-10-15 13:29:03.523,4093.11,2025-10-15 13:29:03.592,,,,2025-10-15 13:29:03.595,2025-10-15 13:29:03.639,FILLED,2.18,4093.11,,0,
701504,C1009,RAW,B,XAUUSD,SELL,0.48,2025-10-15 13:29:05.490,4093.31,2025-10-15 13:29:05.514,,,,2025-10-15 13:29:05.518,2025-10-15 13:29:05.574,FILLED,0.48,4093.31,,0,
701505,C1040,STD,A,EURUSD,SELL,0.12,2025-10-15 13:29:19.872,1.1653,2025-10-15 13:29:19.896,2025-10-15 13:29:19.899,2025-10-15 13:29:19.901,2025-10-15 13:29:20.055,2025-10-15 13:29:20.056,2025-10-15 13:29:20.074,FILLED,0.12,1.1653,LP_C,1,
701506,C1031,STD,A,EURUSD,SELL,0.96,2025-10-15 13:29:24.579,1.16529,2025-10-15 13:29:24.639,2025-10-15 13:29:24.640,2025-10-15 13:29:24.641,2025-10-15 13:29:24.648,2025-10-15 13:29:24.651,2025-10-15 13:29:24.666,FILLED,0.96,1.16529,LP_A,1,
701507,C1032,STD,B,GBPUSD,BUY,2.54,2025-10-15 13:29:27.496,1.33867,2025-10-15 13:29:27.511,,,,2025-10-15 13:29:27.512,2025-10-15 13:29:27.555,FILLED,2.54,1.33867,,0,
701508,C1024,STD,B,EURUSD,BUY,4.76,2025-10-15 13:29:27.705,1.16549,2025-10-15 13:29:27.775,,,,2025-10-15 13:29:27.779,2025-10-15 13:29:27.796,FILLED,4.76,1.16549,,0,
701509,C1041,RAW,A,EURUSD,SELL,9.0,2025-10-15 13:29:31.757,1.16537,2025-10-15 13:29:31.782,2025-10-15 13:29:31.783,2025-10-15 13:29:31.785,2025-10-15 13:29:31.798,2025-10-15 13:29:31.800,2025-10-15 13:29:31.836,FILLED,9.0,1.16537,LP_A,1,
701510,C1041,RAW,A,XAUUSD,BUY,6.3,2025-10-15 13:29:37.837,4093.51,2025-10-15 13:29:37.883,2025-10-15 13:29:37.885,2025-10-15 13:29:37.887,2025-10-15 13:29:38.066,2025-10-15 13:29:38.069,2025-10-15 13:29:38.122,FILLED,6.3,4093.51,"LP_B,LP_A",3,
701511,C1014,RAW,B,XAUUSD,BUY,0.93,2025-10-15 13:29:40.905,4093.49,2025-10-15 13:29:40.928,,,,2025-10-15 13:29:40.932,2025-10-15 13:29:40.963,FILLED,0.93,4093.49,,0,
701512,C1032,STD,B,EURUSD,SELL,4.52,2025-10-15 13:29:45.275,1.16527,2025-10-15 13:29:45.312,,,,2025-10-15 13:29:45.316,2025-10-15 13:29:45.376,FILLED,4.52,1.16527,,0,
701513,C1039,STD,B,GBPUSD,SELL,0.82,2025-10-15 13:29:48.075,1.33848,2025-10-15 13:29:48.145,,,,2025-10-15 13:29:48.146,2025-10-15 13:29:48.182,FILLED,0.82,1.33848,,0,
701514,C1059,STD,B,XAUUSD,SELL,0.39,2025-10-15 13:29:51.598,4092.91,2025-10-15 13:29:51.664,,,,2025-10-15 13:29:51.667,2025-10-15 13:29:51.716,FILLED,0.39,4092.91,,0,
701515,C1042,STD,A,EURUSD,SELL,0.86,2025-10-15 13:29:52.239,1.16527,2025-10-15 13:29:52.297,2025-10-15 13:29:52.300,2025-10-15 13:29:52.301,2025-10-15 13:29:52.307,2025-10-15 13:29:52.310,2025-10-15 13:29:52.378,FILLED,0.86,1.16527,LP_A,1,
